anomaly_id,date,entity,metric,method,expected_value,actual_value,anomaly_score,severity
inventory_change|IQR|Abu Dhabi Distribution Center|2015-01-18 00:00:00|16,2015-01-18,Abu Dhabi Distribution Center,inventory_change,IQR,-52.0,1749.0,22.98780487804878,High
inventory_change|IQR|Abu Dhabi Distribution Center|2015-05-03 00:00:00|121,2015-05-03,Abu Dhabi Distribution Center,inventory_change,IQR,-52.0,1705.0,22.374564459930312,High
inventory_change|IQR|Sharjah Distribution Center|2016-10-30 00:00:00|667,2016-10-30,Sharjah Distribution Center,inventory_change,IQR,-35.0,1064.0,22.27777777777778,High
inventory_change|IQR|Ajman Distribution Center|2016-11-02 00:00:00|670,2016-11-02,Ajman Distribution Center,inventory_change,IQR,-79.5,2199.0,21.7,High
inventory_change|IQR|Abu Dhabi Distribution Center|2015-02-13 00:00:00|42,2015-02-13,Abu Dhabi Distribution Center,inventory_change,IQR,-52.0,1656.0,21.691637630662022,High
inventory_change|IQR|Sharjah Distribution Center|2016-03-04 00:00:00|427,2016-03-04,Sharjah Distribution Center,inventory_change,IQR,-35.0,1036.0,21.655555555555555,High
inventory_change|IQR|Abu Dhabi Distribution Center|2015-05-30 00:00:00|148,2015-05-30,Abu Dhabi Distribution Center,inventory_change,IQR,-52.0,1647.0,21.566202090592334,High
inventory_change|IQR|Ajman Distribution Center|2016-01-29 00:00:00|392,2016-01-29,Ajman Distribution Center,inventory_change,IQR,-79.5,2180.0,21.5,High
inventory_change|IQR|Dubai Distribution Center|2017-01-15 00:00:00|744,2017-01-15,Dubai Distribution Center,inventory_change,IQR,-84.0,2202.0,18.99074074074074,High
inventory_change|IQR|Dubai Distribution Center|2017-09-09 00:00:00|981,2017-09-09,Dubai Distribution Center,inventory_change,IQR,-84.0,2148.0,18.49074074074074,High
inventory_change|IQR|Ajman Distribution Center|2017-10-03 00:00:00|1005,2017-10-03,Ajman Distribution Center,inventory_change,IQR,-79.5,-1948.0,17.95263157894737,High
inventory_change|IQR|Abu Dhabi Distribution Center|2017-09-23 00:00:00|995,2017-09-23,Abu Dhabi Distribution Center,inventory_change,IQR,-52.0,1368.0,17.677700348432055,High
inventory_change|IQR|Abu Dhabi Distribution Center|2015-12-04 00:00:00|336,2015-12-04,Abu Dhabi Distribution Center,inventory_change,IQR,-52.0,1355.0,17.49651567944251,High
inventory_change|IQR|Abu Dhabi Distribution Center|2016-12-22 00:00:00|720,2016-12-22,Abu Dhabi Distribution Center,inventory_change,IQR,-52.0,1334.0,17.20383275261324,High
inventory_change|IQR|Abu Dhabi Distribution Center|2017-06-02 00:00:00|882,2017-06-02,Abu Dhabi Distribution Center,inventory_change,IQR,-52.0,1328.0,17.12020905923345,High
inventory_change|IQR|Abu Dhabi Distribution Center|2017-01-19 00:00:00|748,2017-01-19,Abu Dhabi Distribution Center,inventory_change,IQR,-52.0,1317.0,16.966898954703833,High
inventory_change|IQR|Abu Dhabi Distribution Center|2015-07-22 00:00:00|201,2015-07-22,Abu Dhabi Distribution Center,inventory_change,IQR,-52.0,1316.0,16.95296167247387,High
inventory_change|IQR|Abu Dhabi Distribution Center|2016-08-08 00:00:00|584,2016-08-08,Abu Dhabi Distribution Center,inventory_change,IQR,-52.0,1316.0,16.95296167247387,High
inventory_change|IQR|Abu Dhabi Distribution Center|2015-10-12 00:00:00|283,2015-10-12,Abu Dhabi Distribution Center,inventory_change,IQR,-52.0,1315.0,16.9390243902439,High
inventory_change|IQR|Abu Dhabi Distribution Center|2017-08-25 00:00:00|966,2017-08-25,Abu Dhabi Distribution Center,inventory_change,IQR,-52.0,1314.0,16.925087108013937,High
inventory_change|IQR|Abu Dhabi Distribution Center|2015-03-12 00:00:00|69,2015-03-12,Abu Dhabi Distribution Center,inventory_change,IQR,-52.0,1308.0,16.841463414634145,High
inventory_change|IQR|Ajman Distribution Center|2016-02-25 00:00:00|419,2016-02-25,Ajman Distribution Center,inventory_change,IQR,-79.5,1733.0,16.794736842105262,High
inventory_change|IQR|Abu Dhabi Distribution Center|2016-05-16 00:00:00|500,2016-05-16,Abu Dhabi Distribution Center,inventory_change,IQR,-52.0,1299.0,16.71602787456446,High
inventory_change|IQR|Abu Dhabi Distribution Center|2016-10-29 00:00:00|666,2016-10-29,Abu Dhabi Distribution Center,inventory_change,IQR,-52.0,1297.0,16.68815331010453,High
inventory_change|IQR|Abu Dhabi Distribution Center|2017-04-10 00:00:00|829,2017-04-10,Abu Dhabi Distribution Center,inventory_change,IQR,-52.0,1292.0,16.618466898954704,High
inventory_change|IQR|Abu Dhabi Distribution Center|2015-08-18 00:00:00|228,2015-08-18,Abu Dhabi Distribution Center,inventory_change,IQR,-52.0,1291.0,16.60452961672474,High
inventory_change|IQR|Ajman Distribution Center|2017-09-29 00:00:00|1001,2017-09-29,Ajman Distribution Center,inventory_change,IQR,-79.5,1714.0,16.594736842105263,High
inventory_change|IQR|Abu Dhabi Distribution Center|2016-04-18 00:00:00|472,2016-04-18,Abu Dhabi Distribution Center,inventory_change,IQR,-52.0,1287.0,16.548780487804876,High
inventory_change|IQR|Ajman Distribution Center|2015-12-08 00:00:00|340,2015-12-08,Ajman Distribution Center,inventory_change,IQR,-79.5,1709.0,16.542105263157893,High
inventory_change|IQR|Abu Dhabi Distribution Center|2016-01-01 00:00:00|364,2016-01-01,Abu Dhabi Distribution Center,inventory_change,IQR,-52.0,1284.0,16.506968641114984,High
inventory_change|IQR|Abu Dhabi Distribution Center|2016-09-07 00:00:00|614,2016-09-07,Abu Dhabi Distribution Center,inventory_change,IQR,-52.0,1283.0,16.493031358885016,High
inventory_change|IQR|Ajman Distribution Center|2015-04-27 00:00:00|115,2015-04-27,Ajman Distribution Center,inventory_change,IQR,-79.5,1704.0,16.489473684210527,High
inventory_change|IQR|Abu Dhabi Distribution Center|2015-04-06 00:00:00|94,2015-04-06,Abu Dhabi Distribution Center,inventory_change,IQR,-52.0,1281.0,16.465156794425088,High
inventory_change|IQR|Abu Dhabi Distribution Center|2016-01-28 00:00:00|391,2016-01-28,Abu Dhabi Distribution Center,inventory_change,IQR,-52.0,1273.0,16.353658536585368,High
inventory_change|IQR|Abu Dhabi Distribution Center|2016-07-12 00:00:00|557,2016-07-12,Abu Dhabi Distribution Center,inventory_change,IQR,-52.0,1272.0,16.3397212543554,High
inventory_change|IQR|Abu Dhabi Distribution Center|2015-06-26 00:00:00|175,2015-06-26,Abu Dhabi Distribution Center,inventory_change,IQR,-52.0,1270.0,16.31184668989547,High
inventory_change|IQR|Ajman Distribution Center|2017-07-12 00:00:00|922,2017-07-12,Ajman Distribution Center,inventory_change,IQR,-79.5,1687.0,16.310526315789474,High
inventory_change|IQR|Abu Dhabi Distribution Center|2017-03-14 00:00:00|802,2017-03-14,Abu Dhabi Distribution Center,inventory_change,IQR,-52.0,1269.0,16.297909407665504,High
inventory_change|IQR|Ajman Distribution Center|2017-04-26 00:00:00|845,2017-04-26,Ajman Distribution Center,inventory_change,IQR,-79.5,1679.0,16.226315789473684,High
inventory_change|IQR|Abu Dhabi Distribution Center|2017-02-15 00:00:00|775,2017-02-15,Abu Dhabi Distribution Center,inventory_change,IQR,-52.0,1261.0,16.186411149825783,High
inventory_change|IQR|Abu Dhabi Distribution Center|2016-06-13 00:00:00|528,2016-06-13,Abu Dhabi Distribution Center,inventory_change,IQR,-52.0,1258.0,16.144599303135887,High
inventory_change|IQR|Ajman Distribution Center|2017-06-16 00:00:00|896,2017-06-16,Ajman Distribution Center,inventory_change,IQR,-79.5,1670.0,16.13157894736842,High
inventory_change|IQR|Abu Dhabi Distribution Center|2017-05-06 00:00:00|855,2017-05-06,Abu Dhabi Distribution Center,inventory_change,IQR,-52.0,1255.0,16.10278745644599,High
inventory_change|IQR|Ajman Distribution Center|2016-10-07 00:00:00|644,2016-10-07,Ajman Distribution Center,inventory_change,IQR,-79.5,1665.0,16.07894736842105,High
inventory_change|IQR|Ajman Distribution Center|2017-09-02 00:00:00|974,2017-09-02,Ajman Distribution Center,inventory_change,IQR,-79.5,1665.0,16.07894736842105,High
inventory_change|IQR|Abu Dhabi Distribution Center|2017-07-28 00:00:00|938,2017-07-28,Abu Dhabi Distribution Center,inventory_change,IQR,-52.0,1250.0,16.033101045296167,High
inventory_change|IQR|Ajman Distribution Center|2015-03-06 00:00:00|63,2015-03-06,Ajman Distribution Center,inventory_change,IQR,-79.5,1660.0,16.026315789473685,High
inventory_change|IQR|Abu Dhabi Distribution Center|2016-03-20 00:00:00|443,2016-03-20,Abu Dhabi Distribution Center,inventory_change,IQR,-52.0,1248.0,16.005226480836235,High
inventory_change|IQR|Ajman Distribution Center|2015-11-12 00:00:00|314,2015-11-12,Ajman Distribution Center,inventory_change,IQR,-79.5,1656.0,15.98421052631579,High
inventory_change|IQR|Ajman Distribution Center|2017-02-10 00:00:00|770,2017-02-10,Ajman Distribution Center,inventory_change,IQR,-79.5,1656.0,15.98421052631579,High
inventory_change|IQR|Abu Dhabi Distribution Center|2015-11-08 00:00:00|310,2015-11-08,Abu Dhabi Distribution Center,inventory_change,IQR,-52.0,1241.0,15.90766550522648,High
inventory_change|IQR|Ajman Distribution Center|2016-06-03 00:00:00|518,2016-06-03,Ajman Distribution Center,inventory_change,IQR,-79.5,1646.0,15.878947368421052,High
inventory_change|IQR|Abu Dhabi Distribution Center|2016-02-22 00:00:00|416,2016-02-22,Abu Dhabi Distribution Center,inventory_change,IQR,-52.0,1238.0,15.865853658536585,High
inventory_change|IQR|Ajman Distribution Center|2017-08-07 00:00:00|948,2017-08-07,Ajman Distribution Center,inventory_change,IQR,-79.5,1644.0,15.857894736842105,High
inventory_change|IQR|Ajman Distribution Center|2016-08-18 00:00:00|594,2016-08-18,Ajman Distribution Center,inventory_change,IQR,-79.5,1642.0,15.836842105263157,High
inventory_change|IQR|Ajman Distribution Center|2015-05-23 00:00:00|141,2015-05-23,Ajman Distribution Center,inventory_change,IQR,-79.5,1642.0,15.836842105263157,High
inventory_change|IQR|Ajman Distribution Center|2015-07-12 00:00:00|191,2015-07-12,Ajman Distribution Center,inventory_change,IQR,-79.5,1641.0,15.826315789473684,High
inventory_change|IQR|Abu Dhabi Distribution Center|2017-07-02 00:00:00|912,2017-07-02,Abu Dhabi Distribution Center,inventory_change,IQR,-52.0,1232.0,15.782229965156795,High
inventory_change|IQR|Ajman Distribution Center|2015-06-18 00:00:00|167,2015-06-18,Ajman Distribution Center,inventory_change,IQR,-79.5,1636.0,15.773684210526316,High
inventory_change|IQR|Ajman Distribution Center|2016-07-23 00:00:00|568,2016-07-23,Ajman Distribution Center,inventory_change,IQR,-79.5,1636.0,15.773684210526316,High
inventory_change|IQR|Abu Dhabi Distribution Center|2016-11-25 00:00:00|693,2016-11-25,Abu Dhabi Distribution Center,inventory_change,IQR,-52.0,1229.0,15.740418118466899,High
inventory_change|IQR|Ajman Distribution Center|2016-05-09 00:00:00|493,2016-05-09,Ajman Distribution Center,inventory_change,IQR,-79.5,1632.0,15.73157894736842,High
inventory_change|IQR|Ajman Distribution Center|2015-04-01 00:00:00|89,2015-04-01,Ajman Distribution Center,inventory_change,IQR,-79.5,1629.0,15.7,High
inventory_change|IQR|Ajman Distribution Center|2016-04-14 00:00:00|468,2016-04-14,Ajman Distribution Center,inventory_change,IQR,-79.5,1628.0,15.689473684210526,High
inventory_change|IQR|Ajman Distribution Center|2016-12-21 00:00:00|719,2016-12-21,Ajman Distribution Center,inventory_change,IQR,-79.5,1628.0,15.689473684210526,High
inventory_change|IQR|Ajman Distribution Center|2016-06-28 00:00:00|543,2016-06-28,Ajman Distribution Center,inventory_change,IQR,-79.5,1627.0,15.678947368421053,High
inventory_change|IQR|Ajman Distribution Center|2017-03-07 00:00:00|795,2017-03-07,Ajman Distribution Center,inventory_change,IQR,-79.5,1623.0,15.636842105263158,High
inventory_change|IQR|Abu Dhabi Distribution Center|2015-09-16 00:00:00|257,2015-09-16,Abu Dhabi Distribution Center,inventory_change,IQR,-52.0,1221.0,15.628919860627178,High
inventory_change|IQR|Ajman Distribution Center|2016-01-03 00:00:00|366,2016-01-03,Ajman Distribution Center,inventory_change,IQR,-79.5,1620.0,15.605263157894736,High
inventory_change|IQR|Ajman Distribution Center|2017-01-16 00:00:00|745,2017-01-16,Ajman Distribution Center,inventory_change,IQR,-79.5,1618.0,15.58421052631579,High
inventory_change|IQR|Abu Dhabi Distribution Center|2016-10-04 00:00:00|641,2016-10-04,Abu Dhabi Distribution Center,inventory_change,IQR,-52.0,1217.0,15.573170731707316,High
inventory_change|IQR|Ajman Distribution Center|2016-09-12 00:00:00|619,2016-09-12,Ajman Distribution Center,inventory_change,IQR,-79.5,1615.0,15.552631578947368,High
inventory_change|IQR|Ajman Distribution Center|2015-08-30 00:00:00|240,2015-08-30,Ajman Distribution Center,inventory_change,IQR,-79.5,1608.0,15.478947368421053,High
inventory_change|IQR|Ajman Distribution Center|2015-10-17 00:00:00|288,2015-10-17,Ajman Distribution Center,inventory_change,IQR,-79.5,1608.0,15.478947368421053,High
inventory_change|IQR|Ajman Distribution Center|2015-02-09 00:00:00|38,2015-02-09,Ajman Distribution Center,inventory_change,IQR,-79.5,1605.0,15.447368421052632,High
inventory_change|IQR|Ajman Distribution Center|2015-08-06 00:00:00|216,2015-08-06,Ajman Distribution Center,inventory_change,IQR,-79.5,1603.0,15.426315789473684,High
inventory_change|IQR|Sharjah Distribution Center|2015-03-17 00:00:00|74,2015-03-17,Sharjah Distribution Center,inventory_change,IQR,-35.0,754.0,15.38888888888889,High
inventory_change|IQR|Ajman Distribution Center|2016-11-28 00:00:00|696,2016-11-28,Ajman Distribution Center,inventory_change,IQR,-79.5,1599.0,15.384210526315789,High
inventory_change|IQR|Ajman Distribution Center|2015-01-16 00:00:00|14,2015-01-16,Ajman Distribution Center,inventory_change,IQR,-79.5,1595.0,15.342105263157896,High
inventory_change|IQR|Ajman Distribution Center|2017-03-31 00:00:00|819,2017-03-31,Ajman Distribution Center,inventory_change,IQR,-79.5,1585.0,15.236842105263158,High
inventory_change|IQR|Ajman Distribution Center|2016-03-21 00:00:00|444,2016-03-21,Ajman Distribution Center,inventory_change,IQR,-79.5,1580.0,15.18421052631579,High
inventory_change|IQR|Ajman Distribution Center|2015-09-23 00:00:00|264,2015-09-23,Ajman Distribution Center,inventory_change,IQR,-79.5,1578.0,15.163157894736843,High
inventory_change|IQR|Ajman Distribution Center|2017-05-22 00:00:00|871,2017-05-22,Ajman Distribution Center,inventory_change,IQR,-79.5,1566.0,15.036842105263158,High
inventory_change|IQR|Dubai Distribution Center|2016-04-09 00:00:00|463,2016-04-09,Dubai Distribution Center,inventory_change,IQR,-84.0,1773.0,15.018518518518519,High
inventory_change|IQR|Sharjah Distribution Center|2016-03-30 00:00:00|453,2016-03-30,Sharjah Distribution Center,inventory_change,IQR,-35.0,736.0,14.988888888888889,High
inventory_change|IQR|Sharjah Distribution Center|2017-04-17 00:00:00|836,2017-04-17,Sharjah Distribution Center,inventory_change,IQR,-35.0,735.0,14.966666666666667,High
inventory_change|IQR|Sharjah Distribution Center|2016-11-25 00:00:00|693,2016-11-25,Sharjah Distribution Center,inventory_change,IQR,-35.0,734.0,14.944444444444445,High
inventory_change|IQR|Abu Dhabi Distribution Center|2017-10-03 00:00:00|1005,2017-10-03,Abu Dhabi Distribution Center,inventory_change,IQR,-52.0,-1258.0,14.921602787456447,High
inventory_change|IQR|Dubai Distribution Center|2015-01-19 00:00:00|17,2015-01-19,Dubai Distribution Center,inventory_change,IQR,-84.0,1762.0,14.916666666666666,High
inventory_change|IQR|Sharjah Distribution Center|2015-08-29 00:00:00|239,2015-08-29,Sharjah Distribution Center,inventory_change,IQR,-35.0,731.0,14.877777777777778,High
inventory_change|IQR|Sharjah Distribution Center|2015-02-24 00:00:00|53,2015-02-24,Sharjah Distribution Center,inventory_change,IQR,-35.0,727.0,14.78888888888889,High
inventory_change|IQR|Sharjah Distribution Center|2017-05-31 00:00:00|880,2017-05-31,Sharjah Distribution Center,inventory_change,IQR,-35.0,725.0,14.744444444444444,High
inventory_change|IQR|Sharjah Distribution Center|2017-02-02 00:00:00|762,2017-02-02,Sharjah Distribution Center,inventory_change,IQR,-35.0,723.0,14.7,High
inventory_change|IQR|Sharjah Distribution Center|2015-09-22 00:00:00|263,2015-09-22,Sharjah Distribution Center,inventory_change,IQR,-35.0,722.0,14.677777777777777,High
inventory_change|IQR|Sharjah Distribution Center|2016-08-20 00:00:00|596,2016-08-20,Sharjah Distribution Center,inventory_change,IQR,-35.0,719.0,14.61111111111111,High
inventory_change|IQR|Sharjah Distribution Center|2015-12-23 00:00:00|355,2015-12-23,Sharjah Distribution Center,inventory_change,IQR,-35.0,715.0,14.522222222222222,High
inventory_change|IQR|Sharjah Distribution Center|2017-08-08 00:00:00|949,2017-08-08,Sharjah Distribution Center,inventory_change,IQR,-35.0,715.0,14.522222222222222,High
inventory_change|IQR|Ras Al Khaimah Distribution Center|2015-12-07 00:00:00|337,2015-12-07,Ras Al Khaimah Distribution Center,inventory_change,IQR,0.0,32.0,14.5,High
inventory_change|IQR|Sharjah Distribution Center|2015-05-26 00:00:00|144,2015-05-26,Sharjah Distribution Center,inventory_change,IQR,-35.0,709.0,14.38888888888889,High
inventory_change|IQR|Sharjah Distribution Center|2015-11-08 00:00:00|310,2015-11-08,Sharjah Distribution Center,inventory_change,IQR,-35.0,709.0,14.38888888888889,High
inventory_change|IQR|Sharjah Distribution Center|2016-04-20 00:00:00|474,2016-04-20,Sharjah Distribution Center,inventory_change,IQR,-35.0,709.0,14.38888888888889,High
inventory_change|IQR|Sharjah Distribution Center|2015-04-09 00:00:00|97,2015-04-09,Sharjah Distribution Center,inventory_change,IQR,-35.0,705.0,14.3,High
inventory_change|IQR|Sharjah Distribution Center|2017-06-25 00:00:00|905,2017-06-25,Sharjah Distribution Center,inventory_change,IQR,-35.0,703.0,14.255555555555556,High
inventory_change|IQR|Sharjah Distribution Center|2016-06-08 00:00:00|523,2016-06-08,Sharjah Distribution Center,inventory_change,IQR,-35.0,700.0,14.188888888888888,High
inventory_change|IQR|Sharjah Distribution Center|2017-09-25 00:00:00|997,2017-09-25,Sharjah Distribution Center,inventory_change,IQR,-35.0,699.0,14.166666666666666,High
inventory_change|IQR|Sharjah Distribution Center|2017-05-08 00:00:00|857,2017-05-08,Sharjah Distribution Center,inventory_change,IQR,-35.0,699.0,14.166666666666666,High
inventory_change|IQR|Sharjah Distribution Center|2015-07-12 00:00:00|191,2015-07-12,Sharjah Distribution Center,inventory_change,IQR,-35.0,699.0,14.166666666666666,High
inventory_change|IQR|Sharjah Distribution Center|2015-01-09 00:00:00|7,2015-01-09,Sharjah Distribution Center,inventory_change,IQR,-35.0,697.0,14.122222222222222,High
inventory_change|IQR|Sharjah Distribution Center|2017-03-01 00:00:00|789,2017-03-01,Sharjah Distribution Center,inventory_change,IQR,-35.0,696.0,14.1,High
inventory_change|IQR|Sharjah Distribution Center|2015-02-01 00:00:00|30,2015-02-01,Sharjah Distribution Center,inventory_change,IQR,-35.0,696.0,14.1,High
inventory_change|IQR|Sharjah Distribution Center|2017-07-18 00:00:00|928,2017-07-18,Sharjah Distribution Center,inventory_change,IQR,-35.0,696.0,14.1,High
inventory_change|IQR|Sharjah Distribution Center|2016-07-28 00:00:00|573,2016-07-28,Sharjah Distribution Center,inventory_change,IQR,-35.0,696.0,14.1,High
inventory_change|IQR|Sharjah Distribution Center|2017-03-24 00:00:00|812,2017-03-24,Sharjah Distribution Center,inventory_change,IQR,-35.0,694.0,14.055555555555555,High
inventory_change|IQR|Sharjah Distribution Center|2016-10-07 00:00:00|644,2016-10-07,Sharjah Distribution Center,inventory_change,IQR,-35.0,693.0,14.033333333333333,High
inventory_change|IQR|Sharjah Distribution Center|2015-05-03 00:00:00|121,2015-05-03,Sharjah Distribution Center,inventory_change,IQR,-35.0,690.0,13.966666666666667,High
inventory_change|IQR|Sharjah Distribution Center|2016-02-08 00:00:00|402,2016-02-08,Sharjah Distribution Center,inventory_change,IQR,-35.0,687.0,13.9,High
inventory_change|IQR|Sharjah Distribution Center|2015-06-19 00:00:00|168,2015-06-19,Sharjah Distribution Center,inventory_change,IQR,-35.0,686.0,13.877777777777778,High
inventory_change|IQR|Sharjah Distribution Center|2015-11-30 00:00:00|332,2015-11-30,Sharjah Distribution Center,inventory_change,IQR,-35.0,686.0,13.877777777777778,High
inventory_change|IQR|Sharjah Distribution Center|2015-10-15 00:00:00|286,2015-10-15,Sharjah Distribution Center,inventory_change,IQR,-35.0,685.0,13.855555555555556,High
inventory_change|IQR|Sharjah Distribution Center|2016-09-13 00:00:00|620,2016-09-13,Sharjah Distribution Center,inventory_change,IQR,-35.0,684.0,13.833333333333334,High
inventory_change|IQR|Sharjah Distribution Center|2015-08-05 00:00:00|215,2015-08-05,Sharjah Distribution Center,inventory_change,IQR,-35.0,682.0,13.78888888888889,High
inventory_change|IQR|Sharjah Distribution Center|2017-09-03 00:00:00|975,2017-09-03,Sharjah Distribution Center,inventory_change,IQR,-35.0,682.0,13.78888888888889,High
inventory_change|IQR|Sharjah Distribution Center|2016-12-18 00:00:00|716,2016-12-18,Sharjah Distribution Center,inventory_change,IQR,-35.0,681.0,13.766666666666667,High
inventory_change|IQR|Sharjah Distribution Center|2016-01-14 00:00:00|377,2016-01-14,Sharjah Distribution Center,inventory_change,IQR,-35.0,678.0,13.7,High
inventory_change|IQR|Sharjah Distribution Center|2016-05-15 00:00:00|499,2016-05-15,Sharjah Distribution Center,inventory_change,IQR,-35.0,677.0,13.677777777777777,High
inventory_change|IQR|Sharjah Distribution Center|2017-01-12 00:00:00|741,2017-01-12,Sharjah Distribution Center,inventory_change,IQR,-35.0,665.0,13.411111111111111,High
inventory_change|IQR|Sharjah Distribution Center|2016-07-03 00:00:00|548,2016-07-03,Sharjah Distribution Center,inventory_change,IQR,-35.0,663.0,13.366666666666667,High
inventory_change|IQR|Ras Al Khaimah Distribution Center|2016-07-08 00:00:00|551,2016-07-08,Ras Al Khaimah Distribution Center,inventory_change,IQR,0.0,29.0,13.0,High
inventory_change|IQR|Ras Al Khaimah Distribution Center|2015-03-09 00:00:00|64,2015-03-09,Ras Al Khaimah Distribution Center,inventory_change,IQR,0.0,29.0,13.0,High
inventory_change|IQR|Ras Al Khaimah Distribution Center|2015-04-06 00:00:00|92,2015-04-06,Ras Al Khaimah Distribution Center,inventory_change,IQR,0.0,29.0,13.0,High
inventory_change|IQR|Sharjah Distribution Center|2017-10-03 00:00:00|1005,2017-10-03,Sharjah Distribution Center,inventory_change,IQR,-35.0,-689.0,12.677777777777777,High
inventory_change|IQR|Ras Al Khaimah Distribution Center|2016-04-30 00:00:00|482,2016-04-30,Ras Al Khaimah Distribution Center,inventory_change,IQR,0.0,28.0,12.5,High
inventory_change|IQR|Ras Al Khaimah Distribution Center|2015-05-19 00:00:00|135,2015-05-19,Ras Al Khaimah Distribution Center,inventory_change,IQR,0.0,28.0,12.5,High
inventory_change|IQR|Ras Al Khaimah Distribution Center|2017-01-02 00:00:00|729,2017-01-02,Ras Al Khaimah Distribution Center,inventory_change,IQR,0.0,28.0,12.5,High
inventory_change|IQR|Ras Al Khaimah Distribution Center|2016-12-14 00:00:00|710,2016-12-14,Ras Al Khaimah Distribution Center,inventory_change,IQR,0.0,27.0,12.0,High
inventory_change|IQR|Dubai Distribution Center|2017-02-09 00:00:00|769,2017-02-09,Dubai Distribution Center,inventory_change,IQR,-84.0,1421.0,11.75925925925926,High
inventory_change|IQR|Dubai Distribution Center|2017-08-13 00:00:00|954,2017-08-13,Dubai Distribution Center,inventory_change,IQR,-84.0,1415.0,11.703703703703704,High
inventory_change|IQR|Dubai Distribution Center|2015-10-31 00:00:00|302,2015-10-31,Dubai Distribution Center,inventory_change,IQR,-84.0,1410.0,11.657407407407407,High
inventory_change|IQR|Dubai Distribution Center|2016-08-13 00:00:00|589,2016-08-13,Dubai Distribution Center,inventory_change,IQR,-84.0,1406.0,11.62037037037037,High
inventory_change|IQR|Dubai Distribution Center|2016-11-25 00:00:00|693,2016-11-25,Dubai Distribution Center,inventory_change,IQR,-84.0,1401.0,11.574074074074074,High
inventory_change|IQR|Dubai Distribution Center|2017-04-01 00:00:00|820,2017-04-01,Dubai Distribution Center,inventory_change,IQR,-84.0,1395.0,11.518518518518519,High
inventory_change|IQR|Dubai Distribution Center|2016-02-15 00:00:00|409,2016-02-15,Dubai Distribution Center,inventory_change,IQR,-84.0,1394.0,11.50925925925926,High
inventory_change|IQR|Ras Al Khaimah Distribution Center|2015-01-14 00:00:00|10,2015-01-14,Ras Al Khaimah Distribution Center,inventory_change,IQR,0.0,26.0,11.5,High
inventory_change|IQR|Ras Al Khaimah Distribution Center|2016-06-09 00:00:00|522,2016-06-09,Ras Al Khaimah Distribution Center,inventory_change,IQR,0.0,26.0,11.5,High
inventory_change|IQR|Ras Al Khaimah Distribution Center|2016-03-23 00:00:00|444,2016-03-23,Ras Al Khaimah Distribution Center,inventory_change,IQR,0.0,26.0,11.5,High
inventory_change|IQR|Ras Al Khaimah Distribution Center|2016-02-20 00:00:00|412,2016-02-20,Ras Al Khaimah Distribution Center,inventory_change,IQR,0.0,26.0,11.5,High
inventory_change|IQR|Ras Al Khaimah Distribution Center|2015-09-13 00:00:00|252,2015-09-13,Ras Al Khaimah Distribution Center,inventory_change,IQR,0.0,26.0,11.5,High
inventory_change|IQR|Ras Al Khaimah Distribution Center|2015-02-11 00:00:00|38,2015-02-11,Ras Al Khaimah Distribution Center,inventory_change,IQR,0.0,26.0,11.5,High
inventory_change|IQR|Ras Al Khaimah Distribution Center|2015-10-31 00:00:00|300,2015-10-31,Ras Al Khaimah Distribution Center,inventory_change,IQR,0.0,26.0,11.5,High
inventory_change|IQR|Ras Al Khaimah Distribution Center|2016-09-12 00:00:00|617,2016-09-12,Ras Al Khaimah Distribution Center,inventory_change,IQR,0.0,26.0,11.5,High
inventory_change|IQR|Ras Al Khaimah Distribution Center|2017-03-22 00:00:00|808,2017-03-22,Ras Al Khaimah Distribution Center,inventory_change,IQR,0.0,26.0,11.5,High
inventory_change|IQR|Dubai Distribution Center|2016-10-03 00:00:00|640,2016-10-03,Dubai Distribution Center,inventory_change,IQR,-84.0,1377.0,11.351851851851851,High
inventory_change|IQR|Dubai Distribution Center|2016-10-29 00:00:00|666,2016-10-29,Dubai Distribution Center,inventory_change,IQR,-84.0,1372.0,11.305555555555555,High
inventory_change|IQR|Dubai Distribution Center|2015-07-21 00:00:00|200,2015-07-21,Dubai Distribution Center,inventory_change,IQR,-84.0,1372.0,11.305555555555555,High
inventory_change|IQR|Dubai Distribution Center|2015-03-11 00:00:00|68,2015-03-11,Dubai Distribution Center,inventory_change,IQR,-84.0,1372.0,11.305555555555555,High
inventory_change|IQR|Dubai Distribution Center|2017-05-26 00:00:00|875,2017-05-26,Dubai Distribution Center,inventory_change,IQR,-84.0,1371.0,11.296296296296296,High
inventory_change|IQR|Dubai Distribution Center|2016-03-13 00:00:00|436,2016-03-13,Dubai Distribution Center,inventory_change,IQR,-84.0,1364.0,11.231481481481481,High
inventory_change|IQR|Dubai Distribution Center|2017-07-17 00:00:00|927,2017-07-17,Dubai Distribution Center,inventory_change,IQR,-84.0,1363.0,11.222222222222221,High
inventory_change|IQR|Dubai Distribution Center|2015-06-24 00:00:00|173,2015-06-24,Dubai Distribution Center,inventory_change,IQR,-84.0,1362.0,11.212962962962964,High
inventory_change|IQR|Dubai Distribution Center|2016-12-20 00:00:00|718,2016-12-20,Dubai Distribution Center,inventory_change,IQR,-84.0,1357.0,11.166666666666666,High
inventory_change|IQR|Dubai Distribution Center|2017-03-06 00:00:00|794,2017-03-06,Dubai Distribution Center,inventory_change,IQR,-84.0,1357.0,11.166666666666666,High
inventory_change|IQR|Dubai Distribution Center|2015-10-06 00:00:00|277,2015-10-06,Dubai Distribution Center,inventory_change,IQR,-84.0,1355.0,11.148148148148149,High
inventory_change|IQR|Dubai Distribution Center|2015-04-07 00:00:00|95,2015-04-07,Dubai Distribution Center,inventory_change,IQR,-84.0,1355.0,11.148148148148149,High
inventory_change|IQR|Dubai Distribution Center|2016-05-30 00:00:00|514,2016-05-30,Dubai Distribution Center,inventory_change,IQR,-84.0,1350.0,11.101851851851851,High
inventory_change|IQR|Dubai Distribution Center|2016-05-05 00:00:00|489,2016-05-05,Dubai Distribution Center,inventory_change,IQR,-84.0,1349.0,11.092592592592593,High
inventory_change|IQR|Dubai Distribution Center|2016-01-20 00:00:00|383,2016-01-20,Dubai Distribution Center,inventory_change,IQR,-84.0,1347.0,11.074074074074074,High
inventory_change|IQR|Dubai Distribution Center|2017-04-29 00:00:00|848,2017-04-29,Dubai Distribution Center,inventory_change,IQR,-84.0,1346.0,11.064814814814815,High
inventory_change|IQR|Dubai Distribution Center|2015-12-26 00:00:00|358,2015-12-26,Dubai Distribution Center,inventory_change,IQR,-84.0,1345.0,11.055555555555555,High
inventory_change|IQR|Dubai Distribution Center|2016-09-08 00:00:00|615,2016-09-08,Dubai Distribution Center,inventory_change,IQR,-84.0,1343.0,11.037037037037036,High
inventory_change|IQR|Dubai Distribution Center|2015-11-28 00:00:00|330,2015-11-28,Dubai Distribution Center,inventory_change,IQR,-84.0,1342.0,11.027777777777779,High
inventory_change|IQR|Dubai Distribution Center|2015-02-15 00:00:00|44,2015-02-15,Dubai Distribution Center,inventory_change,IQR,-84.0,1342.0,11.027777777777779,High
inventory_change|IQR|Ras Al Khaimah Distribution Center|2015-04-30 00:00:00|116,2015-04-30,Ras Al Khaimah Distribution Center,inventory_change,IQR,0.0,25.0,11.0,High
inventory_change|IQR|Ras Al Khaimah Distribution Center|2015-06-15 00:00:00|162,2015-06-15,Ras Al Khaimah Distribution Center,inventory_change,IQR,0.0,25.0,11.0,High
inventory_change|IQR|Ras Al Khaimah Distribution Center|2015-07-24 00:00:00|201,2015-07-24,Ras Al Khaimah Distribution Center,inventory_change,IQR,0.0,25.0,11.0,High
inventory_change|IQR|Ras Al Khaimah Distribution Center|2015-08-12 00:00:00|220,2015-08-12,Ras Al Khaimah Distribution Center,inventory_change,IQR,0.0,25.0,11.0,High
inventory_change|IQR|Ras Al Khaimah Distribution Center|2016-05-25 00:00:00|507,2016-05-25,Ras Al Khaimah Distribution Center,inventory_change,IQR,0.0,25.0,11.0,High
inventory_change|IQR|Dubai Distribution Center|2015-05-02 00:00:00|120,2015-05-02,Dubai Distribution Center,inventory_change,IQR,-84.0,1338.0,10.99074074074074,High
inventory_change|IQR|Dubai Distribution Center|2016-07-19 00:00:00|564,2016-07-19,Dubai Distribution Center,inventory_change,IQR,-84.0,1334.0,10.953703703703704,High
inventory_change|IQR|Dubai Distribution Center|2016-06-23 00:00:00|538,2016-06-23,Dubai Distribution Center,inventory_change,IQR,-84.0,1326.0,10.87962962962963,High
inventory_change|IQR|Dubai Distribution Center|2017-06-22 00:00:00|902,2017-06-22,Dubai Distribution Center,inventory_change,IQR,-84.0,1323.0,10.851851851851851,High
inventory_change|IQR|Dubai Distribution Center|2015-09-11 00:00:00|252,2015-09-11,Dubai Distribution Center,inventory_change,IQR,-84.0,1312.0,10.75,High
inventory_change|IQR|Dubai Distribution Center|2015-08-16 00:00:00|226,2015-08-16,Dubai Distribution Center,inventory_change,IQR,-84.0,1308.0,10.712962962962964,High
inventory_change|IQR|Dubai Distribution Center|2015-05-28 00:00:00|146,2015-05-28,Dubai Distribution Center,inventory_change,IQR,-84.0,1290.0,10.546296296296296,High
inventory_change|IQR|Ras Al Khaimah Distribution Center|2016-01-21 00:00:00|382,2016-01-21,Ras Al Khaimah Distribution Center,inventory_change,IQR,0.0,24.0,10.5,High
inventory_change|IQR|Ras Al Khaimah Distribution Center|2016-01-03 00:00:00|364,2016-01-03,Ras Al Khaimah Distribution Center,inventory_change,IQR,0.0,24.0,10.5,High
inventory_change|IQR|Ras Al Khaimah Distribution Center|2016-09-28 00:00:00|633,2016-09-28,Ras Al Khaimah Distribution Center,inventory_change,IQR,0.0,24.0,10.5,High
inventory_change|IQR|Ras Al Khaimah Distribution Center|2016-10-30 00:00:00|665,2016-10-30,Ras Al Khaimah Distribution Center,inventory_change,IQR,0.0,24.0,10.5,High
inventory_change|IQR|Ras Al Khaimah Distribution Center|2017-02-24 00:00:00|782,2017-02-24,Ras Al Khaimah Distribution Center,inventory_change,IQR,0.0,24.0,10.5,High
inventory_change|IQR|Ras Al Khaimah Distribution Center|2015-11-16 00:00:00|316,2015-11-16,Ras Al Khaimah Distribution Center,inventory_change,IQR,0.0,22.0,9.5,High
inventory_change|IQR|Ras Al Khaimah Distribution Center|2018-01-02 00:00:00|1094,2018-01-02,Ras Al Khaimah Distribution Center,inventory_change,IQR,0.0,22.0,9.5,High
inventory_change|IQR|Ras Al Khaimah Distribution Center|2017-01-22 00:00:00|749,2017-01-22,Ras Al Khaimah Distribution Center,inventory_change,IQR,0.0,21.0,9.0,High
inventory_change|IQR|Ras Al Khaimah Distribution Center|2015-10-07 00:00:00|276,2015-10-07,Ras Al Khaimah Distribution Center,inventory_change,IQR,0.0,20.0,8.5,High
inventory_change|IQR|Dubai Distribution Center|2017-10-03 00:00:00|1005,2017-10-03,Dubai Distribution Center,inventory_change,IQR,-84.0,-1171.0,8.24074074074074,High
inventory_change|IQR|Ras Al Khaimah Distribution Center|2017-12-02 00:00:00|1063,2017-12-02,Ras Al Khaimah Distribution Center,inventory_change,IQR,0.0,19.0,8.0,High
daily_sales|IQR|Network|2017-10-30 00:00:00|1033,2017-10-30,Network,daily_sales,IQR,122569.795,400122.74,7.738153337668341,High
daily_sales|IQR|Network|2017-10-28 00:00:00|1031,2017-10-28,Network,daily_sales,IQR,122569.795,396422.48,7.609484892951896,High
daily_sales|IQR|Network|2017-10-27 00:00:00|1030,2017-10-27,Network,daily_sales,IQR,122569.795,394768.76,7.551980398565967,High
inventory_change|IQR|Ras Al Khaimah Distribution Center|2018-01-03 00:00:00|1095,2018-01-03,Ras Al Khaimah Distribution Center,inventory_change,IQR,0.0,-20.0,7.5,High
daily_sales|IQR|Network|2017-10-29 00:00:00|1032,2017-10-29,Network,daily_sales,IQR,122569.795,391690.02,7.444923951860518,High
inventory_change|Z-Score|Dubai Distribution Center|2017-01-15 00:00:00|744,2017-01-15,Dubai Distribution Center,inventory_change,Z-Score,-1.1655430711610486,2202.0,7.413723820725408,High
inventory_change|Z-Score|Sharjah Distribution Center|2016-10-30 00:00:00|667,2016-10-30,Sharjah Distribution Center,inventory_change,Z-Score,-0.4535928143712575,1064.0,7.384767558449772,High
inventory_change|Z-Score|Abu Dhabi Distribution Center|2015-01-18 00:00:00|16,2015-01-18,Abu Dhabi Distribution Center,inventory_change,Z-Score,-0.7616191904047976,1749.0,7.282950329331805,High
inventory_change|Z-Score|Dubai Distribution Center|2017-09-09 00:00:00|981,2017-09-09,Dubai Distribution Center,inventory_change,Z-Score,-1.1655430711610486,2148.0,7.232012061671158,High
inventory_change|Z-Score|Sharjah Distribution Center|2016-03-04 00:00:00|427,2016-03-04,Sharjah Distribution Center,inventory_change,Z-Score,-0.4535928143712575,1036.0,7.190514381953939,High
inventory_change|Z-Score|Abu Dhabi Distribution Center|2015-05-03 00:00:00|121,2015-05-03,Abu Dhabi Distribution Center,inventory_change,Z-Score,-0.7616191904047976,1705.0,7.099811202849611,High
inventory_change|Z-Score|Ajman Distribution Center|2016-11-02 00:00:00|670,2016-11-02,Ajman Distribution Center,inventory_change,Z-Score,-0.9361861861861862,2199.0,7.005804160489614,High
inventory_change|IQR|Ras Al Khaimah Distribution Center|2018-03-02 00:00:00|1153,2018-03-02,Ras Al Khaimah Distribution Center,inventory_change,IQR,0.0,17.0,7.0,High
inventory_change|IQR|Ras Al Khaimah Distribution Center|2017-09-15 00:00:00|985,2017-09-15,Ras Al Khaimah Distribution Center,inventory_change,IQR,0.0,17.0,7.0,High
inventory_change|Z-Score|Ajman Distribution Center|2016-01-29 00:00:00|392,2016-01-29,Ajman Distribution Center,inventory_change,Z-Score,-0.9361861861861862,2180.0,6.945297733128163,High
inventory_change|Z-Score|Abu Dhabi Distribution Center|2015-02-13 00:00:00|42,2015-02-13,Abu Dhabi Distribution Center,inventory_change,Z-Score,-0.7616191904047976,1656.0,6.8958608119944405,High
inventory_change|Z-Score|Abu Dhabi Distribution Center|2015-05-30 00:00:00|148,2015-05-30,Abu Dhabi Distribution Center,inventory_change,Z-Score,-0.7616191904047976,1647.0,6.858400536123083,High
daily_sales|Z-Score|Network|2017-10-30 00:00:00|1033,2017-10-30,Network,daily_sales,Z-Score,111022.27135276534,400122.74,6.444573935730811,High
inventory_change|Z-Score|Ras Al Khaimah Distribution Center|2015-12-07 00:00:00|337,2015-12-07,Ras Al Khaimah Distribution Center,inventory_change,Z-Score,-0.009029345372460496,32.0,6.4432878756257965,High
daily_sales|Z-Score|Network|2017-10-28 00:00:00|1031,2017-10-28,Network,daily_sales,Z-Score,111022.27135276534,396422.48,6.362088427274146,High
inventory_change|IQR|Dubai Distribution Center|2017-10-02 00:00:00|1004,2017-10-02,Dubai Distribution Center,inventory_change,IQR,-84.0,836.0,6.342592592592593,High
daily_sales|Z-Score|Network|2017-10-27 00:00:00|1030,2017-10-27,Network,daily_sales,Z-Score,111022.27135276534,394768.76,6.325224008275223,High
inventory_change|IQR|Sharjah Distribution Center|2016-05-04 00:00:00|488,2016-05-04,Sharjah Distribution Center,inventory_change,IQR,-35.0,346.0,6.322222222222222,High
inventory_change|IQR|Dubai Distribution Center|2016-01-15 00:00:00|378,2016-01-15,Dubai Distribution Center,inventory_change,IQR,-84.0,833.0,6.314814814814815,High
daily_sales|Z-Score|Network|2017-10-29 00:00:00|1032,2017-10-29,Network,daily_sales,Z-Score,111022.27135276534,391690.02,6.256593308187696,High
inventory_change|IQR|Sharjah Distribution Center|2017-12-09 00:00:00|1072,2017-12-09,Sharjah Distribution Center,inventory_change,IQR,-35.0,342.0,6.233333333333333,High
inventory_change|IQR|Dubai Distribution Center|2017-08-17 00:00:00|958,2017-08-17,Dubai Distribution Center,inventory_change,IQR,-84.0,822.0,6.212962962962963,High
inventory_change|IQR|Dubai Distribution Center|2017-02-06 00:00:00|766,2017-02-06,Dubai Distribution Center,inventory_change,IQR,-84.0,821.0,6.203703703703703,High
inventory_change|Z-Score|Ajman Distribution Center|2017-10-03 00:00:00|1005,2017-10-03,Ajman Distribution Center,inventory_change,Z-Score,-0.9361861861861862,-1948.0,6.200519748349255,High
inventory_change|IQR|Dubai Distribution Center|2016-02-08 00:00:00|402,2016-02-08,Dubai Distribution Center,inventory_change,IQR,-84.0,816.0,6.157407407407407,High
daily_sales|IQR|Network|2017-10-26 00:00:00|1029,2017-10-26,Network,daily_sales,IQR,122569.795,352083.62,6.067698057243001,High
inventory_change|IQR|Sharjah Distribution Center|2015-09-10 00:00:00|251,2015-09-10,Sharjah Distribution Center,inventory_change,IQR,-35.0,334.0,6.055555555555555,High
inventory_change|IQR|Dubai Distribution Center|2017-06-04 00:00:00|884,2017-06-04,Dubai Distribution Center,inventory_change,IQR,-84.0,800.0,6.0092592592592595,High
inventory_change|IQR|Ras Al Khaimah Distribution Center|2018-01-12 00:00:00|1104,2018-01-12,Ras Al Khaimah Distribution Center,inventory_change,IQR,0.0,15.0,6.0,High
inventory_change|IQR|Ras Al Khaimah Distribution Center|2017-07-07 00:00:00|915,2017-07-07,Ras Al Khaimah Distribution Center,inventory_change,IQR,0.0,15.0,6.0,High
inventory_change|Z-Score|Dubai Distribution Center|2016-04-09 00:00:00|463,2016-04-09,Dubai Distribution Center,inventory_change,Z-Score,-1.1655430711610486,1773.0,5.970124846016645,High
inventory_change|IQR|Dubai Distribution Center|2016-12-23 00:00:00|721,2016-12-23,Dubai Distribution Center,inventory_change,IQR,-84.0,793.0,5.944444444444445,High
inventory_change|IQR|Dubai Distribution Center|2015-08-06 00:00:00|216,2015-08-06,Dubai Distribution Center,inventory_change,IQR,-84.0,793.0,5.944444444444445,High
inventory_change|Z-Score|Dubai Distribution Center|2015-01-19 00:00:00|17,2015-01-19,Dubai Distribution Center,inventory_change,Z-Score,-1.1655430711610486,1762.0,5.93310948769078,High
inventory_change|Z-Score|Ras Al Khaimah Distribution Center|2016-07-08 00:00:00|551,2016-07-08,Ras Al Khaimah Distribution Center,inventory_change,Z-Score,-0.009029345372460496,29.0,5.839400034532236,High
inventory_change|Z-Score|Ras Al Khaimah Distribution Center|2015-04-06 00:00:00|92,2015-04-06,Ras Al Khaimah Distribution Center,inventory_change,Z-Score,-0.009029345372460496,29.0,5.839400034532236,High
inventory_change|Z-Score|Ras Al Khaimah Distribution Center|2015-03-09 00:00:00|64,2015-03-09,Ras Al Khaimah Distribution Center,inventory_change,Z-Score,-0.009029345372460496,29.0,5.839400034532236,High
inventory_change|IQR|Dubai Distribution Center|2016-04-22 00:00:00|476,2016-04-22,Dubai Distribution Center,inventory_change,IQR,-84.0,780.0,5.824074074074074,High
inventory_change|IQR|Dubai Distribution Center|2016-12-01 00:00:00|699,2016-12-01,Dubai Distribution Center,inventory_change,IQR,-84.0,779.0,5.814814814814815,High
inventory_change|IQR|Dubai Distribution Center|2016-08-26 00:00:00|602,2016-08-26,Dubai Distribution Center,inventory_change,IQR,-84.0,771.0,5.7407407407407405,High
inventory_change|IQR|Dubai Distribution Center|2016-08-02 00:00:00|578,2016-08-02,Dubai Distribution Center,inventory_change,IQR,-84.0,771.0,5.7407407407407405,High
inventory_change|IQR|Dubai Distribution Center|2015-10-16 00:00:00|287,2015-10-16,Dubai Distribution Center,inventory_change,IQR,-84.0,770.0,5.731481481481482,High
inventory_change|Z-Score|Abu Dhabi Distribution Center|2017-09-23 00:00:00|995,2017-09-23,Abu Dhabi Distribution Center,inventory_change,Z-Score,-0.7616191904047976,1368.0,5.697131984110992,High
inventory_change|IQR|Dubai Distribution Center|2016-10-14 00:00:00|651,2016-10-14,Dubai Distribution Center,inventory_change,IQR,-84.0,766.0,5.694444444444445,High
inventory_change|IQR|Dubai Distribution Center|2015-02-04 00:00:00|33,2015-02-04,Dubai Distribution Center,inventory_change,IQR,-84.0,765.0,5.685185185185185,High
inventory_change|IQR|Dubai Distribution Center|2016-07-08 00:00:00|553,2016-07-08,Dubai Distribution Center,inventory_change,IQR,-84.0,764.0,5.675925925925926,High
inventory_change|IQR|Dubai Distribution Center|2015-05-11 00:00:00|129,2015-05-11,Dubai Distribution Center,inventory_change,IQR,-84.0,762.0,5.657407407407407,High
inventory_change|IQR|Dubai Distribution Center|2017-06-30 00:00:00|910,2017-06-30,Dubai Distribution Center,inventory_change,IQR,-84.0,761.0,5.648148148148148,High
inventory_change|Z-Score|Abu Dhabi Distribution Center|2015-12-04 00:00:00|336,2015-12-04,Abu Dhabi Distribution Center,inventory_change,Z-Score,-0.7616191904047976,1355.0,5.643022696741253,High
inventory_change|Z-Score|Ras Al Khaimah Distribution Center|2016-04-30 00:00:00|482,2016-04-30,Ras Al Khaimah Distribution Center,inventory_change,Z-Score,-0.009029345372460496,28.0,5.63810408750105,High
inventory_change|Z-Score|Ras Al Khaimah Distribution Center|2015-05-19 00:00:00|135,2015-05-19,Ras Al Khaimah Distribution Center,inventory_change,Z-Score,-0.009029345372460496,28.0,5.63810408750105,High
inventory_change|Z-Score|Ras Al Khaimah Distribution Center|2017-01-02 00:00:00|729,2017-01-02,Ras Al Khaimah Distribution Center,inventory_change,Z-Score,-0.009029345372460496,28.0,5.63810408750105,High
inventory_change|IQR|Dubai Distribution Center|2015-03-24 00:00:00|81,2015-03-24,Dubai Distribution Center,inventory_change,IQR,-84.0,754.0,5.583333333333333,High
inventory_change|IQR|Dubai Distribution Center|2016-11-09 00:00:00|677,2016-11-09,Dubai Distribution Center,inventory_change,IQR,-84.0,753.0,5.574074074074074,High
inventory_change|IQR|Dubai Distribution Center|2016-09-20 00:00:00|627,2016-09-20,Dubai Distribution Center,inventory_change,IQR,-84.0,752.0,5.564814814814815,High
inventory_change|Z-Score|Abu Dhabi Distribution Center|2016-12-22 00:00:00|720,2016-12-22,Abu Dhabi Distribution Center,inventory_change,Z-Score,-0.7616191904047976,1334.0,5.555615386374751,High
inventory_change|Z-Score|Abu Dhabi Distribution Center|2017-06-02 00:00:00|882,2017-06-02,Abu Dhabi Distribution Center,inventory_change,Z-Score,-0.7616191904047976,1328.0,5.530641869127179,High
inventory_change|Z-Score|Ajman Distribution Center|2016-02-25 00:00:00|419,2016-02-25,Ajman Distribution Center,inventory_change,Z-Score,-0.9361861861861862,1733.0,5.521804415729808,High
inventory_change|IQR|Dubai Distribution Center|2015-05-31 00:00:00|149,2015-05-31,Dubai Distribution Center,inventory_change,IQR,-84.0,747.0,5.518518518518518,High
inventory_change|IQR|Dubai Distribution Center|2015-11-06 00:00:00|308,2015-11-06,Dubai Distribution Center,inventory_change,IQR,-84.0,744.0,5.4907407407407405,High
inventory_change|Z-Score|Abu Dhabi Distribution Center|2017-01-19 00:00:00|748,2017-01-19,Abu Dhabi Distribution Center,inventory_change,Z-Score,-0.7616191904047976,1317.0,5.484857087506631,High
inventory_change|IQR|Dubai Distribution Center|2017-04-17 00:00:00|836,2017-04-17,Dubai Distribution Center,inventory_change,IQR,-84.0,743.0,5.481481481481482,High
inventory_change|IQR|Dubai Distribution Center|2015-07-12 00:00:00|191,2015-07-12,Dubai Distribution Center,inventory_change,IQR,-84.0,743.0,5.481481481481482,High
inventory_change|Z-Score|Abu Dhabi Distribution Center|2015-07-22 00:00:00|201,2015-07-22,Abu Dhabi Distribution Center,inventory_change,Z-Score,-0.7616191904047976,1316.0,5.480694834632036,High
inventory_change|Z-Score|Abu Dhabi Distribution Center|2016-08-08 00:00:00|584,2016-08-08,Abu Dhabi Distribution Center,inventory_change,Z-Score,-0.7616191904047976,1316.0,5.480694834632036,High
inventory_change|Z-Score|Abu Dhabi Distribution Center|2015-10-12 00:00:00|283,2015-10-12,Abu Dhabi Distribution Center,inventory_change,Z-Score,-0.7616191904047976,1315.0,5.47653258175744,High
inventory_change|Z-Score|Abu Dhabi Distribution Center|2017-08-25 00:00:00|966,2017-08-25,Abu Dhabi Distribution Center,inventory_change,Z-Score,-0.7616191904047976,1314.0,5.472370328882845,High
inventory_change|IQR|Dubai Distribution Center|2016-03-04 00:00:00|427,2016-03-04,Dubai Distribution Center,inventory_change,IQR,-84.0,742.0,5.472222222222222,High
inventory_change|IQR|Dubai Distribution Center|2017-05-10 00:00:00|859,2017-05-10,Dubai Distribution Center,inventory_change,IQR,-84.0,742.0,5.472222222222222,High
inventory_change|Z-Score|Ajman Distribution Center|2017-09-29 00:00:00|1001,2017-09-29,Ajman Distribution Center,inventory_change,Z-Score,-0.9361861861861862,1714.0,5.461297988368357,High
inventory_change|Z-Score|Abu Dhabi Distribution Center|2015-03-12 00:00:00|69,2015-03-12,Abu Dhabi Distribution Center,inventory_change,Z-Score,-0.7616191904047976,1308.0,5.447396811635273,High
inventory_change|Z-Score|Ajman Distribution Center|2015-12-08 00:00:00|340,2015-12-08,Ajman Distribution Center,inventory_change,Z-Score,-0.9361861861861862,1709.0,5.44537524432587,High
inventory_change|Z-Score|Ras Al Khaimah Distribution Center|2016-12-14 00:00:00|710,2016-12-14,Ras Al Khaimah Distribution Center,inventory_change,Z-Score,-0.009029345372460496,27.0,5.436808140469863,High
inventory_change|IQR|Dubai Distribution Center|2015-08-31 00:00:00|241,2015-08-31,Dubai Distribution Center,inventory_change,IQR,-84.0,738.0,5.435185185185185,High
inventory_change|Z-Score|Ajman Distribution Center|2015-04-27 00:00:00|115,2015-04-27,Ajman Distribution Center,inventory_change,Z-Score,-0.9361861861861862,1704.0,5.429452500283383,High
inventory_change|Z-Score|Abu Dhabi Distribution Center|2016-05-16 00:00:00|500,2016-05-16,Abu Dhabi Distribution Center,inventory_change,Z-Score,-0.7616191904047976,1299.0,5.409936535763916,High
inventory_change|Z-Score|Abu Dhabi Distribution Center|2016-10-29 00:00:00|666,2016-10-29,Abu Dhabi Distribution Center,inventory_change,Z-Score,-0.7616191904047976,1297.0,5.401612030014725,High
inventory_change|IQR|Dubai Distribution Center|2015-01-11 00:00:00|9,2015-01-11,Dubai Distribution Center,inventory_change,IQR,-84.0,734.0,5.398148148148148,High
inventory_change|Z-Score|Abu Dhabi Distribution Center|2017-04-10 00:00:00|829,2017-04-10,Abu Dhabi Distribution Center,inventory_change,Z-Score,-0.7616191904047976,1292.0,5.380800765641749,High
inventory_change|Z-Score|Abu Dhabi Distribution Center|2015-08-18 00:00:00|228,2015-08-18,Abu Dhabi Distribution Center,inventory_change,Z-Score,-0.7616191904047976,1291.0,5.376638512767153,High
inventory_change|Z-Score|Ajman Distribution Center|2017-07-12 00:00:00|922,2017-07-12,Ajman Distribution Center,inventory_change,Z-Score,-0.9361861861861862,1687.0,5.375315170538927,High
daily_sales|Z-Score|Network|2017-10-26 00:00:00|1029,2017-10-26,Network,daily_sales,Z-Score,111022.27135276534,352083.62,5.373694797775439,High
inventory_change|IQR|Dubai Distribution Center|2016-03-30 00:00:00|453,2016-03-30,Dubai Distribution Center,inventory_change,IQR,-84.0,731.0,5.37037037037037,High
inventory_change|Z-Score|Abu Dhabi Distribution Center|2016-04-18 00:00:00|472,2016-04-18,Abu Dhabi Distribution Center,inventory_change,Z-Score,-0.7616191904047976,1287.0,5.359989501268772,High
inventory_change|IQR|Dubai Distribution Center|2016-06-15 00:00:00|530,2016-06-15,Dubai Distribution Center,inventory_change,IQR,-84.0,729.0,5.351851851851852,High
inventory_change|Z-Score|Ajman Distribution Center|2017-04-26 00:00:00|845,2017-04-26,Ajman Distribution Center,inventory_change,Z-Score,-0.9361861861861862,1679.0,5.3498387800709475,High
inventory_change|Z-Score|Abu Dhabi Distribution Center|2016-01-01 00:00:00|364,2016-01-01,Abu Dhabi Distribution Center,inventory_change,Z-Score,-0.7616191904047976,1284.0,5.347502742644986,High
inventory_change|Z-Score|Abu Dhabi Distribution Center|2016-09-07 00:00:00|614,2016-09-07,Abu Dhabi Distribution Center,inventory_change,Z-Score,-0.7616191904047976,1283.0,5.343340489770391,High
inventory_change|IQR|Dubai Distribution Center|2017-07-25 00:00:00|935,2017-07-25,Dubai Distribution Center,inventory_change,IQR,-84.0,728.0,5.342592592592593,High
inventory_change|Z-Score|Abu Dhabi Distribution Center|2015-04-06 00:00:00|94,2015-04-06,Abu Dhabi Distribution Center,inventory_change,Z-Score,-0.7616191904047976,1281.0,5.3350159840212,High
inventory_change|Z-Score|Ajman Distribution Center|2017-06-16 00:00:00|896,2017-06-16,Ajman Distribution Center,inventory_change,Z-Score,-0.9361861861861862,1670.0,5.32117784079447,High
inventory_change|IQR|Dubai Distribution Center|2015-06-19 00:00:00|168,2015-06-19,Dubai Distribution Center,inventory_change,IQR,-84.0,724.0,5.305555555555555,High
inventory_change|Z-Score|Ajman Distribution Center|2017-09-02 00:00:00|974,2017-09-02,Ajman Distribution Center,inventory_change,Z-Score,-0.9361861861861862,1665.0,5.305255096751983,High
inventory_change|Z-Score|Ajman Distribution Center|2016-10-07 00:00:00|644,2016-10-07,Ajman Distribution Center,inventory_change,Z-Score,-0.9361861861861862,1665.0,5.305255096751983,High
inventory_change|Z-Score|Abu Dhabi Distribution Center|2016-01-28 00:00:00|391,2016-01-28,Abu Dhabi Distribution Center,inventory_change,Z-Score,-0.7616191904047976,1273.0,5.301717961024438,High
inventory_change|Z-Score|Abu Dhabi Distribution Center|2016-07-12 00:00:00|557,2016-07-12,Abu Dhabi Distribution Center,inventory_change,Z-Score,-0.7616191904047976,1272.0,5.297555708149843,High
inventory_change|Z-Score|Ajman Distribution Center|2015-03-06 00:00:00|63,2015-03-06,Ajman Distribution Center,inventory_change,Z-Score,-0.9361861861861862,1660.0,5.289332352709496,High
inventory_change|Z-Score|Abu Dhabi Distribution Center|2015-06-26 00:00:00|175,2015-06-26,Abu Dhabi Distribution Center,inventory_change,Z-Score,-0.7616191904047976,1270.0,5.289231202400652,High
inventory_change|Z-Score|Abu Dhabi Distribution Center|2017-03-14 00:00:00|802,2017-03-14,Abu Dhabi Distribution Center,inventory_change,Z-Score,-0.7616191904047976,1269.0,5.285068949526057,High
inventory_change|Z-Score|Ajman Distribution Center|2015-11-12 00:00:00|314,2015-11-12,Ajman Distribution Center,inventory_change,Z-Score,-0.9361861861861862,1656.0,5.276594157475506,High
inventory_change|Z-Score|Ajman Distribution Center|2017-02-10 00:00:00|770,2017-02-10,Ajman Distribution Center,inventory_change,Z-Score,-0.9361861861861862,1656.0,5.276594157475506,High
inventory_change|Z-Score|Abu Dhabi Distribution Center|2017-02-15 00:00:00|775,2017-02-15,Abu Dhabi Distribution Center,inventory_change,Z-Score,-0.7616191904047976,1261.0,5.251770926529294,High
inventory_change|IQR|Dubai Distribution Center|2015-11-30 00:00:00|332,2015-11-30,Dubai Distribution Center,inventory_change,IQR,-84.0,718.0,5.25,High
inventory_change|Z-Score|Ajman Distribution Center|2016-06-03 00:00:00|518,2016-06-03,Ajman Distribution Center,inventory_change,Z-Score,-0.9361861861861862,1646.0,5.244748669390532,High
inventory_change|Z-Score|Abu Dhabi Distribution Center|2016-06-13 00:00:00|528,2016-06-13,Abu Dhabi Distribution Center,inventory_change,Z-Score,-0.7616191904047976,1258.0,5.239284167905508,High
inventory_change|Z-Score|Ajman Distribution Center|2017-08-07 00:00:00|948,2017-08-07,Ajman Distribution Center,inventory_change,Z-Score,-0.9361861861861862,1644.0,5.238379571773537,High
inventory_change|Z-Score|Ras Al Khaimah Distribution Center|2016-02-20 00:00:00|412,2016-02-20,Ras Al Khaimah Distribution Center,inventory_change,Z-Score,-0.009029345372460496,26.0,5.235512193438677,High
inventory_change|Z-Score|Ras Al Khaimah Distribution Center|2016-03-23 00:00:00|444,2016-03-23,Ras Al Khaimah Distribution Center,inventory_change,Z-Score,-0.009029345372460496,26.0,5.235512193438677,High
inventory_change|Z-Score|Ras Al Khaimah Distribution Center|2016-06-09 00:00:00|522,2016-06-09,Ras Al Khaimah Distribution Center,inventory_change,Z-Score,-0.009029345372460496,26.0,5.235512193438677,High
inventory_change|Z-Score|Ras Al Khaimah Distribution Center|2015-10-31 00:00:00|300,2015-10-31,Ras Al Khaimah Distribution Center,inventory_change,Z-Score,-0.009029345372460496,26.0,5.235512193438677,High
inventory_change|Z-Score|Ras Al Khaimah Distribution Center|2016-09-12 00:00:00|617,2016-09-12,Ras Al Khaimah Distribution Center,inventory_change,Z-Score,-0.009029345372460496,26.0,5.235512193438677,High
inventory_change|Z-Score|Ras Al Khaimah Distribution Center|2015-09-13 00:00:00|252,2015-09-13,Ras Al Khaimah Distribution Center,inventory_change,Z-Score,-0.009029345372460496,26.0,5.235512193438677,High
inventory_change|Z-Score|Ras Al Khaimah Distribution Center|2015-02-11 00:00:00|38,2015-02-11,Ras Al Khaimah Distribution Center,inventory_change,Z-Score,-0.009029345372460496,26.0,5.235512193438677,High
inventory_change|Z-Score|Ras Al Khaimah Distribution Center|2017-03-22 00:00:00|808,2017-03-22,Ras Al Khaimah Distribution Center,inventory_change,Z-Score,-0.009029345372460496,26.0,5.235512193438677,High
inventory_change|Z-Score|Ras Al Khaimah Distribution Center|2015-01-14 00:00:00|10,2015-01-14,Ras Al Khaimah Distribution Center,inventory_change,Z-Score,-0.009029345372460496,26.0,5.235512193438677,High
inventory_change|Z-Score|Sharjah Distribution Center|2015-03-17 00:00:00|74,2015-03-17,Sharjah Distribution Center,inventory_change,Z-Score,-0.4535928143712575,754.0,5.23410739010305,High
inventory_change|IQR|Sharjah Distribution Center|2016-02-03 00:00:00|397,2016-02-03,Sharjah Distribution Center,inventory_change,IQR,-35.0,297.0,5.233333333333333,High
inventory_change|IQR|Sharjah Distribution Center|2016-09-30 00:00:00|637,2016-09-30,Sharjah Distribution Center,inventory_change,IQR,-35.0,297.0,5.233333333333333,High
inventory_change|Z-Score|Abu Dhabi Distribution Center|2017-10-03 00:00:00|1005,2017-10-03,Abu Dhabi Distribution Center,inventory_change,Z-Score,-0.7616191904047976,-1258.0,5.232944064576289,High
inventory_change|Z-Score|Ajman Distribution Center|2015-05-23 00:00:00|141,2015-05-23,Ajman Distribution Center,inventory_change,Z-Score,-0.9361861861861862,1642.0,5.232010474156542,High
inventory_change|Z-Score|Ajman Distribution Center|2016-08-18 00:00:00|594,2016-08-18,Ajman Distribution Center,inventory_change,Z-Score,-0.9361861861861862,1642.0,5.232010474156542,High
inventory_change|Z-Score|Ajman Distribution Center|2015-07-12 00:00:00|191,2015-07-12,Ajman Distribution Center,inventory_change,Z-Score,-0.9361861861861862,1641.0,5.228825925348045,High
inventory_change|Z-Score|Abu Dhabi Distribution Center|2017-05-06 00:00:00|855,2017-05-06,Abu Dhabi Distribution Center,inventory_change,Z-Score,-0.7616191904047976,1255.0,5.226797409281722,High
inventory_change|IQR|Dubai Distribution Center|2015-03-01 00:00:00|58,2015-03-01,Dubai Distribution Center,inventory_change,IQR,-84.0,714.0,5.212962962962963,High
inventory_change|Z-Score|Ajman Distribution Center|2015-06-18 00:00:00|167,2015-06-18,Ajman Distribution Center,inventory_change,Z-Score,-0.9361861861861862,1636.0,5.212903181305557,High
inventory_change|Z-Score|Ajman Distribution Center|2016-07-23 00:00:00|568,2016-07-23,Ajman Distribution Center,inventory_change,Z-Score,-0.9361861861861862,1636.0,5.212903181305557,High
inventory_change|IQR|Sharjah Distribution Center|2016-11-27 00:00:00|695,2016-11-27,Sharjah Distribution Center,inventory_change,IQR,-35.0,296.0,5.211111111111111,High
inventory_change|Z-Score|Abu Dhabi Distribution Center|2017-07-28 00:00:00|938,2017-07-28,Abu Dhabi Distribution Center,inventory_change,Z-Score,-0.7616191904047976,1250.0,5.205986144908746,High
inventory_change|IQR|Dubai Distribution Center|2017-03-22 00:00:00|810,2017-03-22,Dubai Distribution Center,inventory_change,IQR,-84.0,713.0,5.203703703703703,High
inventory_change|Z-Score|Ajman Distribution Center|2016-05-09 00:00:00|493,2016-05-09,Ajman Distribution Center,inventory_change,Z-Score,-0.9361861861861862,1632.0,5.2001649860715675,High
inventory_change|Z-Score|Abu Dhabi Distribution Center|2016-03-20 00:00:00|443,2016-03-20,Abu Dhabi Distribution Center,inventory_change,Z-Score,-0.7616191904047976,1248.0,5.197661639159555,High
inventory_change|Z-Score|Ajman Distribution Center|2015-04-01 00:00:00|89,2015-04-01,Ajman Distribution Center,inventory_change,Z-Score,-0.9361861861861862,1629.0,5.190611339646075,High
inventory_change|IQR|Sharjah Distribution Center|2015-10-08 00:00:00|279,2015-10-08,Sharjah Distribution Center,inventory_change,IQR,-35.0,295.0,5.188888888888889,High
inventory_change|Z-Score|Ajman Distribution Center|2016-12-21 00:00:00|719,2016-12-21,Ajman Distribution Center,inventory_change,Z-Score,-0.9361861861861862,1628.0,5.187426790837578,High
inventory_change|Z-Score|Ajman Distribution Center|2016-04-14 00:00:00|468,2016-04-14,Ajman Distribution Center,inventory_change,Z-Score,-0.9361861861861862,1628.0,5.187426790837578,High
inventory_change|Z-Score|Ajman Distribution Center|2016-06-28 00:00:00|543,2016-06-28,Ajman Distribution Center,inventory_change,Z-Score,-0.9361861861861862,1627.0,5.184242242029081,High
inventory_change|Z-Score|Ajman Distribution Center|2017-03-07 00:00:00|795,2017-03-07,Ajman Distribution Center,inventory_change,Z-Score,-0.9361861861861862,1623.0,5.171504046795091,High
inventory_change|Z-Score|Abu Dhabi Distribution Center|2015-11-08 00:00:00|310,2015-11-08,Abu Dhabi Distribution Center,inventory_change,Z-Score,-0.7616191904047976,1241.0,5.168525869037388,High
inventory_change|IQR|Dubai Distribution Center|2015-04-19 00:00:00|107,2015-04-19,Dubai Distribution Center,inventory_change,IQR,-84.0,709.0,5.166666666666667,High
inventory_change|IQR|Sharjah Distribution Center|2016-07-31 00:00:00|576,2016-07-31,Sharjah Distribution Center,inventory_change,IQR,-35.0,294.0,5.166666666666667,High
inventory_change|Z-Score|Ajman Distribution Center|2016-01-03 00:00:00|366,2016-01-03,Ajman Distribution Center,inventory_change,Z-Score,-0.9361861861861862,1620.0,5.161950400369598,High
inventory_change|Z-Score|Abu Dhabi Distribution Center|2016-02-22 00:00:00|416,2016-02-22,Abu Dhabi Distribution Center,inventory_change,Z-Score,-0.7616191904047976,1238.0,5.156039110413602,High
inventory_change|Z-Score|Ajman Distribution Center|2017-01-16 00:00:00|745,2017-01-16,Ajman Distribution Center,inventory_change,Z-Score,-0.9361861861861862,1618.0,5.155581302752603,High
inventory_change|Z-Score|Ajman Distribution Center|2016-09-12 00:00:00|619,2016-09-12,Ajman Distribution Center,inventory_change,Z-Score,-0.9361861861861862,1615.0,5.146027656327111,High
inventory_change|Z-Score|Abu Dhabi Distribution Center|2017-07-02 00:00:00|912,2017-07-02,Abu Dhabi Distribution Center,inventory_change,Z-Score,-0.7616191904047976,1232.0,5.13106559316603,High
inventory_change|Z-Score|Ajman Distribution Center|2015-10-17 00:00:00|288,2015-10-17,Ajman Distribution Center,inventory_change,Z-Score,-0.9361861861861862,1608.0,5.123735814667629,High
inventory_change|Z-Score|Ajman Distribution Center|2015-08-30 00:00:00|240,2015-08-30,Ajman Distribution Center,inventory_change,Z-Score,-0.9361861861861862,1608.0,5.123735814667629,High
inventory_change|IQR|Dubai Distribution Center|2017-02-26 00:00:00|786,2017-02-26,Dubai Distribution Center,inventory_change,IQR,-84.0,704.0,5.12037037037037,High
inventory_change|Z-Score|Abu Dhabi Distribution Center|2016-11-25 00:00:00|693,2016-11-25,Abu Dhabi Distribution Center,inventory_change,Z-Score,-0.7616191904047976,1229.0,5.1185788345422445,High
inventory_change|Z-Score|Ajman Distribution Center|2015-02-09 00:00:00|38,2015-02-09,Ajman Distribution Center,inventory_change,Z-Score,-0.9361861861861862,1605.0,5.114182168242137,High
inventory_change|Z-Score|Sharjah Distribution Center|2016-03-30 00:00:00|453,2016-03-30,Sharjah Distribution Center,inventory_change,Z-Score,-0.4535928143712575,736.0,5.109230348070015,High
inventory_change|Z-Score|Ajman Distribution Center|2015-08-06 00:00:00|216,2015-08-06,Ajman Distribution Center,inventory_change,Z-Score,-0.9361861861861862,1603.0,5.107813070625142,High
inventory_change|Z-Score|Sharjah Distribution Center|2017-04-17 00:00:00|836,2017-04-17,Sharjah Distribution Center,inventory_change,Z-Score,-0.4535928143712575,735.0,5.102292734623735,High
inventory_change|IQR|Dubai Distribution Center|2016-05-19 00:00:00|503,2016-05-19,Dubai Distribution Center,inventory_change,IQR,-84.0,702.0,5.101851851851852,High
inventory_change|Z-Score|Sharjah Distribution Center|2016-11-25 00:00:00|693,2016-11-25,Sharjah Distribution Center,inventory_change,Z-Score,-0.4535928143712575,734.0,5.095355121177455,High
inventory_change|Z-Score|Ajman Distribution Center|2016-11-28 00:00:00|696,2016-11-28,Ajman Distribution Center,inventory_change,Z-Score,-0.9361861861861862,1599.0,5.095074875391152,High
inventory_change|Z-Score|Abu Dhabi Distribution Center|2015-09-16 00:00:00|257,2015-09-16,Abu Dhabi Distribution Center,inventory_change,Z-Score,-0.7616191904047976,1221.0,5.0852808115454815,High
inventory_change|Z-Score|Ajman Distribution Center|2015-01-16 00:00:00|14,2015-01-16,Ajman Distribution Center,inventory_change,Z-Score,-0.9361861861861862,1595.0,5.082336680157162,High
inventory_change|Z-Score|Sharjah Distribution Center|2015-08-29 00:00:00|239,2015-08-29,Sharjah Distribution Center,inventory_change,Z-Score,-0.4535928143712575,731.0,5.074542280838616,High
inventory_change|Z-Score|Abu Dhabi Distribution Center|2016-10-04 00:00:00|641,2016-10-04,Abu Dhabi Distribution Center,inventory_change,Z-Score,-0.7616191904047976,1217.0,5.0686318000471005,High
inventory_change|IQR|Sharjah Distribution Center|2015-12-04 00:00:00|336,2015-12-04,Sharjah Distribution Center,inventory_change,IQR,-35.0,289.0,5.055555555555555,High
inventory_change|Z-Score|Ajman Distribution Center|2017-03-31 00:00:00|819,2017-03-31,Ajman Distribution Center,inventory_change,Z-Score,-0.9361861861861862,1585.0,5.050491192072188,High
inventory_change|Z-Score|Sharjah Distribution Center|2015-02-24 00:00:00|53,2015-02-24,Sharjah Distribution Center,inventory_change,Z-Score,-0.4535928143712575,727.0,5.046791827053497,High
inventory_change|Z-Score|Ajman Distribution Center|2016-03-21 00:00:00|444,2016-03-21,Ajman Distribution Center,inventory_change,Z-Score,-0.9361861861861862,1580.0,5.034568448029701,High
inventory_change|Z-Score|Ras Al Khaimah Distribution Center|2015-04-30 00:00:00|116,2015-04-30,Ras Al Khaimah Distribution Center,inventory_change,Z-Score,-0.009029345372460496,25.0,5.03421624640749,High
inventory_change|Z-Score|Ras Al Khaimah Distribution Center|2015-06-15 00:00:00|162,2015-06-15,Ras Al Khaimah Distribution Center,inventory_change,Z-Score,-0.009029345372460496,25.0,5.03421624640749,High
inventory_change|Z-Score|Ras Al Khaimah Distribution Center|2015-07-24 00:00:00|201,2015-07-24,Ras Al Khaimah Distribution Center,inventory_change,Z-Score,-0.009029345372460496,25.0,5.03421624640749,High
inventory_change|Z-Score|Ras Al Khaimah Distribution Center|2015-08-12 00:00:00|220,2015-08-12,Ras Al Khaimah Distribution Center,inventory_change,Z-Score,-0.009029345372460496,25.0,5.03421624640749,High
inventory_change|Z-Score|Ras Al Khaimah Distribution Center|2016-05-25 00:00:00|507,2016-05-25,Ras Al Khaimah Distribution Center,inventory_change,Z-Score,-0.009029345372460496,25.0,5.03421624640749,High
inventory_change|Z-Score|Sharjah Distribution Center|2017-05-31 00:00:00|880,2017-05-31,Sharjah Distribution Center,inventory_change,Z-Score,-0.4535928143712575,725.0,5.032916600160937,High
inventory_change|Z-Score|Ajman Distribution Center|2015-09-23 00:00:00|264,2015-09-23,Ajman Distribution Center,inventory_change,Z-Score,-0.9361861861861862,1578.0,5.028199350412706,High
inventory_change|Z-Score|Sharjah Distribution Center|2017-02-02 00:00:00|762,2017-02-02,Sharjah Distribution Center,inventory_change,Z-Score,-0.4535928143712575,723.0,5.019041373268378,High
inventory_change|Z-Score|Sharjah Distribution Center|2015-09-22 00:00:00|263,2015-09-22,Sharjah Distribution Center,inventory_change,Z-Score,-0.4535928143712575,722.0,5.012103759822098,High
daily_sales|IQR|Network|2017-12-23 00:00:00|1087,2017-12-23,Network,daily_sales,IQR,122569.795,321495.93,5.0040780684398465,High
inventory_change|IQR|Ras Al Khaimah Distribution Center|2017-08-06 00:00:00|945,2017-08-06,Ras Al Khaimah Distribution Center,inventory_change,IQR,0.0,13.0,5.0,High
inventory_change|IQR|Ras Al Khaimah Distribution Center|2018-05-21 00:00:00|1233,2018-05-21,Ras Al Khaimah Distribution Center,inventory_change,IQR,0.0,13.0,5.0,High
inventory_change|IQR|Sharjah Distribution Center|2015-03-20 00:00:00|77,2015-03-20,Sharjah Distribution Center,inventory_change,IQR,-35.0,285.0,4.966666666666667,High
inventory_change|IQR|Sharjah Distribution Center|2015-08-11 00:00:00|221,2015-08-11,Sharjah Distribution Center,inventory_change,IQR,-35.0,285.0,4.966666666666667,High
inventory_change|IQR|Sharjah Distribution Center|2017-01-25 00:00:00|754,2017-01-25,Sharjah Distribution Center,inventory_change,IQR,-35.0,284.0,4.944444444444445,High
inventory_change|IQR|Dubai Distribution Center|2015-09-23 00:00:00|264,2015-09-23,Dubai Distribution Center,inventory_change,IQR,-84.0,685.0,4.944444444444445,High
inventory_change|IQR|Sharjah Distribution Center|2015-02-19 00:00:00|48,2015-02-19,Sharjah Distribution Center,inventory_change,IQR,-35.0,282.0,4.9,High
inventory_change|IQR|Dubai Distribution Center|2015-12-22 00:00:00|354,2015-12-22,Dubai Distribution Center,inventory_change,IQR,-84.0,676.0,4.861111111111111,High
inventory_change|IQR|Sharjah Distribution Center|2015-04-18 00:00:00|106,2015-04-18,Sharjah Distribution Center,inventory_change,IQR,-35.0,276.0,4.766666666666667,High
inventory_change|IQR|Sharjah Distribution Center|2016-07-01 00:00:00|546,2016-07-01,Sharjah Distribution Center,inventory_change,IQR,-35.0,274.0,4.722222222222222,High
inventory_change|IQR|Sharjah Distribution Center|2016-06-02 00:00:00|517,2016-06-02,Sharjah Distribution Center,inventory_change,IQR,-35.0,273.0,4.7,High
inventory_change|IQR|Sharjah Distribution Center|2016-12-26 00:00:00|724,2016-12-26,Sharjah Distribution Center,inventory_change,IQR,-35.0,271.0,4.655555555555556,High
inventory_change|IQR|Sharjah Distribution Center|2017-05-16 00:00:00|865,2017-05-16,Sharjah Distribution Center,inventory_change,IQR,-35.0,271.0,4.655555555555556,High
inventory_change|IQR|Sharjah Distribution Center|2016-08-30 00:00:00|606,2016-08-30,Sharjah Distribution Center,inventory_change,IQR,-35.0,270.0,4.633333333333334,High
inventory_change|IQR|Sharjah Distribution Center|2015-01-20 00:00:00|18,2015-01-20,Sharjah Distribution Center,inventory_change,IQR,-35.0,268.0,4.588888888888889,High
inventory_change|IQR|Sharjah Distribution Center|2016-01-05 00:00:00|368,2016-01-05,Sharjah Distribution Center,inventory_change,IQR,-35.0,268.0,4.588888888888889,High
inventory_change|IQR|Sharjah Distribution Center|2015-05-18 00:00:00|136,2015-05-18,Sharjah Distribution Center,inventory_change,IQR,-35.0,267.0,4.566666666666666,High
inventory_change|IQR|Sharjah Distribution Center|2017-02-23 00:00:00|783,2017-02-23,Sharjah Distribution Center,inventory_change,IQR,-35.0,267.0,4.566666666666666,High
inventory_change|IQR|Ras Al Khaimah Distribution Center|2018-08-07 00:00:00|1311,2018-08-07,Ras Al Khaimah Distribution Center,inventory_change,IQR,0.0,-14.0,4.5,High
inventory_change|IQR|Sharjah Distribution Center|2017-07-13 00:00:00|923,2017-07-13,Sharjah Distribution Center,inventory_change,IQR,-35.0,264.0,4.5,High
inventory_change|IQR|Ras Al Khaimah Distribution Center|2018-03-23 00:00:00|1174,2018-03-23,Ras Al Khaimah Distribution Center,inventory_change,IQR,0.0,12.0,4.5,High
inventory_change|IQR|Sharjah Distribution Center|2016-04-03 00:00:00|457,2016-04-03,Sharjah Distribution Center,inventory_change,IQR,-35.0,263.0,4.477777777777778,High
inventory_change|IQR|Abu Dhabi Distribution Center|2015-03-11 00:00:00|68,2015-03-11,Abu Dhabi Distribution Center,inventory_change,IQR,-52.0,414.0,4.381533101045296,High
inventory_change|IQR|Sharjah Distribution Center|2017-03-22 00:00:00|810,2017-03-22,Sharjah Distribution Center,inventory_change,IQR,-35.0,257.0,4.344444444444444,High
inventory_change|IQR|Sharjah Distribution Center|2017-10-26 00:00:00|1028,2017-10-26,Sharjah Distribution Center,inventory_change,IQR,-35.0,254.0,4.277777777777778,High
inventory_change|IQR|Sharjah Distribution Center|2017-08-11 00:00:00|952,2017-08-11,Sharjah Distribution Center,inventory_change,IQR,-35.0,253.0,4.2555555555555555,High
inventory_change|IQR|Abu Dhabi Distribution Center|2016-10-02 00:00:00|639,2016-10-02,Abu Dhabi Distribution Center,inventory_change,IQR,-52.0,404.0,4.2421602787456445,High
inventory_change|IQR|Abu Dhabi Distribution Center|2016-11-22 00:00:00|690,2016-11-22,Abu Dhabi Distribution Center,inventory_change,IQR,-52.0,404.0,4.2421602787456445,High
inventory_change|IQR|Abu Dhabi Distribution Center|2016-09-06 00:00:00|613,2016-09-06,Abu Dhabi Distribution Center,inventory_change,IQR,-52.0,404.0,4.2421602787456445,High
inventory_change|IQR|Ajman Distribution Center|2016-12-20 00:00:00|718,2016-12-20,Ajman Distribution Center,inventory_change,IQR,-79.5,536.0,4.1947368421052635,High
inventory_change|IQR|Sharjah Distribution Center|2015-11-05 00:00:00|307,2015-11-05,Sharjah Distribution Center,inventory_change,IQR,-35.0,249.0,4.166666666666667,High
inventory_change|IQR|Sharjah Distribution Center|2015-07-14 00:00:00|193,2015-07-14,Sharjah Distribution Center,inventory_change,IQR,-35.0,249.0,4.166666666666667,High
inventory_change|IQR|Sharjah Distribution Center|2017-06-14 00:00:00|894,2017-06-14,Sharjah Distribution Center,inventory_change,IQR,-35.0,248.0,4.144444444444445,High
inventory_change|IQR|Abu Dhabi Distribution Center|2017-09-28 00:00:00|1000,2017-09-28,Abu Dhabi Distribution Center,inventory_change,IQR,-52.0,388.0,4.019163763066202,High
inventory_change|IQR|Ras Al Khaimah Distribution Center|2018-04-06 00:00:00|1188,2018-04-06,Ras Al Khaimah Distribution Center,inventory_change,IQR,0.0,11.0,4.0,High
inventory_change|IQR|Ras Al Khaimah Distribution Center|2017-12-15 00:00:00|1076,2017-12-15,Ras Al Khaimah Distribution Center,inventory_change,IQR,0.0,11.0,4.0,High
inventory_change|IQR|Abu Dhabi Distribution Center|2015-06-24 00:00:00|173,2015-06-24,Abu Dhabi Distribution Center,inventory_change,IQR,-52.0,384.0,3.9634146341463414,High
inventory_change|IQR|Abu Dhabi Distribution Center|2017-06-16 00:00:00|896,2017-06-16,Abu Dhabi Distribution Center,inventory_change,IQR,-52.0,383.0,3.9494773519163764,High
inventory_change|IQR|Abu Dhabi Distribution Center|2015-10-08 00:00:00|279,2015-10-08,Abu Dhabi Distribution Center,inventory_change,IQR,-52.0,381.0,3.921602787456446,High
inventory_change|IQR|Sharjah Distribution Center|2017-09-10 00:00:00|982,2017-09-10,Sharjah Distribution Center,inventory_change,IQR,-35.0,236.0,3.8777777777777778,High
inventory_change|IQR|Abu Dhabi Distribution Center|2015-07-18 00:00:00|197,2015-07-18,Abu Dhabi Distribution Center,inventory_change,IQR,-52.0,375.0,3.837979094076655,High
inventory_change|IQR|Abu Dhabi Distribution Center|2017-08-07 00:00:00|948,2017-08-07,Abu Dhabi Distribution Center,inventory_change,IQR,-52.0,373.0,3.8101045296167246,High
inventory_change|IQR|Ajman Distribution Center|2015-02-08 00:00:00|37,2015-02-08,Ajman Distribution Center,inventory_change,IQR,-79.5,499.0,3.805263157894737,High
inventory_change|IQR|Ajman Distribution Center|2017-09-01 00:00:00|973,2017-09-01,Ajman Distribution Center,inventory_change,IQR,-79.5,499.0,3.805263157894737,High
inventory_change|IQR|Sharjah Distribution Center|2015-06-16 00:00:00|165,2015-06-16,Sharjah Distribution Center,inventory_change,IQR,-35.0,231.0,3.7666666666666666,High
inventory_change|IQR|Abu Dhabi Distribution Center|2016-10-28 00:00:00|665,2016-10-28,Abu Dhabi Distribution Center,inventory_change,IQR,-52.0,366.0,3.7125435540069684,High
inventory_change|IQR|Ajman Distribution Center|2016-02-22 00:00:00|416,2016-02-22,Ajman Distribution Center,inventory_change,IQR,-79.5,481.0,3.6157894736842104,High
inventory_change|IQR|Abu Dhabi Distribution Center|2015-04-07 00:00:00|95,2015-04-07,Abu Dhabi Distribution Center,inventory_change,IQR,-52.0,354.0,3.5452961672473866,High
inventory_change|IQR|Abu Dhabi Distribution Center|2016-05-24 00:00:00|508,2016-05-24,Abu Dhabi Distribution Center,inventory_change,IQR,-52.0,351.0,3.5034843205574915,High
inventory_change|IQR|Ras Al Khaimah Distribution Center|2015-03-01 00:00:00|56,2015-03-01,Ras Al Khaimah Distribution Center,inventory_change,IQR,0.0,-12.0,3.5,High
inventory_change|IQR|Ras Al Khaimah Distribution Center|2017-07-29 00:00:00|937,2017-07-29,Ras Al Khaimah Distribution Center,inventory_change,IQR,0.0,10.0,3.5,High
inventory_change|IQR|Ras Al Khaimah Distribution Center|2015-11-08 00:00:00|308,2015-11-08,Ras Al Khaimah Distribution Center,inventory_change,IQR,0.0,-12.0,3.5,High
inventory_change|IQR|Ras Al Khaimah Distribution Center|2017-08-20 00:00:00|959,2017-08-20,Ras Al Khaimah Distribution Center,inventory_change,IQR,0.0,10.0,3.5,High
inventory_change|IQR|Ras Al Khaimah Distribution Center|2016-06-02 00:00:00|515,2016-06-02,Ras Al Khaimah Distribution Center,inventory_change,IQR,0.0,-12.0,3.5,High
inventory_change|IQR|Ras Al Khaimah Distribution Center|2018-04-14 00:00:00|1196,2018-04-14,Ras Al Khaimah Distribution Center,inventory_change,IQR,0.0,10.0,3.5,High
inventory_change|IQR|Abu Dhabi Distribution Center|2015-11-28 00:00:00|330,2015-11-28,Abu Dhabi Distribution Center,inventory_change,IQR,-52.0,350.0,3.489547038327526,High
inventory_change|IQR|Sharjah Distribution Center|2017-04-19 00:00:00|838,2017-04-19,Sharjah Distribution Center,inventory_change,IQR,-35.0,218.0,3.477777777777778,High
inventory_change|IQR|Ajman Distribution Center|2015-07-27 00:00:00|206,2015-07-27,Ajman Distribution Center,inventory_change,IQR,-79.5,465.0,3.4473684210526314,High
inventory_change|IQR|Abu Dhabi Distribution Center|2015-09-09 00:00:00|250,2015-09-09,Abu Dhabi Distribution Center,inventory_change,IQR,-52.0,343.0,3.3919860627177703,High
inventory_change|IQR|Abu Dhabi Distribution Center|2017-03-04 00:00:00|792,2017-03-04,Abu Dhabi Distribution Center,inventory_change,IQR,-52.0,342.0,3.3780487804878048,High
inventory_change|IQR|Ajman Distribution Center|2015-04-21 00:00:00|109,2015-04-21,Ajman Distribution Center,inventory_change,IQR,-79.5,457.0,3.363157894736842,High
inventory_change|IQR|Ajman Distribution Center|2017-03-26 00:00:00|814,2017-03-26,Ajman Distribution Center,inventory_change,IQR,-79.5,457.0,3.363157894736842,High
inventory_change|IQR|Ajman Distribution Center|2016-08-04 00:00:00|580,2016-08-04,Ajman Distribution Center,inventory_change,IQR,-79.5,454.0,3.331578947368421,High
inventory_change|IQR|Ajman Distribution Center|2016-11-25 00:00:00|693,2016-11-25,Ajman Distribution Center,inventory_change,IQR,-79.5,454.0,3.331578947368421,High
inventory_change|IQR|Ajman Distribution Center|2016-05-26 00:00:00|510,2016-05-26,Ajman Distribution Center,inventory_change,IQR,-79.5,451.0,3.3,High
inventory_change|IQR|Abu Dhabi Distribution Center|2015-12-23 00:00:00|355,2015-12-23,Abu Dhabi Distribution Center,inventory_change,IQR,-52.0,335.0,3.2804878048780486,High
inventory_change|IQR|Abu Dhabi Distribution Center|2017-05-20 00:00:00|869,2017-05-20,Abu Dhabi Distribution Center,inventory_change,IQR,-52.0,335.0,3.2804878048780486,High
inventory_change|IQR|Abu Dhabi Distribution Center|2017-12-26 00:00:00|1089,2017-12-26,Abu Dhabi Distribution Center,inventory_change,IQR,-52.0,333.0,3.2526132404181185,High
inventory_change|IQR|Ajman Distribution Center|2016-01-05 00:00:00|368,2016-01-05,Ajman Distribution Center,inventory_change,IQR,-79.5,444.0,3.2263157894736842,High
inventory_change|IQR|Abu Dhabi Distribution Center|2016-06-21 00:00:00|536,2016-06-21,Abu Dhabi Distribution Center,inventory_change,IQR,-52.0,331.0,3.224738675958188,High
inventory_change|IQR|Abu Dhabi Distribution Center|2015-08-14 00:00:00|224,2015-08-14,Abu Dhabi Distribution Center,inventory_change,IQR,-52.0,331.0,3.224738675958188,High
inventory_change|IQR|Ajman Distribution Center|2017-09-25 00:00:00|997,2017-09-25,Ajman Distribution Center,inventory_change,IQR,-79.5,443.0,3.2157894736842105,High
inventory_change|IQR|Ajman Distribution Center|2015-06-10 00:00:00|159,2015-06-10,Ajman Distribution Center,inventory_change,IQR,-79.5,443.0,3.2157894736842105,High
inventory_change|IQR|Abu Dhabi Distribution Center|2017-07-11 00:00:00|921,2017-07-11,Abu Dhabi Distribution Center,inventory_change,IQR,-52.0,330.0,3.210801393728223,High
inventory_change|IQR|Ajman Distribution Center|2015-05-18 00:00:00|136,2015-05-18,Ajman Distribution Center,inventory_change,IQR,-79.5,442.0,3.205263157894737,High
inventory_change|IQR|Ajman Distribution Center|2016-06-18 00:00:00|533,2016-06-18,Ajman Distribution Center,inventory_change,IQR,-79.5,442.0,3.205263157894737,High
inventory_change|IQR|Abu Dhabi Distribution Center|2016-03-07 00:00:00|430,2016-03-07,Abu Dhabi Distribution Center,inventory_change,IQR,-52.0,329.0,3.196864111498258,High
inventory_change|IQR|Abu Dhabi Distribution Center|2016-04-25 00:00:00|479,2016-04-25,Abu Dhabi Distribution Center,inventory_change,IQR,-52.0,328.0,3.182926829268293,High
inventory_change|IQR|Abu Dhabi Distribution Center|2016-12-17 00:00:00|715,2016-12-17,Abu Dhabi Distribution Center,inventory_change,IQR,-52.0,328.0,3.182926829268293,High
inventory_change|IQR|Ajman Distribution Center|2016-09-18 00:00:00|625,2016-09-18,Ajman Distribution Center,inventory_change,IQR,-79.5,438.0,3.163157894736842,High
inventory_change|IQR|Ajman Distribution Center|2015-03-29 00:00:00|86,2015-03-29,Ajman Distribution Center,inventory_change,IQR,-79.5,436.0,3.142105263157895,High
inventory_change|IQR|Abu Dhabi Distribution Center|2016-02-11 00:00:00|405,2016-02-11,Abu Dhabi Distribution Center,inventory_change,IQR,-52.0,325.0,3.1411149825783973,High
inventory_change|IQR|Ajman Distribution Center|2015-08-20 00:00:00|230,2015-08-20,Ajman Distribution Center,inventory_change,IQR,-79.5,434.0,3.1210526315789475,High
inventory_change|IQR|Abu Dhabi Distribution Center|2016-08-11 00:00:00|587,2016-08-11,Abu Dhabi Distribution Center,inventory_change,IQR,-52.0,323.0,3.1132404181184667,High
inventory_change|IQR|Abu Dhabi Distribution Center|2017-01-11 00:00:00|740,2017-01-11,Abu Dhabi Distribution Center,inventory_change,IQR,-52.0,323.0,3.1132404181184667,High
inventory_change|IQR|Ajman Distribution Center|2017-06-02 00:00:00|882,2017-06-02,Ajman Distribution Center,inventory_change,IQR,-79.5,433.0,3.110526315789474,High
inventory_change|IQR|Abu Dhabi Distribution Center|2017-04-25 00:00:00|844,2017-04-25,Abu Dhabi Distribution Center,inventory_change,IQR,-52.0,321.0,3.0853658536585367,High
inventory_change|IQR|Abu Dhabi Distribution Center|2017-09-02 00:00:00|974,2017-09-02,Abu Dhabi Distribution Center,inventory_change,IQR,-52.0,318.0,3.043554006968641,High
inventory_change|IQR|Ajman Distribution Center|2015-11-20 00:00:00|322,2015-11-20,Ajman Distribution Center,inventory_change,IQR,-79.5,426.0,3.036842105263158,High
inventory_change|IQR|Ajman Distribution Center|2015-07-04 00:00:00|183,2015-07-04,Ajman Distribution Center,inventory_change,IQR,-79.5,425.0,3.026315789473684,High
inventory_change|IQR|Abu Dhabi Distribution Center|2017-03-31 00:00:00|819,2017-03-31,Abu Dhabi Distribution Center,inventory_change,IQR,-52.0,315.0,3.0017421602787455,High
inventory_change|IQR|Ras Al Khaimah Distribution Center|2018-02-10 00:00:00|1133,2018-02-10,Ras Al Khaimah Distribution Center,inventory_change,IQR,0.0,9.0,3.0,High
inventory_change|IQR|Ras Al Khaimah Distribution Center|2017-02-20 00:00:00|778,2017-02-20,Ras Al Khaimah Distribution Center,inventory_change,IQR,0.0,9.0,3.0,High
inventory_change|IQR|Ras Al Khaimah Distribution Center|2018-02-19 00:00:00|1142,2018-02-19,Ras Al Khaimah Distribution Center,inventory_change,IQR,0.0,9.0,3.0,High
inventory_change|IQR|Ras Al Khaimah Distribution Center|2017-12-26 00:00:00|1087,2017-12-26,Ras Al Khaimah Distribution Center,inventory_change,IQR,0.0,9.0,3.0,High
inventory_change|IQR|Ras Al Khaimah Distribution Center|2017-12-01 00:00:00|1062,2017-12-01,Ras Al Khaimah Distribution Center,inventory_change,IQR,0.0,9.0,3.0,High
inventory_change|IQR|Ras Al Khaimah Distribution Center|2017-10-04 00:00:00|1004,2017-10-04,Ras Al Khaimah Distribution Center,inventory_change,IQR,0.0,9.0,3.0,High
inventory_change|IQR|Ras Al Khaimah Distribution Center|2018-01-29 00:00:00|1121,2018-01-29,Ras Al Khaimah Distribution Center,inventory_change,IQR,0.0,9.0,3.0,High
inventory_change|IQR|Ras Al Khaimah Distribution Center|2018-04-02 00:00:00|1184,2018-04-02,Ras Al Khaimah Distribution Center,inventory_change,IQR,0.0,-11.0,3.0,High
inventory_change|IQR|Ras Al Khaimah Distribution Center|2017-06-30 00:00:00|908,2017-06-30,Ras Al Khaimah Distribution Center,inventory_change,IQR,0.0,9.0,3.0,High
inventory_change|IQR|Ras Al Khaimah Distribution Center|2017-03-20 00:00:00|806,2017-03-20,Ras Al Khaimah Distribution Center,inventory_change,IQR,0.0,9.0,3.0,High
inventory_change|IQR|Ajman Distribution Center|2015-10-05 00:00:00|276,2015-10-05,Ajman Distribution Center,inventory_change,IQR,-79.5,422.0,2.9947368421052634,High
inventory_change|IQR|Abu Dhabi Distribution Center|2015-11-03 00:00:00|305,2015-11-03,Abu Dhabi Distribution Center,inventory_change,IQR,-52.0,313.0,2.9738675958188154,High
inventory_change|IQR|Abu Dhabi Distribution Center|2016-01-17 00:00:00|380,2016-01-17,Abu Dhabi Distribution Center,inventory_change,IQR,-52.0,313.0,2.9738675958188154,High
inventory_change|IQR|Ajman Distribution Center|2016-04-09 00:00:00|463,2016-04-09,Ajman Distribution Center,inventory_change,IQR,-79.5,420.0,2.973684210526316,High
inventory_change|IQR|Abu Dhabi Distribution Center|2016-04-01 00:00:00|455,2016-04-01,Abu Dhabi Distribution Center,inventory_change,IQR,-52.0,312.0,2.9599303135888504,High
inventory_change|IQR|Ajman Distribution Center|2015-01-13 00:00:00|11,2015-01-13,Ajman Distribution Center,inventory_change,IQR,-79.5,418.0,2.9526315789473685,High
inventory_change|IQR|Ajman Distribution Center|2017-04-17 00:00:00|836,2017-04-17,Ajman Distribution Center,inventory_change,IQR,-79.5,417.0,2.942105263157895,High
inventory_change|IQR|Ajman Distribution Center|2017-05-10 00:00:00|859,2017-05-10,Ajman Distribution Center,inventory_change,IQR,-79.5,416.0,2.931578947368421,High
inventory_change|IQR|Ajman Distribution Center|2017-01-12 00:00:00|741,2017-01-12,Ajman Distribution Center,inventory_change,IQR,-79.5,414.0,2.9105263157894736,High
inventory_change|IQR|Ajman Distribution Center|2017-08-09 00:00:00|950,2017-08-09,Ajman Distribution Center,inventory_change,IQR,-79.5,413.0,2.9,High
inventory_change|IQR|Ajman Distribution Center|2016-07-11 00:00:00|556,2016-07-11,Ajman Distribution Center,inventory_change,IQR,-79.5,413.0,2.9,High
inventory_change|IQR|Ajman Distribution Center|2016-03-17 00:00:00|440,2016-03-17,Ajman Distribution Center,inventory_change,IQR,-79.5,412.0,2.889473684210526,High
inventory_change|IQR|Ajman Distribution Center|2015-03-03 00:00:00|60,2015-03-03,Ajman Distribution Center,inventory_change,IQR,-79.5,412.0,2.889473684210526,High
inventory_change|IQR|Ajman Distribution Center|2016-08-27 00:00:00|603,2016-08-27,Ajman Distribution Center,inventory_change,IQR,-79.5,410.0,2.8684210526315788,High
inventory_change|IQR|Ajman Distribution Center|2015-12-14 00:00:00|346,2015-12-14,Ajman Distribution Center,inventory_change,IQR,-79.5,406.0,2.8263157894736843,High
inventory_change|IQR|Ajman Distribution Center|2016-05-01 00:00:00|485,2016-05-01,Ajman Distribution Center,inventory_change,IQR,-79.5,405.0,2.8157894736842106,High
inventory_change|IQR|Ajman Distribution Center|2017-06-24 00:00:00|904,2017-06-24,Ajman Distribution Center,inventory_change,IQR,-79.5,401.0,2.7736842105263158,High
inventory_change|IQR|Ajman Distribution Center|2017-03-03 00:00:00|791,2017-03-03,Ajman Distribution Center,inventory_change,IQR,-79.5,401.0,2.7736842105263158,High
inventory_change|IQR|Ajman Distribution Center|2017-02-06 00:00:00|766,2017-02-06,Ajman Distribution Center,inventory_change,IQR,-79.5,400.0,2.763157894736842,High
inventory_change|IQR|Ajman Distribution Center|2016-10-11 00:00:00|648,2016-10-11,Ajman Distribution Center,inventory_change,IQR,-79.5,400.0,2.763157894736842,High
inventory_change|IQR|Ajman Distribution Center|2015-09-12 00:00:00|253,2015-09-12,Ajman Distribution Center,inventory_change,IQR,-79.5,397.0,2.731578947368421,High
inventory_change|IQR|Dubai Distribution Center|2017-12-16 00:00:00|1079,2017-12-16,Dubai Distribution Center,inventory_change,IQR,-84.0,442.0,2.6944444444444446,High
inventory_change|IQR|Ajman Distribution Center|2015-10-29 00:00:00|300,2015-10-29,Ajman Distribution Center,inventory_change,IQR,-79.5,392.0,2.6789473684210527,High
inventory_change|IQR|Dubai Distribution Center|2018-01-28 00:00:00|1122,2018-01-28,Dubai Distribution Center,inventory_change,IQR,-84.0,439.0,2.6666666666666665,High
inventory_change|IQR|Ajman Distribution Center|2017-07-17 00:00:00|927,2017-07-17,Ajman Distribution Center,inventory_change,IQR,-79.5,387.0,2.626315789473684,High
daily_sales|IQR|Network|2017-12-24 00:00:00|1088,2017-12-24,Network,daily_sales,IQR,122569.795,252055.05,2.589423414620575,High
transport_cost|IQR|National Freight Partners|2017-03-21 00:00:00|16205,2017-03-21,National Freight Partners,transport_cost,IQR,64.0,322.69,2.588940173974791,High
transport_cost|IQR|National Freight Partners|2017-07-14 00:00:00|136663,2017-07-14,National Freight Partners,transport_cost,IQR,64.0,322.63,2.5878750221906617,High
transport_cost|IQR|National Freight Partners|2016-07-27 00:00:00|151336,2016-07-27,National Freight Partners,transport_cost,IQR,64.0,322.63,2.5878750221906617,High
transport_cost|IQR|National Freight Partners|2017-06-29 00:00:00|48110,2017-06-29,National Freight Partners,transport_cost,IQR,64.0,322.49,2.5853896680276938,High
transport_cost|IQR|National Freight Partners|2017-07-12 00:00:00|117529,2017-07-12,National Freight Partners,transport_cost,IQR,64.0,322.48,2.585212142730339,High
transport_cost|IQR|National Freight Partners|2015-12-11 00:00:00|133175,2015-12-11,National Freight Partners,transport_cost,IQR,64.0,322.42,2.58414699094621,High
transport_cost|IQR|National Freight Partners|2017-05-24 00:00:00|162,2017-05-24,National Freight Partners,transport_cost,IQR,64.0,322.34,2.58272678856737,High
transport_cost|IQR|National Freight Partners|2016-03-03 00:00:00|4078,2016-03-03,National Freight Partners,transport_cost,IQR,64.0,322.28,2.581661636783241,High
transport_cost|IQR|National Freight Partners|2016-01-03 00:00:00|48314,2016-01-03,National Freight Partners,transport_cost,IQR,64.0,322.25,2.5811290608911768,High
transport_cost|IQR|National Freight Partners|2015-02-20 00:00:00|176743,2015-02-20,National Freight Partners,transport_cost,IQR,64.0,322.14,2.579176282620273,High
transport_cost|IQR|National Freight Partners|2016-03-29 00:00:00|71597,2016-03-29,National Freight Partners,transport_cost,IQR,64.0,322.13,2.578998757322918,High
transport_cost|IQR|National Freight Partners|2015-01-15 00:00:00|117359,2015-01-15,National Freight Partners,transport_cost,IQR,64.0,322.05,2.5775785549440795,High
transport_cost|IQR|National Freight Partners|2016-10-04 00:00:00|113157,2016-10-04,National Freight Partners,transport_cost,IQR,64.0,322.05,2.5775785549440795,High
transport_cost|IQR|National Freight Partners|2016-02-28 00:00:00|97403,2016-02-28,National Freight Partners,transport_cost,IQR,64.0,322.02,2.577045979052014,High
transport_cost|IQR|National Freight Partners|2017-05-31 00:00:00|69212,2017-05-31,National Freight Partners,transport_cost,IQR,64.0,322.01,2.57686845375466,High
transport_cost|IQR|National Freight Partners|2016-07-16 00:00:00|18070,2016-07-16,National Freight Partners,transport_cost,IQR,64.0,321.99,2.57651340315995,High
transport_cost|IQR|National Freight Partners|2016-06-17 00:00:00|97312,2016-06-17,National Freight Partners,transport_cost,IQR,64.0,321.97,2.576158352565241,High
transport_cost|IQR|National Freight Partners|2016-12-18 00:00:00|117728,2016-12-18,National Freight Partners,transport_cost,IQR,64.0,321.77,2.5726078466181423,High
transport_cost|IQR|National Freight Partners|2017-06-06 00:00:00|117765,2017-06-06,National Freight Partners,transport_cost,IQR,64.0,321.76,2.572430321320788,High
transport_cost|IQR|National Freight Partners|2016-10-26 00:00:00|48269,2016-10-26,National Freight Partners,transport_cost,IQR,64.0,321.56,2.5688798153736907,High
transport_cost|IQR|National Freight Partners|2017-07-27 00:00:00|78366,2017-07-27,National Freight Partners,transport_cost,IQR,64.0,321.49,2.5676371382922065,High
inventory_change|IQR|Sharjah Distribution Center|2017-12-16 00:00:00|1079,2017-12-16,Sharjah Distribution Center,inventory_change,IQR,-35.0,177.0,2.566666666666667,High
transport_cost|IQR|National Freight Partners|2015-07-10 00:00:00|177000,2015-07-10,National Freight Partners,transport_cost,IQR,64.0,321.43,2.566571986508077,High
transport_cost|IQR|National Freight Partners|2015-03-05 00:00:00|47965,2015-03-05,National Freight Partners,transport_cost,IQR,64.0,321.41,2.566216935913368,High
transport_cost|IQR|National Freight Partners|2017-08-12 00:00:00|117274,2017-08-12,National Freight Partners,transport_cost,IQR,64.0,321.39,2.5658618853186574,High
transport_cost|IQR|National Freight Partners|2016-04-01 00:00:00|176979,2016-04-01,National Freight Partners,transport_cost,IQR,64.0,321.34,2.564974258831883,High
transport_cost|IQR|National Freight Partners|2015-09-06 00:00:00|117536,2015-09-06,National Freight Partners,transport_cost,IQR,64.0,321.27,2.5637315817503987,High
transport_cost|IQR|National Freight Partners|2015-03-02 00:00:00|71663,2015-03-02,National Freight Partners,transport_cost,IQR,64.0,321.25,2.5633765311556895,High
transport_cost|IQR|National Freight Partners|2017-12-15 00:00:00|29174,2017-12-15,National Freight Partners,transport_cost,IQR,64.0,321.23,2.56302148056098,High
transport_cost|IQR|National Freight Partners|2017-11-16 00:00:00|44424,2017-11-16,National Freight Partners,transport_cost,IQR,64.0,321.15,2.5616012781821405,High
transport_cost|IQR|National Freight Partners|2016-08-22 00:00:00|169059,2016-08-22,National Freight Partners,transport_cost,IQR,64.0,320.95,2.558050772235043,High
transport_cost|IQR|National Freight Partners|2016-10-31 00:00:00|29358,2016-10-31,National Freight Partners,transport_cost,IQR,64.0,320.94,2.5578732469376884,High
transport_cost|IQR|National Freight Partners|2015-12-18 00:00:00|48029,2015-12-18,National Freight Partners,transport_cost,IQR,64.0,320.91,2.5573406710456243,High
transport_cost|IQR|National Freight Partners|2015-02-01 00:00:00|157395,2015-02-01,National Freight Partners,transport_cost,IQR,64.0,320.9,2.5571631457482686,High
inventory_change|IQR|Abu Dhabi Distribution Center|2017-02-06 00:00:00|766,2017-02-06,Abu Dhabi Distribution Center,inventory_change,IQR,-52.0,283.0,2.5557491289198606,High
transport_cost|IQR|National Freight Partners|2017-03-10 00:00:00|107177,2017-03-10,National Freight Partners,transport_cost,IQR,64.0,320.78,2.55503284218001,High
transport_cost|IQR|National Freight Partners|2017-08-17 00:00:00|177076,2017-08-17,National Freight Partners,transport_cost,IQR,64.0,320.57,2.551304810935558,High
transport_cost|IQR|National Freight Partners|2017-05-18 00:00:00|137629,2017-05-18,National Freight Partners,transport_cost,IQR,64.0,320.56,2.5511272856382035,High
transport_cost|IQR|National Freight Partners|2016-01-30 00:00:00|44370,2016-01-30,National Freight Partners,transport_cost,IQR,64.0,320.42,2.548641931475235,High
transport_cost|IQR|National Freight Partners|2016-11-17 00:00:00|112273,2016-11-17,National Freight Partners,transport_cost,IQR,64.0,320.37,2.5477543049884606,High
transport_cost|IQR|National Freight Partners|2016-04-27 00:00:00|44643,2016-04-27,National Freight Partners,transport_cost,IQR,64.0,320.36,2.547576779691106,High
transport_cost|IQR|National Freight Partners|2017-04-05 00:00:00|39065,2017-04-05,National Freight Partners,transport_cost,IQR,64.0,320.2,2.5447363749334277,High
transport_cost|IQR|National Freight Partners|2015-06-18 00:00:00|19961,2015-06-18,National Freight Partners,transport_cost,IQR,64.0,320.12,2.5433161725545887,High
transport_cost|IQR|National Freight Partners|2016-04-10 00:00:00|130822,2016-04-10,National Freight Partners,transport_cost,IQR,64.0,320.11,2.543138647257234,High
transport_cost|IQR|National Freight Partners|2015-03-05 00:00:00|11351,2015-03-05,National Freight Partners,transport_cost,IQR,64.0,320.06,2.5422510207704594,High
transport_cost|IQR|National Freight Partners|2016-05-06 00:00:00|51039,2016-05-06,National Freight Partners,transport_cost,IQR,64.0,320.06,2.5422510207704594,High
transport_cost|IQR|National Freight Partners|2015-11-30 00:00:00|48005,2015-11-30,National Freight Partners,transport_cost,IQR,64.0,319.85,2.5385229895260077,High
transport_cost|IQR|National Freight Partners|2016-11-25 00:00:00|44659,2016-11-25,National Freight Partners,transport_cost,IQR,64.0,319.85,2.5385229895260077,High
transport_cost|IQR|National Freight Partners|2016-11-17 00:00:00|112272,2016-11-17,National Freight Partners,transport_cost,IQR,64.0,319.83,2.538167938931297,High
transport_cost|IQR|National Freight Partners|2017-03-10 00:00:00|117324,2017-03-10,National Freight Partners,transport_cost,IQR,64.0,319.71,2.5360376353630385,High
transport_cost|IQR|National Freight Partners|2016-07-03 00:00:00|78823,2016-07-03,National Freight Partners,transport_cost,IQR,64.0,319.66,2.535150008876265,High
transport_cost|IQR|National Freight Partners|2017-08-15 00:00:00|44105,2017-08-15,National Freight Partners,transport_cost,IQR,64.0,319.58,2.5337298064974254,High
transport_cost|IQR|National Freight Partners|2016-08-24 00:00:00|44546,2016-08-24,National Freight Partners,transport_cost,IQR,64.0,319.51,2.5324871294159412,High
transport_cost|IQR|National Freight Partners|2015-08-21 00:00:00|168967,2015-08-21,National Freight Partners,transport_cost,IQR,64.0,319.48,2.531954553523877,High
transport_cost|IQR|National Freight Partners|2015-12-14 00:00:00|71577,2015-12-14,National Freight Partners,transport_cost,IQR,64.0,319.33,2.5292916740635536,High
transport_cost|IQR|National Freight Partners|2017-03-21 00:00:00|55871,2017-03-21,National Freight Partners,transport_cost,IQR,64.0,319.23,2.5275164210900054,High
transport_cost|IQR|National Freight Partners|2016-04-26 00:00:00|122269,2016-04-26,National Freight Partners,transport_cost,IQR,64.0,319.22,2.5273388957926506,High
transport_cost|IQR|National Freight Partners|2015-01-17 00:00:00|157400,2015-01-17,National Freight Partners,transport_cost,IQR,64.0,319.13,2.5257411681164563,High
transport_cost|IQR|National Freight Partners|2016-10-09 00:00:00|4096,2016-10-09,National Freight Partners,transport_cost,IQR,64.0,319.12,2.5255636428191015,High
transport_cost|IQR|National Freight Partners|2017-05-15 00:00:00|117334,2017-05-15,National Freight Partners,transport_cost,IQR,64.0,319.05,2.5243209657376178,High
transport_cost|IQR|National Freight Partners|2017-03-03 00:00:00|107281,2017-03-03,National Freight Partners,transport_cost,IQR,64.0,319.03,2.5239659151429072,High
transport_cost|IQR|National Freight Partners|2017-01-05 00:00:00|111326,2017-01-05,National Freight Partners,transport_cost,IQR,64.0,319.03,2.5239659151429072,High
transport_cost|IQR|National Freight Partners|2016-06-27 00:00:00|78906,2016-06-27,National Freight Partners,transport_cost,IQR,64.0,318.99,2.5232558139534884,High
transport_cost|IQR|National Freight Partners|2016-03-29 00:00:00|97405,2016-03-29,National Freight Partners,transport_cost,IQR,64.0,318.91,2.5218356115746494,High
transport_cost|IQR|National Freight Partners|2017-01-27 00:00:00|72704,2017-01-27,National Freight Partners,transport_cost,IQR,64.0,318.85,2.5207704597905205,High
transport_cost|IQR|National Freight Partners|2016-06-12 00:00:00|176865,2016-06-12,National Freight Partners,transport_cost,IQR,64.0,318.78,2.5195277827090354,High
transport_cost|IQR|National Freight Partners|2017-03-03 00:00:00|117605,2017-03-03,National Freight Partners,transport_cost,IQR,64.0,318.76,2.519172732114326,High
transport_cost|IQR|National Freight Partners|2017-07-28 00:00:00|44885,2017-07-28,National Freight Partners,transport_cost,IQR,64.0,318.74,2.5188176815196166,High
transport_cost|IQR|National Freight Partners|2017-03-27 00:00:00|44601,2017-03-27,National Freight Partners,transport_cost,IQR,64.0,318.62,2.516687377951358,High
transport_cost|IQR|National Freight Partners|2015-10-18 00:00:00|125054,2015-10-18,National Freight Partners,transport_cost,IQR,64.0,318.6,2.5163323273566487,High
transport_cost|IQR|National Freight Partners|2017-04-25 00:00:00|48131,2017-04-25,National Freight Partners,transport_cost,IQR,64.0,318.57,2.5157997514645833,High
transport_cost|IQR|National Freight Partners|2017-01-14 00:00:00|17923,2017-01-14,National Freight Partners,transport_cost,IQR,64.0,318.55,2.5154447008698737,High
transport_cost|IQR|National Freight Partners|2015-09-15 00:00:00|103447,2015-09-15,National Freight Partners,transport_cost,IQR,64.0,318.29,2.5108290431386475,High
transport_cost|IQR|National Freight Partners|2015-05-22 00:00:00|117686,2015-05-22,National Freight Partners,transport_cost,IQR,64.0,318.26,2.510296467246582,High
transport_cost|IQR|National Freight Partners|2015-07-28 00:00:00|144380,2015-07-28,National Freight Partners,transport_cost,IQR,64.0,318.25,2.5101189419492274,High
transport_cost|IQR|National Freight Partners|2015-08-12 00:00:00|117216,2015-08-12,National Freight Partners,transport_cost,IQR,64.0,318.23,2.509763891354518,High
transport_cost|IQR|National Freight Partners|2016-08-24 00:00:00|48093,2016-08-24,National Freight Partners,transport_cost,IQR,64.0,318.14,2.5081661636783235,High
transport_cost|IQR|National Freight Partners|2016-05-13 00:00:00|101178,2016-05-13,National Freight Partners,transport_cost,IQR,64.0,318.11,2.5076335877862594,High
transport_cost|IQR|National Freight Partners|2015-10-19 00:00:00|140327,2015-10-19,National Freight Partners,transport_cost,IQR,64.0,317.91,2.504083081839162,High
transport_cost|IQR|National Freight Partners|2015-07-03 00:00:00|63895,2015-07-03,National Freight Partners,transport_cost,IQR,64.0,317.87,2.5033729806497425,High
transport_cost|IQR|National Freight Partners|2017-07-15 00:00:00|54021,2017-07-15,National Freight Partners,transport_cost,IQR,64.0,317.86,2.5031954553523876,High
transport_cost|IQR|National Freight Partners|2016-12-29 00:00:00|188,2016-12-29,National Freight Partners,transport_cost,IQR,64.0,317.83,2.5026628794603227,High
transport_cost|IQR|National Freight Partners|2015-02-15 00:00:00|176775,2015-02-15,National Freight Partners,transport_cost,IQR,64.0,317.8,2.5021303035682583,High
transport_cost|IQR|National Freight Partners|2016-10-26 00:00:00|16191,2016-10-26,National Freight Partners,transport_cost,IQR,64.0,317.79,2.501952778270904,High
transport_cost|IQR|National Freight Partners|2017-05-21 00:00:00|48120,2017-05-21,National Freight Partners,transport_cost,IQR,64.0,317.77,2.5015977276761934,High
transport_cost|IQR|National Freight Partners|2015-02-21 00:00:00|29109,2015-02-21,National Freight Partners,transport_cost,IQR,64.0,317.69,2.5001775252973544,High
inventory_change|IQR|Sharjah Distribution Center|2018-01-25 00:00:00|1119,2018-01-25,Sharjah Distribution Center,inventory_change,IQR,-35.0,174.0,2.5,High
inventory_change|IQR|Ras Al Khaimah Distribution Center|2018-02-08 00:00:00|1131,2018-02-08,Ras Al Khaimah Distribution Center,inventory_change,IQR,0.0,8.0,2.5,High
inventory_change|IQR|Ras Al Khaimah Distribution Center|2018-06-12 00:00:00|1255,2018-06-12,Ras Al Khaimah Distribution Center,inventory_change,IQR,0.0,-10.0,2.5,High
inventory_change|IQR|Ras Al Khaimah Distribution Center|2017-10-23 00:00:00|1023,2017-10-23,Ras Al Khaimah Distribution Center,inventory_change,IQR,0.0,8.0,2.5,High
inventory_change|IQR|Ras Al Khaimah Distribution Center|2018-01-21 00:00:00|1113,2018-01-21,Ras Al Khaimah Distribution Center,inventory_change,IQR,0.0,8.0,2.5,High
inventory_change|IQR|Ras Al Khaimah Distribution Center|2018-04-01 00:00:00|1183,2018-04-01,Ras Al Khaimah Distribution Center,inventory_change,IQR,0.0,8.0,2.5,High
inventory_change|IQR|Ras Al Khaimah Distribution Center|2017-07-06 00:00:00|914,2017-07-06,Ras Al Khaimah Distribution Center,inventory_change,IQR,0.0,8.0,2.5,High
inventory_change|IQR|Ras Al Khaimah Distribution Center|2017-08-17 00:00:00|956,2017-08-17,Ras Al Khaimah Distribution Center,inventory_change,IQR,0.0,8.0,2.5,High
inventory_change|IQR|Ras Al Khaimah Distribution Center|2018-06-11 00:00:00|1254,2018-06-11,Ras Al Khaimah Distribution Center,inventory_change,IQR,0.0,8.0,2.5,High
transport_cost|IQR|National Freight Partners|2015-02-19 00:00:00|44264,2015-02-19,National Freight Partners,transport_cost,IQR,64.0,317.53,2.4973371205396764,High
transport_cost|IQR|National Freight Partners|2015-05-26 00:00:00|169082,2015-05-26,National Freight Partners,transport_cost,IQR,64.0,317.5,2.496804544647612,High
transport_cost|IQR|National Freight Partners|2017-06-19 00:00:00|140328,2017-06-19,National Freight Partners,transport_cost,IQR,64.0,317.49,2.496627019350257,High
transport_cost|IQR|National Freight Partners|2015-12-19 00:00:00|133012,2015-12-19,National Freight Partners,transport_cost,IQR,64.0,317.34,2.4939641398899335,High
transport_cost|IQR|National Freight Partners|2015-01-15 00:00:00|117625,2015-01-15,National Freight Partners,transport_cost,IQR,64.0,317.29,2.4930765134031603,High
transport_cost|IQR|National Freight Partners|2017-07-17 00:00:00|54001,2017-07-17,National Freight Partners,transport_cost,IQR,64.0,317.1,2.4897035327534174,High
transport_cost|IQR|National Freight Partners|2016-06-06 00:00:00|5652,2016-06-06,National Freight Partners,transport_cost,IQR,64.0,317.09,2.4895260074560617,High
transport_cost|IQR|National Freight Partners|2017-03-21 00:00:00|48123,2017-03-21,National Freight Partners,transport_cost,IQR,64.0,317.07,2.4891709568613525,High
transport_cost|IQR|National Freight Partners|2015-12-28 00:00:00|172752,2015-12-28,National Freight Partners,transport_cost,IQR,64.0,317.04,2.488638380969288,High
transport_cost|IQR|National Freight Partners|2016-08-29 00:00:00|122368,2016-08-29,National Freight Partners,transport_cost,IQR,64.0,317.0,2.4879282797798683,High
transport_cost|IQR|National Freight Partners|2016-10-29 00:00:00|62977,2016-10-29,National Freight Partners,transport_cost,IQR,64.0,316.75,2.4834901473459965,High
transport_cost|IQR|National Freight Partners|2015-05-25 00:00:00|97272,2015-05-25,National Freight Partners,transport_cost,IQR,64.0,316.68,2.4822474702645128,High
transport_cost|IQR|National Freight Partners|2015-09-09 00:00:00|157136,2015-09-09,National Freight Partners,transport_cost,IQR,64.0,316.62,2.4811823184803834,High
transport_cost|IQR|National Freight Partners|2016-01-05 00:00:00|16178,2016-01-05,National Freight Partners,transport_cost,IQR,64.0,316.59,2.480649742588318,High
transport_cost|IQR|National Freight Partners|2017-02-27 00:00:00|48173,2017-02-27,National Freight Partners,transport_cost,IQR,64.0,316.49,2.47887448961477,High
transport_cost|IQR|National Freight Partners|2017-03-02 00:00:00|4103,2017-03-02,National Freight Partners,transport_cost,IQR,64.0,316.41,2.4774542872359313,High
transport_cost|IQR|National Freight Partners|2016-06-09 00:00:00|48264,2016-06-09,National Freight Partners,transport_cost,IQR,64.0,316.4,2.4772767619385756,High
transport_cost|IQR|National Freight Partners|2016-06-15 00:00:00|29281,2016-06-15,National Freight Partners,transport_cost,IQR,64.0,316.39,2.477099236641221,High
transport_cost|IQR|National Freight Partners|2017-11-03 00:00:00|59446,2017-11-03,National Freight Partners,transport_cost,IQR,64.0,316.36,2.4765666607491568,High
transport_cost|IQR|National Freight Partners|2017-05-15 00:00:00|97261,2017-05-15,National Freight Partners,transport_cost,IQR,64.0,316.35,2.476389135451802,High
transport_cost|IQR|National Freight Partners|2017-03-18 00:00:00|176917,2017-03-18,National Freight Partners,transport_cost,IQR,64.0,316.29,2.4753239836676726,High
transport_cost|IQR|National Freight Partners|2016-06-02 00:00:00|100782,2016-06-02,National Freight Partners,transport_cost,IQR,64.0,316.25,2.474613882478253,High
transport_cost|IQR|National Freight Partners|2017-08-21 00:00:00|165834,2017-08-21,National Freight Partners,transport_cost,IQR,64.0,316.24,2.474436357180898,High
transport_cost|IQR|National Freight Partners|2015-12-28 00:00:00|48027,2015-12-28,National Freight Partners,transport_cost,IQR,64.0,316.2,2.4737262559914783,High
transport_cost|IQR|National Freight Partners|2016-05-10 00:00:00|48154,2016-05-10,National Freight Partners,transport_cost,IQR,64.0,316.08,2.4715959524232196,High
transport_cost|IQR|National Freight Partners|2016-07-12 00:00:00|151576,2016-07-12,National Freight Partners,transport_cost,IQR,64.0,316.02,2.4705308006390907,High
transport_cost|IQR|National Freight Partners|2016-01-27 00:00:00|71669,2016-01-27,National Freight Partners,transport_cost,IQR,64.0,315.89,2.468222971773477,High
transport_cost|IQR|National Freight Partners|2015-09-23 00:00:00|44786,2015-09-23,National Freight Partners,transport_cost,IQR,64.0,315.84,2.4673353452867026,High
transport_cost|IQR|National Freight Partners|2015-04-07 00:00:00|169146,2015-04-07,National Freight Partners,transport_cost,IQR,64.0,315.8,2.466625244097284,High
transport_cost|IQR|National Freight Partners|2016-11-22 00:00:00|29332,2016-11-22,National Freight Partners,transport_cost,IQR,64.0,315.76,2.465915142907864,High
transport_cost|IQR|National Freight Partners|2017-04-17 00:00:00|63909,2017-04-17,National Freight Partners,transport_cost,IQR,64.0,315.72,2.4652050417184452,High
transport_cost|IQR|National Freight Partners|2016-08-02 00:00:00|169118,2016-08-02,National Freight Partners,transport_cost,IQR,64.0,315.64,2.4637848393396053,High
transport_cost|IQR|National Freight Partners|2017-04-13 00:00:00|117306,2017-04-13,National Freight Partners,transport_cost,IQR,64.0,315.6,2.4630747381501865,High
transport_cost|IQR|National Freight Partners|2016-07-24 00:00:00|150929,2016-07-24,National Freight Partners,transport_cost,IQR,64.0,315.5,2.4612994851766374,High
transport_cost|IQR|National Freight Partners|2016-11-22 00:00:00|157471,2016-11-22,National Freight Partners,transport_cost,IQR,64.0,315.48,2.460944434581928,High
transport_cost|IQR|National Freight Partners|2016-10-05 00:00:00|125029,2016-10-05,National Freight Partners,transport_cost,IQR,64.0,315.35,2.4586366057163147,High
transport_cost|IQR|National Freight Partners|2016-12-16 00:00:00|16123,2016-12-16,National Freight Partners,transport_cost,IQR,64.0,315.33,2.458281555121604,High
transport_cost|IQR|National Freight Partners|2017-05-03 00:00:00|55172,2017-05-03,National Freight Partners,transport_cost,IQR,64.0,315.29,2.4575714539321853,High
transport_cost|IQR|National Freight Partners|2016-10-29 00:00:00|146854,2016-10-29,National Freight Partners,transport_cost,IQR,64.0,315.23,2.456506302148056,High
transport_cost|IQR|National Freight Partners|2015-03-26 00:00:00|125143,2015-03-26,National Freight Partners,transport_cost,IQR,64.0,315.19,2.4557962009586363,High
transport_cost|IQR|National Freight Partners|2016-06-05 00:00:00|122338,2016-06-05,National Freight Partners,transport_cost,IQR,64.0,315.07,2.4536658973903775,High
transport_cost|IQR|National Freight Partners|2017-06-20 00:00:00|105213,2017-06-20,National Freight Partners,transport_cost,IQR,64.0,315.04,2.4531333214983135,High
transport_cost|IQR|National Freight Partners|2015-02-09 00:00:00|44600,2015-02-09,National Freight Partners,transport_cost,IQR,64.0,314.98,2.452068169714184,High
transport_cost|IQR|National Freight Partners|2016-12-21 00:00:00|111616,2016-12-21,National Freight Partners,transport_cost,IQR,64.0,314.8,2.4488727143617965,High
transport_cost|IQR|National Freight Partners|2017-06-03 00:00:00|54695,2017-06-03,National Freight Partners,transport_cost,IQR,64.0,314.58,2.4449671578199887,High
transport_cost|IQR|National Freight Partners|2017-01-13 00:00:00|44556,2017-01-13,National Freight Partners,transport_cost,IQR,64.0,314.53,2.444079531333214,High
transport_cost|IQR|National Freight Partners|2016-08-10 00:00:00|20113,2016-08-10,National Freight Partners,transport_cost,IQR,64.0,314.48,2.4431919048464406,High
transport_cost|IQR|National Freight Partners|2017-07-24 00:00:00|117734,2017-07-24,National Freight Partners,transport_cost,IQR,64.0,314.41,2.441949227764957,High
transport_cost|IQR|National Freight Partners|2017-12-11 00:00:00|165791,2017-12-11,National Freight Partners,transport_cost,IQR,64.0,314.28,2.4396413988993424,High
transport_cost|IQR|National Freight Partners|2016-10-21 00:00:00|177044,2016-10-21,National Freight Partners,transport_cost,IQR,64.0,314.22,2.4385762471152144,High
transport_cost|IQR|National Freight Partners|2016-07-26 00:00:00|16115,2016-07-26,National Freight Partners,transport_cost,IQR,64.0,314.18,2.437866145925794,High
transport_cost|IQR|National Freight Partners|2015-08-30 00:00:00|165802,2015-08-30,National Freight Partners,transport_cost,IQR,64.0,314.11,2.4366234688443105,High
transport_cost|IQR|National Freight Partners|2016-03-24 00:00:00|48042,2016-03-24,National Freight Partners,transport_cost,IQR,64.0,314.08,2.436090892952245,High
transport_cost|IQR|National Freight Partners|2016-07-26 00:00:00|117501,2016-07-26,National Freight Partners,transport_cost,IQR,64.0,313.95,2.433783064086632,High
transport_cost|IQR|National Freight Partners|2017-07-27 00:00:00|165733,2017-07-27,National Freight Partners,transport_cost,IQR,64.0,313.94,2.433605538789277,High
transport_cost|IQR|National Freight Partners|2016-03-02 00:00:00|80652,2016-03-02,National Freight Partners,transport_cost,IQR,64.0,313.91,2.433072962897213,High
transport_cost|IQR|National Freight Partners|2017-06-22 00:00:00|157483,2017-06-22,National Freight Partners,transport_cost,IQR,64.0,313.89,2.4327179123025027,High
transport_cost|IQR|National Freight Partners|2016-08-05 00:00:00|97446,2016-08-05,National Freight Partners,transport_cost,IQR,64.0,313.83,2.4316527605183733,High
transport_cost|IQR|National Freight Partners|2015-06-21 00:00:00|47911,2015-06-21,National Freight Partners,transport_cost,IQR,64.0,313.8,2.4311201846263093,High
transport_cost|IQR|National Freight Partners|2015-09-26 00:00:00|44881,2015-09-26,National Freight Partners,transport_cost,IQR,64.0,313.71,2.4295224569501146,High
transport_cost|IQR|National Freight Partners|2017-05-17 00:00:00|117358,2017-05-17,National Freight Partners,transport_cost,IQR,64.0,313.71,2.4295224569501146,High
transport_cost|IQR|National Freight Partners|2016-01-15 00:00:00|132467,2016-01-15,National Freight Partners,transport_cost,IQR,64.0,313.71,2.4295224569501146,High
transport_cost|IQR|National Freight Partners|2016-03-20 00:00:00|153545,2016-03-20,National Freight Partners,transport_cost,IQR,64.0,313.69,2.4291674063554054,High
transport_cost|IQR|National Freight Partners|2017-01-02 00:00:00|33071,2017-01-02,National Freight Partners,transport_cost,IQR,64.0,313.62,2.4279247292739212,High
transport_cost|IQR|National Freight Partners|2017-10-22 00:00:00|157143,2017-10-22,National Freight Partners,transport_cost,IQR,64.0,313.58,2.4272146280845015,High
transport_cost|IQR|National Freight Partners|2016-04-18 00:00:00|101664,2016-04-18,National Freight Partners,transport_cost,IQR,64.0,313.49,2.425616900408308,High
transport_cost|IQR|National Freight Partners|2015-04-24 00:00:00|141841,2015-04-24,National Freight Partners,transport_cost,IQR,64.0,313.48,2.4254393751109533,High
transport_cost|IQR|National Freight Partners|2015-02-22 00:00:00|71659,2015-02-22,National Freight Partners,transport_cost,IQR,64.0,313.46,2.425084324516243,High
transport_cost|IQR|National Freight Partners|2016-01-14 00:00:00|157287,2016-01-14,National Freight Partners,transport_cost,IQR,64.0,313.45,2.4249067992188884,High
transport_cost|IQR|National Freight Partners|2016-04-08 00:00:00|44756,2016-04-08,National Freight Partners,transport_cost,IQR,64.0,313.11,2.418870939108823,High
transport_cost|IQR|National Freight Partners|2015-09-28 00:00:00|176678,2015-09-28,National Freight Partners,transport_cost,IQR,64.0,313.01,2.4170956861352737,High
transport_cost|IQR|National Freight Partners|2015-10-22 00:00:00|142818,2015-10-22,National Freight Partners,transport_cost,IQR,64.0,312.99,2.4167406355405645,High
transport_cost|IQR|National Freight Partners|2015-02-11 00:00:00|11304,2015-02-11,National Freight Partners,transport_cost,IQR,64.0,312.9,2.41514290786437,High
transport_cost|IQR|National Freight Partners|2016-09-28 00:00:00|117206,2016-09-28,National Freight Partners,transport_cost,IQR,64.0,312.85,2.4142552813775966,High
transport_cost|IQR|National Freight Partners|2017-08-18 00:00:00|115787,2017-08-18,National Freight Partners,transport_cost,IQR,64.0,312.85,2.4142552813775966,High
transport_cost|IQR|National Freight Partners|2015-12-04 00:00:00|17985,2015-12-04,National Freight Partners,transport_cost,IQR,64.0,312.77,2.4128350789987567,High
transport_cost|IQR|National Freight Partners|2017-07-08 00:00:00|104856,2017-07-08,National Freight Partners,transport_cost,IQR,64.0,312.67,2.4110598260252085,High
transport_cost|IQR|National Freight Partners|2015-09-03 00:00:00|117678,2015-09-03,National Freight Partners,transport_cost,IQR,64.0,312.66,2.4108823007278537,High
transport_cost|IQR|National Freight Partners|2016-03-07 00:00:00|131436,2016-03-07,National Freight Partners,transport_cost,IQR,64.0,312.6,2.409817148943725,High
transport_cost|IQR|National Freight Partners|2017-07-21 00:00:00|44782,2017-07-21,National Freight Partners,transport_cost,IQR,64.0,312.55,2.4089295224569502,High
transport_cost|IQR|National Freight Partners|2015-07-10 00:00:00|176700,2015-07-10,National Freight Partners,transport_cost,IQR,64.0,312.54,2.4087519971595954,High
transport_cost|IQR|National Freight Partners|2017-08-14 00:00:00|44086,2017-08-14,National Freight Partners,transport_cost,IQR,64.0,312.41,2.406444168293982,High
transport_cost|IQR|National Freight Partners|2017-03-12 00:00:00|62953,2017-03-12,National Freight Partners,transport_cost,IQR,64.0,312.37,2.405734067104562,High
transport_cost|IQR|National Freight Partners|2017-12-01 00:00:00|124955,2017-12-01,National Freight Partners,transport_cost,IQR,64.0,312.32,2.4048464406177876,High
transport_cost|IQR|National Freight Partners|2016-05-11 00:00:00|152668,2016-05-11,National Freight Partners,transport_cost,IQR,64.0,312.3,2.4044913900230784,High
transport_cost|IQR|National Freight Partners|2017-05-15 00:00:00|117758,2017-05-15,National Freight Partners,transport_cost,IQR,64.0,312.23,2.4032487129415943,High
transport_cost|IQR|National Freight Partners|2015-05-15 00:00:00|178216,2015-05-15,National Freight Partners,transport_cost,IQR,64.0,312.2,2.402716137049529,High
transport_cost|IQR|National Freight Partners|2017-04-02 00:00:00|117762,2017-04-02,National Freight Partners,transport_cost,IQR,64.0,312.19,2.4025386117521745,High
transport_cost|IQR|National Freight Partners|2017-03-01 00:00:00|141828,2017-03-01,National Freight Partners,transport_cost,IQR,64.0,312.1,2.400940884075981,High
transport_cost|IQR|National Freight Partners|2015-07-10 00:00:00|176950,2015-07-10,National Freight Partners,transport_cost,IQR,64.0,312.05,2.4000532575892066,High
transport_cost|IQR|National Freight Partners|2015-11-12 00:00:00|122358,2015-11-12,National Freight Partners,transport_cost,IQR,64.0,312.0,2.3991656311024316,High
transport_cost|IQR|National Freight Partners|2017-09-04 00:00:00|71790,2017-09-04,National Freight Partners,transport_cost,IQR,64.0,311.88,2.3970353275341734,High
transport_cost|IQR|National Freight Partners|2016-10-06 00:00:00|157263,2016-10-06,National Freight Partners,transport_cost,IQR,64.0,311.75,2.39472749866856,High
transport_cost|IQR|National Freight Partners|2016-08-29 00:00:00|117583,2016-08-29,National Freight Partners,transport_cost,IQR,64.0,311.73,2.3943724480738506,High
transport_cost|IQR|National Freight Partners|2016-11-15 00:00:00|63970,2016-11-15,National Freight Partners,transport_cost,IQR,64.0,311.73,2.3943724480738506,High
transport_cost|IQR|National Freight Partners|2015-07-01 00:00:00|59482,2015-07-01,National Freight Partners,transport_cost,IQR,64.0,311.66,2.3931297709923665,High
transport_cost|IQR|National Freight Partners|2016-06-05 00:00:00|2819,2016-06-05,National Freight Partners,transport_cost,IQR,64.0,311.56,2.3913545180188174,High
transport_cost|IQR|National Freight Partners|2016-08-21 00:00:00|141763,2016-08-21,National Freight Partners,transport_cost,IQR,64.0,311.5,2.390289366234688,High
transport_cost|IQR|National Freight Partners|2015-08-29 00:00:00|122188,2015-08-29,National Freight Partners,transport_cost,IQR,64.0,311.5,2.390289366234688,High
transport_cost|IQR|National Freight Partners|2017-03-09 00:00:00|4099,2017-03-09,National Freight Partners,transport_cost,IQR,64.0,311.4,2.388514113261139,High
transport_cost|IQR|National Freight Partners|2017-07-06 00:00:00|71470,2017-07-06,National Freight Partners,transport_cost,IQR,64.0,311.33,2.387271436179655,High
transport_cost|IQR|National Freight Partners|2015-01-15 00:00:00|39264,2015-01-15,National Freight Partners,transport_cost,IQR,64.0,311.26,2.386028759098171,High
transport_cost|IQR|National Freight Partners|2015-07-01 00:00:00|172723,2015-07-01,National Freight Partners,transport_cost,IQR,64.0,311.2,2.3849636073140417,High
transport_cost|IQR|National Freight Partners|2015-04-30 00:00:00|117305,2015-04-30,National Freight Partners,transport_cost,IQR,64.0,311.16,2.384253506124623,High
transport_cost|IQR|National Freight Partners|2017-09-04 00:00:00|71501,2017-09-04,National Freight Partners,transport_cost,IQR,64.0,311.15,2.384075980827267,High
transport_cost|IQR|National Freight Partners|2016-07-16 00:00:00|97344,2016-07-16,National Freight Partners,transport_cost,IQR,64.0,311.07,2.3826557784484286,High
transport_cost|IQR|National Freight Partners|2015-04-22 00:00:00|71653,2015-04-22,National Freight Partners,transport_cost,IQR,64.0,311.05,2.382300727853719,High
transport_cost|IQR|National Freight Partners|2016-07-16 00:00:00|157300,2016-07-16,National Freight Partners,transport_cost,IQR,64.0,311.03,2.381945677259009,High
transport_cost|IQR|National Freight Partners|2015-10-23 00:00:00|102864,2015-10-23,National Freight Partners,transport_cost,IQR,64.0,311.02,2.381768151961654,High
transport_cost|IQR|National Freight Partners|2016-10-23 00:00:00|122367,2016-10-23,National Freight Partners,transport_cost,IQR,64.0,310.97,2.3808805254748804,High
transport_cost|IQR|National Freight Partners|2016-03-23 00:00:00|124984,2016-03-23,National Freight Partners,transport_cost,IQR,64.0,310.96,2.3807030001775247,High
transport_cost|IQR|National Freight Partners|2016-02-28 00:00:00|157351,2016-02-28,National Freight Partners,transport_cost,IQR,64.0,310.9,2.3796378483933953,High
transport_cost|IQR|National Freight Partners|2016-01-08 00:00:00|81439,2016-01-08,National Freight Partners,transport_cost,IQR,64.0,310.89,2.3794603230960405,High
transport_cost|IQR|National Freight Partners|2017-04-11 00:00:00|117395,2017-04-11,National Freight Partners,transport_cost,IQR,64.0,310.82,2.3782176460145568,High
transport_cost|IQR|National Freight Partners|2016-06-17 00:00:00|157360,2016-06-17,National Freight Partners,transport_cost,IQR,64.0,310.74,2.376797443635718,High
transport_cost|IQR|National Freight Partners|2016-03-23 00:00:00|29274,2016-03-23,National Freight Partners,transport_cost,IQR,64.0,310.69,2.3759098171489432,High
transport_cost|IQR|National Freight Partners|2015-01-04 00:00:00|114896,2015-01-04,National Freight Partners,transport_cost,IQR,64.0,310.62,2.3746671400674595,High
transport_cost|IQR|National Freight Partners|2017-02-27 00:00:00|20005,2017-02-27,National Freight Partners,transport_cost,IQR,64.0,310.61,2.3744896147701047,High
transport_cost|IQR|National Freight Partners|2016-04-28 00:00:00|101465,2016-04-28,National Freight Partners,transport_cost,IQR,64.0,310.61,2.3744896147701047,High
transport_cost|IQR|National Freight Partners|2017-08-27 00:00:00|176896,2017-08-27,National Freight Partners,transport_cost,IQR,64.0,310.59,2.374134564175394,High
transport_cost|IQR|National Freight Partners|2016-02-28 00:00:00|20069,2016-02-28,National Freight Partners,transport_cost,IQR,64.0,310.55,2.3734244629859753,High
transport_cost|IQR|National Freight Partners|2017-02-18 00:00:00|16166,2017-02-18,National Freight Partners,transport_cost,IQR,64.0,310.54,2.373246937688621,High
transport_cost|IQR|National Freight Partners|2016-03-25 00:00:00|80320,2016-03-25,National Freight Partners,transport_cost,IQR,64.0,310.44,2.3714716847150714,High
transport_cost|IQR|National Freight Partners|2016-01-05 00:00:00|157353,2016-01-05,National Freight Partners,transport_cost,IQR,64.0,310.4,2.3707615835256517,High
transport_cost|IQR|National Freight Partners|2017-02-23 00:00:00|139047,2017-02-23,National Freight Partners,transport_cost,IQR,64.0,310.33,2.369518906444168,High
transport_cost|IQR|National Freight Partners|2017-03-14 00:00:00|29105,2017-03-14,National Freight Partners,transport_cost,IQR,64.0,310.25,2.368098704065329,High
transport_cost|IQR|National Freight Partners|2017-09-26 00:00:00|140350,2017-09-26,National Freight Partners,transport_cost,IQR,64.0,310.11,2.365613349902361,High
transport_cost|IQR|National Freight Partners|2015-11-04 00:00:00|142557,2015-11-04,National Freight Partners,transport_cost,IQR,64.0,310.09,2.3652582993076505,High
transport_cost|IQR|National Freight Partners|2016-08-23 00:00:00|44865,2016-08-23,National Freight Partners,transport_cost,IQR,64.0,310.08,2.365080774010296,High
transport_cost|IQR|National Freight Partners|2017-05-30 00:00:00|54768,2017-05-30,National Freight Partners,transport_cost,IQR,64.0,310.07,2.3649032487129413,High
transport_cost|IQR|National Freight Partners|2016-07-23 00:00:00|2802,2016-07-23,National Freight Partners,transport_cost,IQR,64.0,309.9,2.361885318657908,High
transport_cost|IQR|National Freight Partners|2017-08-21 00:00:00|125016,2017-08-21,National Freight Partners,transport_cost,IQR,64.0,309.88,2.361530268063199,High
transport_cost|IQR|National Freight Partners|2017-07-19 00:00:00|53965,2017-07-19,National Freight Partners,transport_cost,IQR,64.0,309.68,2.3579797621161016,High
transport_cost|IQR|National Freight Partners|2015-11-28 00:00:00|71603,2015-11-28,National Freight Partners,transport_cost,IQR,64.0,309.55,2.355671933250488,High
transport_cost|IQR|National Freight Partners|2015-11-17 00:00:00|176797,2015-11-17,National Freight Partners,transport_cost,IQR,64.0,309.53,2.3553168826557775,High
transport_cost|IQR|National Freight Partners|2017-04-13 00:00:00|55520,2017-04-13,National Freight Partners,transport_cost,IQR,64.0,309.52,2.355139357358423,High
transport_cost|IQR|National Freight Partners|2017-05-07 00:00:00|16238,2017-05-07,National Freight Partners,transport_cost,IQR,64.0,309.24,2.350168649032487,High
transport_cost|IQR|National Freight Partners|2016-10-29 00:00:00|4066,2016-10-29,National Freight Partners,transport_cost,IQR,64.0,309.07,2.347150718977454,High
transport_cost|IQR|National Freight Partners|2018-01-15 00:00:00|31,2018-01-15,National Freight Partners,transport_cost,IQR,64.0,309.01,2.3460855671933247,High
transport_cost|IQR|National Freight Partners|2015-03-28 00:00:00|69208,2015-03-28,National Freight Partners,transport_cost,IQR,64.0,308.91,2.3443103142197765,High
transport_cost|IQR|National Freight Partners|2015-01-12 00:00:00|36341,2015-01-12,National Freight Partners,transport_cost,IQR,64.0,308.75,2.341469909462098,High
transport_cost|IQR|National Freight Partners|2017-03-06 00:00:00|44309,2017-03-06,National Freight Partners,transport_cost,IQR,64.0,308.71,2.3407598082726784,High
transport_cost|IQR|National Freight Partners|2016-08-13 00:00:00|44649,2016-08-13,National Freight Partners,transport_cost,IQR,64.0,308.67,2.3400497070832595,High
transport_cost|IQR|National Freight Partners|2015-08-30 00:00:00|19941,2015-08-30,National Freight Partners,transport_cost,IQR,64.0,308.57,2.3382744541097105,High
transport_cost|IQR|National Freight Partners|2015-11-28 00:00:00|71767,2015-11-28,National Freight Partners,transport_cost,IQR,64.0,308.52,2.3373868276229355,High
transport_cost|IQR|National Freight Partners|2015-12-16 00:00:00|71720,2015-12-16,National Freight Partners,transport_cost,IQR,64.0,308.5,2.3370317770282263,High
transport_cost|IQR|National Freight Partners|2016-10-23 00:00:00|4030,2016-10-23,National Freight Partners,transport_cost,IQR,64.0,308.33,2.334013846973193,High
transport_cost|IQR|National Freight Partners|2015-07-01 00:00:00|48274,2015-07-01,National Freight Partners,transport_cost,IQR,64.0,308.32,2.3338363216758387,High
inventory_change|IQR|Abu Dhabi Distribution Center|2016-07-16 00:00:00|561,2016-07-16,Abu Dhabi Distribution Center,inventory_change,IQR,-52.0,267.0,2.332752613240418,High
transport_cost|IQR|National Freight Partners|2015-03-18 00:00:00|113519,2015-03-18,National Freight Partners,transport_cost,IQR,64.0,308.14,2.3306408663234506,High
transport_cost|IQR|National Freight Partners|2017-02-03 00:00:00|16135,2017-02-03,National Freight Partners,transport_cost,IQR,64.0,308.04,2.3288656133499024,High
transport_cost|IQR|National Freight Partners|2016-09-27 00:00:00|113312,2016-09-27,National Freight Partners,transport_cost,IQR,64.0,307.97,2.3276229362684187,High
transport_cost|IQR|National Freight Partners|2016-06-21 00:00:00|125007,2016-06-21,National Freight Partners,transport_cost,IQR,64.0,307.93,2.3269128350789985,High
transport_cost|IQR|National Freight Partners|2015-01-09 00:00:00|97401,2015-01-09,National Freight Partners,transport_cost,IQR,64.0,307.77,2.32407243032132,High
transport_cost|IQR|National Freight Partners|2016-07-06 00:00:00|151689,2016-07-06,National Freight Partners,transport_cost,IQR,64.0,307.74,2.323539854429256,High
transport_cost|IQR|National Freight Partners|2016-02-29 00:00:00|172810,2016-02-29,National Freight Partners,transport_cost,IQR,64.0,307.69,2.3226522279424815,High
transport_cost|IQR|National Freight Partners|2015-12-18 00:00:00|48135,2015-12-18,National Freight Partners,transport_cost,IQR,64.0,307.69,2.3226522279424815,High
transport_cost|IQR|National Freight Partners|2015-12-06 00:00:00|71667,2015-12-06,National Freight Partners,transport_cost,IQR,64.0,307.63,2.321587076158352,High
transport_cost|IQR|National Freight Partners|2016-02-11 00:00:00|131944,2016-02-11,National Freight Partners,transport_cost,IQR,64.0,307.56,2.3203443990768684,High
transport_cost|IQR|National Freight Partners|2016-10-23 00:00:00|146948,2016-10-23,National Freight Partners,transport_cost,IQR,64.0,307.53,2.319811823184803,High
transport_cost|IQR|National Freight Partners|2016-05-30 00:00:00|152340,2016-05-30,National Freight Partners,transport_cost,IQR,64.0,307.51,2.319456772590094,High
transport_cost|IQR|National Freight Partners|2015-08-29 00:00:00|143866,2015-08-29,National Freight Partners,transport_cost,IQR,64.0,307.49,2.3191017219953842,High
transport_cost|IQR|National Freight Partners|2015-07-17 00:00:00|122178,2015-07-17,National Freight Partners,transport_cost,IQR,64.0,307.21,2.314131013669447,High
transport_cost|IQR|National Freight Partners|2016-12-21 00:00:00|44684,2016-12-21,National Freight Partners,transport_cost,IQR,64.0,307.17,2.3134209124800282,High
transport_cost|IQR|National Freight Partners|2015-02-15 00:00:00|172816,2015-02-15,National Freight Partners,transport_cost,IQR,64.0,306.93,2.3091603053435112,High
transport_cost|IQR|National Freight Partners|2015-05-29 00:00:00|71540,2015-05-29,National Freight Partners,transport_cost,IQR,64.0,306.83,2.307385052369962,High
transport_cost|IQR|National Freight Partners|2016-02-21 00:00:00|179878,2016-02-21,National Freight Partners,transport_cost,IQR,64.0,306.72,2.305432274099059,High
transport_cost|IQR|National Freight Partners|2015-12-16 00:00:00|117644,2015-12-16,National Freight Partners,transport_cost,IQR,64.0,306.69,2.3048996982069943,High
transport_cost|IQR|National Freight Partners|2016-02-16 00:00:00|71715,2016-02-16,National Freight Partners,transport_cost,IQR,64.0,306.68,2.3047221729096394,High
transport_cost|IQR|National Freight Partners|2015-11-26 00:00:00|176816,2015-11-26,National Freight Partners,transport_cost,IQR,64.0,306.63,2.303834546422865,High
transport_cost|IQR|National Freight Partners|2015-05-13 00:00:00|44358,2015-05-13,National Freight Partners,transport_cost,IQR,64.0,306.54,2.3022368187466715,High
transport_cost|IQR|National Freight Partners|2015-02-28 00:00:00|63907,2015-02-28,National Freight Partners,transport_cost,IQR,64.0,306.53,2.302059293449316,High
transport_cost|IQR|National Freight Partners|2017-02-27 00:00:00|71752,2017-02-27,National Freight Partners,transport_cost,IQR,64.0,306.52,2.301881768151961,High
transport_cost|IQR|National Freight Partners|2016-09-01 00:00:00|99126,2016-09-01,National Freight Partners,transport_cost,IQR,64.0,306.42,2.300106515178413,High
transport_cost|IQR|National Freight Partners|2015-07-10 00:00:00|48217,2015-07-10,National Freight Partners,transport_cost,IQR,64.0,306.39,2.299573939286348,High
transport_cost|IQR|National Freight Partners|2015-12-12 00:00:00|29140,2015-12-12,National Freight Partners,transport_cost,IQR,64.0,306.39,2.299573939286348,High
transport_cost|IQR|National Freight Partners|2017-02-05 00:00:00|19991,2017-02-05,National Freight Partners,transport_cost,IQR,64.0,306.2,2.2962009586366054,High
transport_cost|IQR|National Freight Partners|2015-10-08 00:00:00|157332,2015-10-08,National Freight Partners,transport_cost,IQR,64.0,306.03,2.293183028581572,High
transport_cost|IQR|National Freight Partners|2015-08-15 00:00:00|44705,2015-08-15,National Freight Partners,transport_cost,IQR,64.0,306.01,2.2928279779868626,High
transport_cost|IQR|National Freight Partners|2015-04-13 00:00:00|44305,2015-04-13,National Freight Partners,transport_cost,IQR,64.0,305.99,2.2924729273921534,High
transport_cost|IQR|National Freight Partners|2017-05-30 00:00:00|125062,2017-05-30,National Freight Partners,transport_cost,IQR,64.0,305.99,2.2924729273921534,High
transport_cost|IQR|National Freight Partners|2017-09-16 00:00:00|47887,2017-09-16,National Freight Partners,transport_cost,IQR,64.0,305.94,2.291585300905379,High
transport_cost|IQR|National Freight Partners|2015-03-25 00:00:00|18085,2015-03-25,National Freight Partners,transport_cost,IQR,64.0,305.88,2.2905201491212495,High
transport_cost|IQR|National Freight Partners|2016-12-21 00:00:00|44400,2016-12-21,National Freight Partners,transport_cost,IQR,64.0,305.82,2.28945499733712,High
transport_cost|IQR|National Freight Partners|2015-02-21 00:00:00|44308,2015-02-21,National Freight Partners,transport_cost,IQR,64.0,305.8,2.289099946742411,High
transport_cost|IQR|National Freight Partners|2015-08-20 00:00:00|150915,2015-08-20,National Freight Partners,transport_cost,IQR,64.0,305.71,2.287502219066216,High
transport_cost|IQR|National Freight Partners|2016-08-24 00:00:00|48091,2016-08-24,National Freight Partners,transport_cost,IQR,64.0,305.65,2.286437067282087,High
transport_cost|IQR|National Freight Partners|2016-02-04 00:00:00|172754,2016-02-04,National Freight Partners,transport_cost,IQR,64.0,305.65,2.286437067282087,High
transport_cost|IQR|National Freight Partners|2015-03-22 00:00:00|122327,2015-03-22,National Freight Partners,transport_cost,IQR,64.0,305.62,2.285904491390023,High
transport_cost|IQR|National Freight Partners|2015-04-07 00:00:00|48241,2015-04-07,National Freight Partners,transport_cost,IQR,64.0,305.58,2.285194390200603,High
transport_cost|IQR|National Freight Partners|2015-01-27 00:00:00|125141,2015-01-27,National Freight Partners,transport_cost,IQR,64.0,305.5,2.2837741878217646,High
transport_cost|IQR|National Freight Partners|2015-08-12 00:00:00|44679,2015-08-12,National Freight Partners,transport_cost,IQR,64.0,305.47,2.2832416119297,High
transport_cost|IQR|National Freight Partners|2015-04-16 00:00:00|178762,2015-04-16,National Freight Partners,transport_cost,IQR,64.0,305.45,2.2828865613349896,High
transport_cost|IQR|National Freight Partners|2015-03-18 00:00:00|44811,2015-03-18,National Freight Partners,transport_cost,IQR,64.0,305.38,2.281643884253506,High
transport_cost|IQR|National Freight Partners|2017-11-13 00:00:00|4056,2017-11-13,National Freight Partners,transport_cost,IQR,64.0,305.35,2.281111308361442,High
transport_cost|IQR|National Freight Partners|2017-01-15 00:00:00|176886,2017-01-15,National Freight Partners,transport_cost,IQR,64.0,305.31,2.2804012071720217,High
transport_cost|IQR|National Freight Partners|2016-03-28 00:00:00|169087,2016-03-28,National Freight Partners,transport_cost,IQR,64.0,305.28,2.2798686312799568,High
transport_cost|IQR|National Freight Partners|2017-03-10 00:00:00|3023,2017-03-10,National Freight Partners,transport_cost,IQR,64.0,305.25,2.2793360553878923,High
transport_cost|IQR|National Freight Partners|2017-09-01 00:00:00|115528,2017-09-01,National Freight Partners,transport_cost,IQR,64.0,305.25,2.2793360553878923,High
transport_cost|IQR|National Freight Partners|2015-07-26 00:00:00|144437,2015-07-26,National Freight Partners,transport_cost,IQR,64.0,305.21,2.2786259541984726,High
transport_cost|IQR|National Freight Partners|2016-01-09 00:00:00|20094,2016-01-09,National Freight Partners,transport_cost,IQR,64.0,305.11,2.2768507012249244,High
transport_cost|IQR|National Freight Partners|2015-12-19 00:00:00|141845,2015-12-19,National Freight Partners,transport_cost,IQR,64.0,304.91,2.273300195277827,High
transport_cost|IQR|National Freight Partners|2017-07-27 00:00:00|16236,2017-07-27,National Freight Partners,transport_cost,IQR,64.0,304.85,2.272235043493698,High
transport_cost|IQR|National Freight Partners|2015-01-29 00:00:00|50747,2015-01-29,National Freight Partners,transport_cost,IQR,64.0,304.78,2.270992366412213,High
transport_cost|IQR|National Freight Partners|2015-07-16 00:00:00|165731,2015-07-16,National Freight Partners,transport_cost,IQR,64.0,304.77,2.2708148411148583,High
transport_cost|IQR|National Freight Partners|2016-10-10 00:00:00|117199,2016-10-10,National Freight Partners,transport_cost,IQR,64.0,304.68,2.269217113438665,High
transport_cost|IQR|National Freight Partners|2015-10-31 00:00:00|172757,2015-10-31,National Freight Partners,transport_cost,IQR,64.0,304.64,2.2685070122492452,High
transport_cost|IQR|National Freight Partners|2015-07-24 00:00:00|18034,2015-07-24,National Freight Partners,transport_cost,IQR,64.0,304.56,2.2670868098704062,High
transport_cost|IQR|National Freight Partners|2016-10-06 00:00:00|124949,2016-10-06,National Freight Partners,transport_cost,IQR,64.0,304.51,2.2661991833836317,High
transport_cost|IQR|National Freight Partners|2016-07-16 00:00:00|44644,2016-07-16,National Freight Partners,transport_cost,IQR,64.0,304.43,2.264778981004793,High
transport_cost|IQR|National Freight Partners|2016-10-06 00:00:00|125026,2016-10-06,National Freight Partners,transport_cost,IQR,64.0,304.35,2.263358778625954,High
transport_cost|IQR|National Freight Partners|2016-07-06 00:00:00|29187,2016-07-06,National Freight Partners,transport_cost,IQR,64.0,304.34,2.2631812533285984,High
transport_cost|IQR|National Freight Partners|2015-12-19 00:00:00|133010,2015-12-19,National Freight Partners,transport_cost,IQR,64.0,304.31,2.2626486774365344,High
transport_cost|IQR|National Freight Partners|2016-12-09 00:00:00|157469,2016-12-09,National Freight Partners,transport_cost,IQR,64.0,304.14,2.259630747381501,High
transport_cost|IQR|National Freight Partners|2016-02-21 00:00:00|80792,2016-02-21,National Freight Partners,transport_cost,IQR,64.0,304.06,2.2582105450026626,High
transport_cost|IQR|National Freight Partners|2015-07-26 00:00:00|144434,2015-07-26,National Freight Partners,transport_cost,IQR,64.0,303.96,2.2564352920291135,High
transport_cost|IQR|National Freight Partners|2015-02-14 00:00:00|29126,2015-02-14,National Freight Partners,transport_cost,IQR,64.0,303.85,2.2544825137582105,High
transport_cost|IQR|National Freight Partners|2016-07-23 00:00:00|18003,2016-07-23,National Freight Partners,transport_cost,IQR,64.0,303.78,2.253239836676726,High
transport_cost|IQR|National Freight Partners|2015-05-15 00:00:00|117682,2015-05-15,National Freight Partners,transport_cost,IQR,64.0,303.68,2.2514645837031777,High
transport_cost|IQR|National Freight Partners|2017-07-18 00:00:00|136594,2017-07-18,National Freight Partners,transport_cost,IQR,64.0,303.64,2.2507544825137575,High
transport_cost|IQR|National Freight Partners|2016-03-25 00:00:00|117638,2016-03-25,National Freight Partners,transport_cost,IQR,64.0,303.56,2.249334280134919,High
transport_cost|IQR|National Freight Partners|2015-01-28 00:00:00|157244,2015-01-28,National Freight Partners,transport_cost,IQR,64.0,303.43,2.247026451269306,High
transport_cost|IQR|National Freight Partners|2015-06-22 00:00:00|2945,2015-06-22,National Freight Partners,transport_cost,IQR,64.0,303.38,2.2461388247825314,High
transport_cost|IQR|National Freight Partners|2017-04-03 00:00:00|44271,2017-04-03,National Freight Partners,transport_cost,IQR,64.0,303.25,2.243830995916918,High
transport_cost|IQR|National Freight Partners|2016-08-16 00:00:00|99414,2016-08-16,National Freight Partners,transport_cost,IQR,64.0,303.12,2.2415231670513047,High
transport_cost|IQR|National Freight Partners|2016-02-21 00:00:00|29275,2016-02-21,National Freight Partners,transport_cost,IQR,64.0,303.04,2.2401029646724657,High
transport_cost|IQR|National Freight Partners|2017-07-04 00:00:00|157196,2017-07-04,National Freight Partners,transport_cost,IQR,64.0,302.98,2.239037812888337,High
transport_cost|IQR|National Freight Partners|2015-03-27 00:00:00|104617,2015-03-27,National Freight Partners,transport_cost,IQR,64.0,302.97,2.238860287590982,High
transport_cost|IQR|National Freight Partners|2017-01-17 00:00:00|157441,2017-01-17,National Freight Partners,transport_cost,IQR,64.0,302.96,2.2386827622936263,High
transport_cost|IQR|National Freight Partners|2015-12-17 00:00:00|133054,2015-12-17,National Freight Partners,transport_cost,IQR,64.0,302.8,2.2358423575359487,High
transport_cost|IQR|National Freight Partners|2015-06-17 00:00:00|54,2015-06-17,National Freight Partners,transport_cost,IQR,64.0,302.75,2.234954731049174,High
transport_cost|IQR|National Freight Partners|2015-04-25 00:00:00|169114,2015-04-25,National Freight Partners,transport_cost,IQR,64.0,302.7,2.2340671045623997,High
transport_cost|IQR|National Freight Partners|2017-07-23 00:00:00|53894,2017-07-23,National Freight Partners,transport_cost,IQR,64.0,302.49,2.2303390733179476,High
transport_cost|IQR|National Freight Partners|2015-06-21 00:00:00|61280,2015-06-21,National Freight Partners,transport_cost,IQR,64.0,302.36,2.2280312444523345,High
transport_cost|IQR|National Freight Partners|2015-08-29 00:00:00|19968,2015-08-29,National Freight Partners,transport_cost,IQR,64.0,302.25,2.2260784661814306,High
transport_cost|IQR|National Freight Partners|2016-08-22 00:00:00|157355,2016-08-22,National Freight Partners,transport_cost,IQR,64.0,302.15,2.2243032132078815,High
transport_cost|IQR|National Freight Partners|2016-03-13 00:00:00|16213,2016-03-13,National Freight Partners,transport_cost,IQR,64.0,302.14,2.2241256879105267,High
transport_cost|IQR|National Freight Partners|2015-10-26 00:00:00|117652,2015-10-26,National Freight Partners,transport_cost,IQR,64.0,302.11,2.2235931120184627,High
transport_cost|IQR|National Freight Partners|2016-10-30 00:00:00|112610,2016-10-30,National Freight Partners,transport_cost,IQR,64.0,302.03,2.2221729096396228,High
transport_cost|IQR|National Freight Partners|2015-07-27 00:00:00|144419,2015-07-27,National Freight Partners,transport_cost,IQR,64.0,301.94,2.2205751819634294,High
transport_cost|IQR|National Freight Partners|2016-11-20 00:00:00|48099,2016-11-20,National Freight Partners,transport_cost,IQR,64.0,301.88,2.2195100301793,High
transport_cost|IQR|National Freight Partners|2015-01-19 00:00:00|114607,2015-01-19,National Freight Partners,transport_cost,IQR,64.0,301.79,2.2179123025031067,High
transport_cost|IQR|National Freight Partners|2016-01-29 00:00:00|36440,2016-01-29,National Freight Partners,transport_cost,IQR,64.0,301.71,2.2164921001242672,High
transport_cost|IQR|National Freight Partners|2016-12-29 00:00:00|29063,2016-12-29,National Freight Partners,transport_cost,IQR,64.0,301.64,2.215249423042783,High
transport_cost|IQR|National Freight Partners|2017-08-08 00:00:00|115980,2017-08-08,National Freight Partners,transport_cost,IQR,64.0,301.58,2.2141842712586537,High
transport_cost|IQR|National Freight Partners|2016-07-24 00:00:00|151378,2016-07-24,National Freight Partners,transport_cost,IQR,64.0,301.55,2.2136516953665897,High
transport_cost|IQR|National Freight Partners|2017-11-02 00:00:00|19915,2017-11-02,National Freight Partners,transport_cost,IQR,64.0,301.5,2.212764068879815,High
transport_cost|IQR|National Freight Partners|2016-08-11 00:00:00|150930,2016-08-11,National Freight Partners,transport_cost,IQR,64.0,301.48,2.2124090182851055,High
transport_cost|IQR|National Freight Partners|2016-10-05 00:00:00|74418,2016-10-05,National Freight Partners,transport_cost,IQR,64.0,301.45,2.2118764423930406,High
transport_cost|IQR|National Freight Partners|2017-05-31 00:00:00|69154,2017-05-31,National Freight Partners,transport_cost,IQR,64.0,301.45,2.2118764423930406,High
transport_cost|IQR|National Freight Partners|2016-09-19 00:00:00|122235,2016-09-19,National Freight Partners,transport_cost,IQR,64.0,301.44,2.211698917095686,High
transport_cost|IQR|National Freight Partners|2015-01-22 00:00:00|20037,2015-01-22,National Freight Partners,transport_cost,IQR,64.0,301.4,2.210988815906266,High
transport_cost|IQR|National Freight Partners|2015-07-21 00:00:00|125013,2015-07-21,National Freight Partners,transport_cost,IQR,64.0,301.36,2.2102787147168472,High
transport_cost|IQR|National Freight Partners|2016-02-28 00:00:00|131591,2016-02-28,National Freight Partners,transport_cost,IQR,64.0,301.3,2.209213562932718,High
transport_cost|IQR|National Freight Partners|2016-09-10 00:00:00|122278,2016-09-10,National Freight Partners,transport_cost,IQR,64.0,301.13,2.2061956328776846,High
transport_cost|IQR|National Freight Partners|2016-09-21 00:00:00|17932,2016-09-21,National Freight Partners,transport_cost,IQR,64.0,301.11,2.2058405822829754,High
transport_cost|IQR|National Freight Partners|2017-07-14 00:00:00|51248,2017-07-14,National Freight Partners,transport_cost,IQR,64.0,301.1,2.2056630569856206,High
transport_cost|IQR|National Freight Partners|2015-06-25 00:00:00|61209,2015-06-25,National Freight Partners,transport_cost,IQR,64.0,301.06,2.204952955796201,High
transport_cost|IQR|National Freight Partners|2016-02-08 00:00:00|117705,2016-02-08,National Freight Partners,transport_cost,IQR,64.0,301.03,2.2044203799041355,High
transport_cost|IQR|National Freight Partners|2016-01-27 00:00:00|44428,2016-01-27,National Freight Partners,transport_cost,IQR,64.0,300.93,2.2026451269305873,High
transport_cost|IQR|National Freight Partners|2015-03-13 00:00:00|63924,2015-03-13,National Freight Partners,transport_cost,IQR,64.0,300.75,2.1994496715781997,High
transport_cost|IQR|National Freight Partners|2016-01-15 00:00:00|44382,2016-01-15,National Freight Partners,transport_cost,IQR,64.0,300.63,2.197319368009941,High
transport_cost|IQR|National Freight Partners|2017-09-10 00:00:00|115405,2017-09-10,National Freight Partners,transport_cost,IQR,64.0,300.58,2.1964317415231664,High
transport_cost|IQR|National Freight Partners|2016-01-29 00:00:00|71761,2016-01-29,National Freight Partners,transport_cost,IQR,64.0,300.57,2.1962542162258116,High
transport_cost|IQR|National Freight Partners|2017-03-25 00:00:00|16046,2017-03-25,National Freight Partners,transport_cost,IQR,64.0,300.5,2.195011539144328,High
transport_cost|IQR|National Freight Partners|2015-05-12 00:00:00|11320,2015-05-12,National Freight Partners,transport_cost,IQR,64.0,300.48,2.1946564885496183,High
transport_cost|IQR|National Freight Partners|2018-01-07 00:00:00|47995,2018-01-07,National Freight Partners,transport_cost,IQR,64.0,300.46,2.194301437954908,High
transport_cost|IQR|National Freight Partners|2015-06-09 00:00:00|122203,2015-06-09,National Freight Partners,transport_cost,IQR,64.0,300.3,2.1914610331972306,High
transport_cost|IQR|National Freight Partners|2017-01-29 00:00:00|44709,2017-01-29,National Freight Partners,transport_cost,IQR,64.0,300.28,2.19110598260252,High
transport_cost|IQR|National Freight Partners|2017-04-04 00:00:00|106650,2017-04-04,National Freight Partners,transport_cost,IQR,64.0,300.27,2.1909284573051653,High
transport_cost|IQR|National Freight Partners|2016-12-19 00:00:00|157256,2016-12-19,National Freight Partners,transport_cost,IQR,64.0,300.25,2.190573406710456,High
transport_cost|IQR|National Freight Partners|2016-12-16 00:00:00|117208,2016-12-16,National Freight Partners,transport_cost,IQR,64.0,300.23,2.1902183561157464,High
transport_cost|IQR|National Freight Partners|2016-04-13 00:00:00|97411,2016-04-13,National Freight Partners,transport_cost,IQR,64.0,300.14,2.188620628439552,High
transport_cost|IQR|National Freight Partners|2016-08-29 00:00:00|117210,2016-08-29,National Freight Partners,transport_cost,IQR,64.0,300.13,2.1884431031421974,High
transport_cost|IQR|National Freight Partners|2015-02-15 00:00:00|36360,2015-02-15,National Freight Partners,transport_cost,IQR,64.0,300.12,2.1882655778448425,High
transport_cost|IQR|National Freight Partners|2015-09-11 00:00:00|11340,2015-09-11,National Freight Partners,transport_cost,IQR,64.0,300.0,2.1861352742765843,High
transport_cost|IQR|National Freight Partners|2017-09-04 00:00:00|47910,2017-09-04,National Freight Partners,transport_cost,IQR,64.0,299.95,2.1852476477898097,High
transport_cost|IQR|National Freight Partners|2016-08-18 00:00:00|99372,2016-08-18,National Freight Partners,transport_cost,IQR,64.0,299.93,2.1848925971951,High
transport_cost|IQR|National Freight Partners|2016-01-07 00:00:00|81454,2016-01-07,National Freight Partners,transport_cost,IQR,64.0,299.81,2.182762293626842,High
transport_cost|IQR|National Freight Partners|2016-11-14 00:00:00|146570,2016-11-14,National Freight Partners,transport_cost,IQR,64.0,299.72,2.181164565950648,High
transport_cost|IQR|National Freight Partners|2016-05-13 00:00:00|101184,2016-05-13,National Freight Partners,transport_cost,IQR,64.0,299.5,2.1772590094088407,High
transport_cost|IQR|National Freight Partners|2017-07-13 00:00:00|36211,2017-07-13,National Freight Partners,transport_cost,IQR,64.0,299.48,2.176903958814131,High
transport_cost|IQR|National Freight Partners|2017-09-04 00:00:00|53241,2017-09-04,National Freight Partners,transport_cost,IQR,64.0,299.27,2.173175927569678,High
transport_cost|IQR|National Freight Partners|2016-06-25 00:00:00|71625,2016-06-25,National Freight Partners,transport_cost,IQR,64.0,299.24,2.172643351677614,High
transport_cost|IQR|National Freight Partners|2015-08-04 00:00:00|168989,2015-08-04,National Freight Partners,transport_cost,IQR,64.0,299.14,2.170868098704065,High
transport_cost|IQR|National Freight Partners|2017-04-10 00:00:00|44266,2017-04-10,National Freight Partners,transport_cost,IQR,64.0,299.14,2.170868098704065,High
transport_cost|IQR|National Freight Partners|2017-08-14 00:00:00|157473,2017-08-14,National Freight Partners,transport_cost,IQR,64.0,299.11,2.1703355228120005,High
daily_sales|IQR|Network|2018-09-03 00:00:00|1337,2018-09-03,Network,daily_sales,IQR,122569.795,143.55,2.1702477736707215,High
transport_cost|IQR|National Freight Partners|2017-10-10 00:00:00|17926,2017-10-10,National Freight Partners,transport_cost,IQR,64.0,299.09,2.1699804722172904,High
transport_cost|IQR|National Freight Partners|2017-06-26 00:00:00|177066,2017-06-26,National Freight Partners,transport_cost,IQR,64.0,299.08,2.1698029469199356,High
transport_cost|IQR|National Freight Partners|2017-09-26 00:00:00|36270,2017-09-26,National Freight Partners,transport_cost,IQR,64.0,299.06,2.169447896325226,High
transport_cost|IQR|National Freight Partners|2016-07-13 00:00:00|117490,2016-07-13,National Freight Partners,transport_cost,IQR,64.0,299.01,2.1685602698384514,High
transport_cost|IQR|National Freight Partners|2017-09-01 00:00:00|77702,2017-09-01,National Freight Partners,transport_cost,IQR,64.0,298.95,2.1674951180543225,High
transport_cost|IQR|National Freight Partners|2016-10-06 00:00:00|74409,2016-10-06,National Freight Partners,transport_cost,IQR,64.0,298.95,2.1674951180543225,High
transport_cost|IQR|National Freight Partners|2017-06-22 00:00:00|48290,2017-06-22,National Freight Partners,transport_cost,IQR,64.0,298.73,2.1635895615125156,High
transport_cost|IQR|National Freight Partners|2016-07-23 00:00:00|99848,2016-07-23,National Freight Partners,transport_cost,IQR,64.0,298.72,2.1634120362151608,High
transport_cost|IQR|National Freight Partners|2016-06-06 00:00:00|71733,2016-06-06,National Freight Partners,transport_cost,IQR,64.0,298.68,2.162701935025741,High
transport_cost|IQR|National Freight Partners|2017-08-14 00:00:00|44179,2017-08-14,National Freight Partners,transport_cost,IQR,64.0,298.59,2.161104207349547,High
transport_cost|IQR|National Freight Partners|2017-03-28 00:00:00|176731,2017-03-28,National Freight Partners,transport_cost,IQR,64.0,298.58,2.160926682052192,High
transport_cost|IQR|National Freight Partners|2016-09-07 00:00:00|117732,2016-09-07,National Freight Partners,transport_cost,IQR,64.0,298.21,2.1543582460500614,High
transport_cost|IQR|National Freight Partners|2015-10-06 00:00:00|141803,2015-10-06,National Freight Partners,transport_cost,IQR,64.0,298.18,2.1538256701579974,High
transport_cost|IQR|National Freight Partners|2017-08-28 00:00:00|77794,2017-08-28,National Freight Partners,transport_cost,IQR,64.0,298.17,2.1536481448606426,High
transport_cost|IQR|National Freight Partners|2017-09-24 00:00:00|141782,2017-09-24,National Freight Partners,transport_cost,IQR,64.0,298.08,2.1520504171844483,High
transport_cost|IQR|National Freight Partners|2015-03-02 00:00:00|113802,2015-03-02,National Freight Partners,transport_cost,IQR,64.0,298.04,2.1513403159950295,High
transport_cost|IQR|National Freight Partners|2015-02-21 00:00:00|169010,2015-02-21,National Freight Partners,transport_cost,IQR,64.0,298.0,2.1506302148056093,High
transport_cost|IQR|National Freight Partners|2016-07-07 00:00:00|20125,2016-07-07,National Freight Partners,transport_cost,IQR,64.0,297.89,2.148677436534706,High
transport_cost|IQR|National Freight Partners|2015-03-19 00:00:00|176964,2015-03-19,National Freight Partners,transport_cost,IQR,64.0,297.86,2.1481448606426414,High
transport_cost|IQR|National Freight Partners|2016-08-22 00:00:00|4105,2016-08-22,National Freight Partners,transport_cost,IQR,64.0,297.81,2.147257234155867,High
transport_cost|IQR|National Freight Partners|2017-04-21 00:00:00|138113,2017-04-21,National Freight Partners,transport_cost,IQR,64.0,297.68,2.144949405290254,High
transport_cost|IQR|National Freight Partners|2016-04-26 00:00:00|125122,2016-04-26,National Freight Partners,transport_cost,IQR,64.0,297.6,2.1435292029114152,High
transport_cost|IQR|National Freight Partners|2016-10-15 00:00:00|150924,2016-10-15,National Freight Partners,transport_cost,IQR,64.0,297.54,2.142464051127286,High
transport_cost|IQR|National Freight Partners|2015-12-18 00:00:00|133046,2015-12-18,National Freight Partners,transport_cost,IQR,64.0,297.44,2.140688798153737,High
transport_cost|IQR|National Freight Partners|2015-10-22 00:00:00|157185,2015-10-22,National Freight Partners,transport_cost,IQR,64.0,297.35,2.139091070477543,High
transport_cost|IQR|National Freight Partners|2016-03-09 00:00:00|117437,2016-03-09,National Freight Partners,transport_cost,IQR,64.0,297.26,2.1374933428013487,High
transport_cost|IQR|National Freight Partners|2016-01-23 00:00:00|29147,2016-01-23,National Freight Partners,transport_cost,IQR,64.0,297.24,2.1371382922066395,High
transport_cost|IQR|National Freight Partners|2016-02-02 00:00:00|132113,2016-02-02,National Freight Partners,transport_cost,IQR,64.0,297.19,2.136250665719865,High
transport_cost|IQR|National Freight Partners|2017-12-18 00:00:00|165775,2017-12-18,National Freight Partners,transport_cost,IQR,64.0,297.18,2.13607314042251,High
transport_cost|IQR|National Freight Partners|2015-08-23 00:00:00|122285,2015-08-23,National Freight Partners,transport_cost,IQR,64.0,297.13,2.1351855139357356,High
transport_cost|IQR|National Freight Partners|2016-01-05 00:00:00|132660,2016-01-05,National Freight Partners,transport_cost,IQR,64.0,297.13,2.1351855139357356,High
transport_cost|IQR|National Freight Partners|2015-03-28 00:00:00|69159,2015-03-28,National Freight Partners,transport_cost,IQR,64.0,296.99,2.1327001597727677,High
transport_cost|IQR|National Freight Partners|2016-08-21 00:00:00|48065,2016-08-21,National Freight Partners,transport_cost,IQR,64.0,296.96,2.1321675838807024,High
transport_cost|IQR|National Freight Partners|2016-09-17 00:00:00|74695,2016-09-17,National Freight Partners,transport_cost,IQR,64.0,296.93,2.1316350079886384,High
transport_cost|IQR|National Freight Partners|2017-11-02 00:00:00|140326,2017-11-02,National Freight Partners,transport_cost,IQR,64.0,296.85,2.1302148056097994,High
transport_cost|IQR|National Freight Partners|2017-06-12 00:00:00|39270,2017-06-12,National Freight Partners,transport_cost,IQR,64.0,296.82,2.1296822297177345,High
transport_cost|IQR|National Freight Partners|2017-02-23 00:00:00|107421,2017-02-23,National Freight Partners,transport_cost,IQR,64.0,296.82,2.1296822297177345,High
transport_cost|IQR|National Freight Partners|2017-03-10 00:00:00|56050,2017-03-10,National Freight Partners,transport_cost,IQR,64.0,296.76,2.128617077933605,High
transport_cost|IQR|National Freight Partners|2015-02-25 00:00:00|39198,2015-02-25,National Freight Partners,transport_cost,IQR,64.0,296.72,2.1279069767441863,High
transport_cost|IQR|National Freight Partners|2016-06-09 00:00:00|48151,2016-06-09,National Freight Partners,transport_cost,IQR,64.0,296.71,2.1277294514468306,High
transport_cost|IQR|National Freight Partners|2015-08-30 00:00:00|165813,2015-08-30,National Freight Partners,transport_cost,IQR,64.0,296.62,2.126131723770637,High
transport_cost|IQR|National Freight Partners|2017-09-26 00:00:00|77246,2017-09-26,National Freight Partners,transport_cost,IQR,64.0,296.59,2.125599147878572,High
transport_cost|IQR|National Freight Partners|2017-04-30 00:00:00|47961,2017-04-30,National Freight Partners,transport_cost,IQR,64.0,296.58,2.1254216225812175,High
transport_cost|IQR|National Freight Partners|2015-08-15 00:00:00|44217,2015-08-15,National Freight Partners,transport_cost,IQR,64.0,296.5,2.1240014202023785,High
transport_cost|IQR|National Freight Partners|2016-05-30 00:00:00|16152,2016-05-30,National Freight Partners,transport_cost,IQR,64.0,296.49,2.1238238949050237,High
transport_cost|IQR|National Freight Partners|2017-01-27 00:00:00|145310,2017-01-27,National Freight Partners,transport_cost,IQR,64.0,296.47,2.1234688443103145,High
transport_cost|IQR|National Freight Partners|2016-07-23 00:00:00|151395,2016-07-23,National Freight Partners,transport_cost,IQR,64.0,296.44,2.122936268418249,High
transport_cost|IQR|National Freight Partners|2015-05-22 00:00:00|117685,2015-05-22,National Freight Partners,transport_cost,IQR,64.0,296.43,2.1227587431208947,High
daily_sales|IQR|Network|2018-08-29 00:00:00|1336,2018-08-29,Network,daily_sales,IQR,122569.795,1530.55,2.1220178836571253,High
transport_cost|IQR|Regional Express Co.|2015-06-11 00:00:00|44092,2015-06-11,Regional Express Co.,transport_cost,IQR,64.0,296.38,2.12187111663412,High
transport_cost|IQR|Regional Express Co.|2017-04-11 00:00:00|97257,2017-04-11,Regional Express Co.,transport_cost,IQR,64.0,296.35,2.1213385407420557,High
transport_cost|IQR|National Freight Partners|2016-10-04 00:00:00|113147,2016-10-04,National Freight Partners,transport_cost,IQR,64.0,296.34,2.1211610154447,High
transport_cost|IQR|National Freight Partners|2017-05-30 00:00:00|137439,2017-05-30,National Freight Partners,transport_cost,IQR,64.0,296.3,2.120450914255281,High
transport_cost|IQR|National Freight Partners|2015-10-30 00:00:00|141830,2015-10-30,National Freight Partners,transport_cost,IQR,64.0,296.3,2.120450914255281,High
transport_cost|IQR|National Freight Partners|2015-11-03 00:00:00|29172,2015-11-03,National Freight Partners,transport_cost,IQR,64.0,296.29,2.120273388957927,High
transport_cost|IQR|National Freight Partners|2016-04-01 00:00:00|176836,2016-04-01,National Freight Partners,transport_cost,IQR,64.0,296.27,2.1199183383632163,High
transport_cost|IQR|Regional Express Co.|2015-06-03 00:00:00|17929,2015-06-03,Regional Express Co.,transport_cost,IQR,64.0,296.26,2.1197408130658615,High
transport_cost|IQR|National Freight Partners|2015-12-13 00:00:00|4058,2015-12-13,National Freight Partners,transport_cost,IQR,64.0,296.23,2.1192082371737975,High
transport_cost|IQR|Regional Express Co.|2015-09-24 00:00:00|143335,2015-09-24,Regional Express Co.,transport_cost,IQR,64.0,296.18,2.118320610687023,High
transport_cost|IQR|National Freight Partners|2016-04-11 00:00:00|44504,2016-04-11,National Freight Partners,transport_cost,IQR,64.0,296.15,2.1177880347949576,High
transport_cost|IQR|National Freight Partners|2017-07-08 00:00:00|104866,2017-07-08,National Freight Partners,transport_cost,IQR,64.0,296.15,2.1177880347949576,High
transport_cost|IQR|National Freight Partners|2016-03-27 00:00:00|150875,2016-03-27,National Freight Partners,transport_cost,IQR,64.0,296.14,2.1176105094976028,High
transport_cost|IQR|Regional Express Co.|2015-04-07 00:00:00|122206,2015-04-07,Regional Express Co.,transport_cost,IQR,64.0,296.14,2.1176105094976028,High
transport_cost|IQR|Regional Express Co.|2015-10-28 00:00:00|20107,2015-10-28,Regional Express Co.,transport_cost,IQR,64.0,296.13,2.1174329842002484,High
transport_cost|IQR|National Freight Partners|2015-06-24 00:00:00|44102,2015-06-24,National Freight Partners,transport_cost,IQR,64.0,296.13,2.1174329842002484,High
transport_cost|IQR|National Freight Partners|2016-03-05 00:00:00|14,2016-03-05,National Freight Partners,transport_cost,IQR,64.0,296.12,2.1172554589028936,High
transport_cost|IQR|Regional Express Co.|2016-02-16 00:00:00|131830,2016-02-16,Regional Express Co.,transport_cost,IQR,64.0,296.12,2.1172554589028936,High
transport_cost|IQR|Regional Express Co.|2016-04-10 00:00:00|80079,2016-04-10,Regional Express Co.,transport_cost,IQR,64.0,296.12,2.1172554589028936,High
transport_cost|IQR|Regional Express Co.|2017-04-20 00:00:00|48228,2017-04-20,Regional Express Co.,transport_cost,IQR,64.0,296.11,2.1170779336055388,High
transport_cost|IQR|National Freight Partners|2015-12-03 00:00:00|71805,2015-12-03,National Freight Partners,transport_cost,IQR,64.0,296.1,2.116900408308184,High
transport_cost|IQR|National Freight Partners|2015-11-15 00:00:00|157406,2015-11-15,National Freight Partners,transport_cost,IQR,64.0,296.06,2.116190307118764,High
transport_cost|IQR|Regional Express Co.|2015-08-15 00:00:00|32560,2015-08-15,Regional Express Co.,transport_cost,IQR,64.0,296.02,2.1154802059293445,High
transport_cost|IQR|Regional Express Co.|2016-12-11 00:00:00|71736,2016-12-11,Regional Express Co.,transport_cost,IQR,64.0,296.01,2.1153026806319897,High
transport_cost|IQR|National Freight Partners|2017-07-25 00:00:00|27399,2017-07-25,National Freight Partners,transport_cost,IQR,64.0,295.98,2.1147701047399257,High
transport_cost|IQR|Regional Express Co.|2015-08-30 00:00:00|117516,2015-08-30,Regional Express Co.,transport_cost,IQR,64.0,295.94,2.1140600035505055,High
transport_cost|IQR|Regional Express Co.|2016-03-23 00:00:00|131152,2016-03-23,Regional Express Co.,transport_cost,IQR,64.0,295.91,2.1135274276584415,High
transport_cost|IQR|Regional Express Co.|2016-03-29 00:00:00|157274,2016-03-29,Regional Express Co.,transport_cost,IQR,64.0,295.83,2.1121072252796016,High
transport_cost|IQR|Regional Express Co.|2017-08-02 00:00:00|59442,2017-08-02,Regional Express Co.,transport_cost,IQR,64.0,295.82,2.111929699982247,High
transport_cost|IQR|National Freight Partners|2016-07-08 00:00:00|100141,2016-07-08,National Freight Partners,transport_cost,IQR,64.0,295.79,2.1113971240901828,High
transport_cost|IQR|Regional Express Co.|2015-07-28 00:00:00|44558,2015-07-28,Regional Express Co.,transport_cost,IQR,64.0,295.78,2.111219598792827,High
transport_cost|IQR|National Freight Partners|2017-07-22 00:00:00|177074,2017-07-22,National Freight Partners,transport_cost,IQR,64.0,295.76,2.110864548198118,High
transport_cost|IQR|Regional Express Co.|2016-05-22 00:00:00|101003,2016-05-22,Regional Express Co.,transport_cost,IQR,64.0,295.74,2.1105094976034082,High
transport_cost|IQR|National Freight Partners|2017-01-08 00:00:00|111281,2017-01-08,National Freight Partners,transport_cost,IQR,64.0,295.73,2.110331972306054,High
transport_cost|IQR|Regional Express Co.|2016-08-01 00:00:00|36451,2016-08-01,Regional Express Co.,transport_cost,IQR,64.0,295.71,2.1099769217113433,High
transport_cost|IQR|Regional Express Co.|2015-01-28 00:00:00|157233,2015-01-28,Regional Express Co.,transport_cost,IQR,64.0,295.71,2.1099769217113433,High
transport_cost|IQR|National Freight Partners|2017-02-23 00:00:00|39190,2017-02-23,National Freight Partners,transport_cost,IQR,64.0,295.68,2.1094443458192793,High
transport_cost|IQR|Regional Express Co.|2016-01-20 00:00:00|81263,2016-01-20,Regional Express Co.,transport_cost,IQR,64.0,295.67,2.1092668205219245,High
transport_cost|IQR|Regional Express Co.|2015-07-16 00:00:00|144631,2015-07-16,Regional Express Co.,transport_cost,IQR,64.0,295.67,2.1092668205219245,High
transport_cost|IQR|National Freight Partners|2017-08-07 00:00:00|53732,2017-08-07,National Freight Partners,transport_cost,IQR,64.0,295.66,2.1090892952245697,High
transport_cost|IQR|Regional Express Co.|2016-02-29 00:00:00|36369,2016-02-29,Regional Express Co.,transport_cost,IQR,64.0,295.62,2.10837919403515,High
transport_cost|IQR|National Freight Partners|2015-06-11 00:00:00|44185,2015-06-11,National Freight Partners,transport_cost,IQR,64.0,295.6,2.1080241434404403,High
transport_cost|IQR|National Freight Partners|2015-08-04 00:00:00|29215,2015-08-04,National Freight Partners,transport_cost,IQR,64.0,295.55,2.1071365169536658,High
transport_cost|IQR|Regional Express Co.|2015-05-13 00:00:00|124936,2015-05-13,Regional Express Co.,transport_cost,IQR,64.0,295.48,2.105893839872182,High
transport_cost|IQR|Regional Express Co.|2015-05-02 00:00:00|165858,2015-05-02,Regional Express Co.,transport_cost,IQR,64.0,295.45,2.1053612639801167,High
transport_cost|IQR|National Freight Partners|2016-03-24 00:00:00|131132,2016-03-24,National Freight Partners,transport_cost,IQR,64.0,295.44,2.105183738682762,High
transport_cost|IQR|National Freight Partners|2015-09-28 00:00:00|44171,2015-09-28,National Freight Partners,transport_cost,IQR,64.0,295.4,2.104473637493342,High
transport_cost|IQR|National Freight Partners|2017-09-23 00:00:00|37,2017-09-23,National Freight Partners,transport_cost,IQR,64.0,295.3,2.102698384519794,High
transport_cost|IQR|National Freight Partners|2017-09-13 00:00:00|157135,2017-09-13,National Freight Partners,transport_cost,IQR,64.0,295.3,2.102698384519794,High
transport_cost|IQR|National Freight Partners|2017-03-09 00:00:00|165824,2017-03-09,National Freight Partners,transport_cost,IQR,64.0,295.28,2.1023433339250834,High
transport_cost|IQR|Regional Express Co.|2016-10-29 00:00:00|141801,2016-10-29,Regional Express Co.,transport_cost,IQR,64.0,295.22,2.1012781821409554,High
transport_cost|IQR|National Freight Partners|2016-05-13 00:00:00|44491,2016-05-13,National Freight Partners,transport_cost,IQR,64.0,295.21,2.1011006568435997,High
transport_cost|IQR|National Freight Partners|2017-09-10 00:00:00|150816,2017-09-10,National Freight Partners,transport_cost,IQR,64.0,295.21,2.1011006568435997,High
transport_cost|IQR|Regional Express Co.|2016-08-05 00:00:00|151190,2016-08-05,Regional Express Co.,transport_cost,IQR,64.0,295.19,2.10074560624889,High
transport_cost|IQR|Regional Express Co.|2015-03-23 00:00:00|29352,2015-03-23,Regional Express Co.,transport_cost,IQR,64.0,295.17,2.100390555654181,High
transport_cost|IQR|Regional Express Co.|2016-06-02 00:00:00|125085,2016-06-02,Regional Express Co.,transport_cost,IQR,64.0,295.16,2.100213030356826,High
transport_cost|IQR|National Freight Partners|2017-10-21 00:00:00|97238,2017-10-21,National Freight Partners,transport_cost,IQR,64.0,295.14,2.0998579797621155,High
transport_cost|IQR|Regional Express Co.|2015-10-06 00:00:00|143106,2015-10-06,Regional Express Co.,transport_cost,IQR,64.0,295.11,2.0993254038700515,High
transport_cost|IQR|National Freight Partners|2017-04-30 00:00:00|48231,2017-04-30,National Freight Partners,transport_cost,IQR,64.0,295.1,2.0991478785726967,High
transport_cost|IQR|National Freight Partners|2017-07-04 00:00:00|157195,2017-07-04,National Freight Partners,transport_cost,IQR,64.0,295.02,2.0977276761938572,High
transport_cost|IQR|National Freight Partners|2016-02-21 00:00:00|179874,2016-02-21,National Freight Partners,transport_cost,IQR,64.0,294.99,2.097195100301793,High
transport_cost|IQR|Regional Express Co.|2017-03-28 00:00:00|122330,2017-03-28,Regional Express Co.,transport_cost,IQR,64.0,294.97,2.0968400497070836,High
transport_cost|IQR|National Freight Partners|2016-12-17 00:00:00|71611,2016-12-17,National Freight Partners,transport_cost,IQR,64.0,294.97,2.0968400497070836,High
transport_cost|IQR|Regional Express Co.|2017-04-04 00:00:00|31699,2017-04-04,Regional Express Co.,transport_cost,IQR,64.0,294.96,2.096662524409728,High
transport_cost|IQR|Regional Express Co.|2017-07-18 00:00:00|172813,2017-07-18,Regional Express Co.,transport_cost,IQR,64.0,294.87,2.0950647967335345,High
transport_cost|IQR|National Freight Partners|2016-02-04 00:00:00|71590,2016-02-04,National Freight Partners,transport_cost,IQR,64.0,294.86,2.0948872714361797,High
transport_cost|IQR|Regional Express Co.|2016-12-09 00:00:00|111846,2016-12-09,Regional Express Co.,transport_cost,IQR,64.0,294.8,2.0938221196520503,High
transport_cost|IQR|Regional Express Co.|2016-11-22 00:00:00|150880,2016-11-22,Regional Express Co.,transport_cost,IQR,64.0,294.69,2.0918693413811464,High
transport_cost|IQR|Regional Express Co.|2015-11-28 00:00:00|63016,2015-11-28,Regional Express Co.,transport_cost,IQR,64.0,294.68,2.0916918160837916,High
transport_cost|IQR|National Freight Partners|2015-07-26 00:00:00|140372,2015-07-26,National Freight Partners,transport_cost,IQR,64.0,294.64,2.090981714894372,High
transport_cost|IQR|National Freight Partners|2017-02-22 00:00:00|125063,2017-02-22,National Freight Partners,transport_cost,IQR,64.0,294.6,2.090271613704953,High
transport_cost|IQR|National Freight Partners|2017-04-09 00:00:00|20044,2017-04-09,National Freight Partners,transport_cost,IQR,64.0,294.58,2.0899165631102425,High
transport_cost|IQR|National Freight Partners|2016-11-09 00:00:00|73863,2016-11-09,National Freight Partners,transport_cost,IQR,64.0,294.57,2.089739037812888,High
transport_cost|IQR|National Freight Partners|2016-12-29 00:00:00|36390,2016-12-29,National Freight Partners,transport_cost,IQR,64.0,294.55,2.0893839872181785,High
transport_cost|IQR|Regional Express Co.|2016-05-26 00:00:00|71775,2016-05-26,Regional Express Co.,transport_cost,IQR,64.0,294.54,2.0892064619208237,High
transport_cost|IQR|Regional Express Co.|2015-09-03 00:00:00|48164,2015-09-03,Regional Express Co.,transport_cost,IQR,64.0,294.52,2.088851411326113,High
transport_cost|IQR|National Freight Partners|2016-06-25 00:00:00|141870,2016-06-25,National Freight Partners,transport_cost,IQR,64.0,294.48,2.0881413101366944,High
transport_cost|IQR|National Freight Partners|2015-07-28 00:00:00|69144,2015-07-28,National Freight Partners,transport_cost,IQR,64.0,294.48,2.0881413101366944,High
transport_cost|IQR|Regional Express Co.|2016-03-02 00:00:00|131548,2016-03-02,Regional Express Co.,transport_cost,IQR,64.0,294.48,2.0881413101366944,High
transport_cost|IQR|Regional Express Co.|2017-09-03 00:00:00|17936,2017-09-03,Regional Express Co.,transport_cost,IQR,64.0,294.46,2.0877862595419843,High
transport_cost|IQR|National Freight Partners|2016-06-02 00:00:00|63963,2016-06-02,National Freight Partners,transport_cost,IQR,64.0,294.41,2.0868986330552106,High
transport_cost|IQR|National Freight Partners|2016-02-21 00:00:00|131727,2016-02-21,National Freight Partners,transport_cost,IQR,64.0,294.29,2.084768329486952,High
transport_cost|IQR|Regional Express Co.|2017-08-17 00:00:00|77985,2017-08-17,Regional Express Co.,transport_cost,IQR,64.0,294.27,2.0844132788922414,High
transport_cost|IQR|National Freight Partners|2017-09-13 00:00:00|53079,2017-09-13,National Freight Partners,transport_cost,IQR,64.0,294.24,2.0838807030001774,High
transport_cost|IQR|Regional Express Co.|2015-10-10 00:00:00|143035,2015-10-10,Regional Express Co.,transport_cost,IQR,64.0,294.23,2.0837031777028225,High
transport_cost|IQR|Regional Express Co.|2017-09-13 00:00:00|115319,2017-09-13,Regional Express Co.,transport_cost,IQR,64.0,294.12,2.081750399431919,High
transport_cost|IQR|National Freight Partners|2016-01-22 00:00:00|29359,2016-01-22,National Freight Partners,transport_cost,IQR,64.0,294.08,2.081040298242499,High
transport_cost|IQR|National Freight Partners|2015-04-13 00:00:00|62359,2015-04-13,National Freight Partners,transport_cost,IQR,64.0,294.07,2.080862772945144,High
transport_cost|IQR|Regional Express Co.|2016-08-25 00:00:00|157359,2016-08-25,Regional Express Co.,transport_cost,IQR,64.0,294.05,2.080507722350435,High
transport_cost|IQR|Regional Express Co.|2015-07-28 00:00:00|44667,2015-07-28,Regional Express Co.,transport_cost,IQR,64.0,293.98,2.0792650452689507,High
transport_cost|IQR|Regional Express Co.|2015-05-16 00:00:00|61829,2015-05-16,Regional Express Co.,transport_cost,IQR,64.0,293.98,2.0792650452689507,High
transport_cost|IQR|Regional Express Co.|2015-09-24 00:00:00|44151,2015-09-24,Regional Express Co.,transport_cost,IQR,64.0,293.97,2.0790875199715964,High
transport_cost|IQR|Regional Express Co.|2017-04-04 00:00:00|117552,2017-04-04,Regional Express Co.,transport_cost,IQR,64.0,293.92,2.078199893484822,High
transport_cost|IQR|Regional Express Co.|2018-01-13 00:00:00|17,2018-01-13,Regional Express Co.,transport_cost,IQR,64.0,293.91,2.078022368187467,High
transport_cost|IQR|Regional Express Co.|2017-12-01 00:00:00|169032,2017-12-01,Regional Express Co.,transport_cost,IQR,64.0,293.9,2.0778448428901113,High
transport_cost|IQR|National Freight Partners|2015-08-04 00:00:00|144262,2015-08-04,National Freight Partners,transport_cost,IQR,64.0,293.9,2.0778448428901113,High
transport_cost|IQR|Regional Express Co.|2016-04-15 00:00:00|153084,2016-04-15,Regional Express Co.,transport_cost,IQR,64.0,293.87,2.077312266998047,High
transport_cost|IQR|Regional Express Co.|2017-01-25 00:00:00|48293,2017-01-25,Regional Express Co.,transport_cost,IQR,64.0,293.83,2.076602165808627,High
transport_cost|IQR|Regional Express Co.|2015-09-03 00:00:00|48101,2015-09-03,Regional Express Co.,transport_cost,IQR,64.0,293.65,2.0734067104562395,High
transport_cost|IQR|Regional Express Co.|2016-12-16 00:00:00|168964,2016-12-16,Regional Express Co.,transport_cost,IQR,64.0,293.63,2.07305165986153,High
transport_cost|IQR|Regional Express Co.|2016-03-12 00:00:00|124962,2016-03-12,Regional Express Co.,transport_cost,IQR,64.0,293.61,2.0726966092668206,High
transport_cost|IQR|Regional Express Co.|2015-08-14 00:00:00|71466,2015-08-14,Regional Express Co.,transport_cost,IQR,64.0,293.59,2.07234155867211,High
transport_cost|IQR|National Freight Partners|2015-03-03 00:00:00|117330,2015-03-03,National Freight Partners,transport_cost,IQR,64.0,293.57,2.0719865080774005,High
transport_cost|IQR|Regional Express Co.|2015-04-25 00:00:00|157334,2015-04-25,Regional Express Co.,transport_cost,IQR,64.0,293.57,2.0719865080774005,High
transport_cost|IQR|Regional Express Co.|2016-01-08 00:00:00|44366,2016-01-08,Regional Express Co.,transport_cost,IQR,64.0,293.56,2.071808982780046,High
transport_cost|IQR|Regional Express Co.|2016-11-01 00:00:00|18048,2016-11-01,Regional Express Co.,transport_cost,IQR,64.0,293.55,2.0716314574826913,High
transport_cost|IQR|National Freight Partners|2015-08-19 00:00:00|150864,2015-08-19,National Freight Partners,transport_cost,IQR,64.0,293.52,2.071098881590626,High
transport_cost|IQR|Regional Express Co.|2016-10-30 00:00:00|117417,2016-10-30,Regional Express Co.,transport_cost,IQR,64.0,293.46,2.0700337298064966,High
transport_cost|IQR|National Freight Partners|2017-06-19 00:00:00|160,2017-06-19,National Freight Partners,transport_cost,IQR,64.0,293.42,2.0693236286170777,High
transport_cost|IQR|Regional Express Co.|2017-07-14 00:00:00|122197,2017-07-14,Regional Express Co.,transport_cost,IQR,64.0,293.42,2.0693236286170777,High
transport_cost|IQR|Regional Express Co.|2015-12-18 00:00:00|141742,2015-12-18,Regional Express Co.,transport_cost,IQR,64.0,293.4,2.0689685780223677,High
transport_cost|IQR|Regional Express Co.|2017-11-26 00:00:00|29178,2017-11-26,Regional Express Co.,transport_cost,IQR,64.0,293.32,2.0675483756435287,High
transport_cost|IQR|National Freight Partners|2015-11-04 00:00:00|176825,2015-11-04,National Freight Partners,transport_cost,IQR,64.0,293.31,2.0673708503461743,High
transport_cost|IQR|Regional Express Co.|2016-11-04 00:00:00|177049,2016-11-04,Regional Express Co.,transport_cost,IQR,64.0,293.31,2.0673708503461743,High
transport_cost|IQR|National Freight Partners|2015-03-27 00:00:00|20045,2015-03-27,National Freight Partners,transport_cost,IQR,64.0,293.3,2.0671933250488195,High
transport_cost|IQR|Regional Express Co.|2017-05-18 00:00:00|169170,2017-05-18,Regional Express Co.,transport_cost,IQR,64.0,293.29,2.0670157997514647,High
transport_cost|IQR|National Freight Partners|2017-09-04 00:00:00|115490,2017-09-04,National Freight Partners,transport_cost,IQR,64.0,293.26,2.0664832238593998,High
transport_cost|IQR|Regional Express Co.|2015-09-11 00:00:00|47904,2015-09-11,Regional Express Co.,transport_cost,IQR,64.0,293.25,2.066305698562045,High
transport_cost|IQR|Regional Express Co.|2016-10-04 00:00:00|122251,2016-10-04,Regional Express Co.,transport_cost,IQR,64.0,293.18,2.0650630214805608,High
transport_cost|IQR|Regional Express Co.|2017-05-06 00:00:00|164,2017-05-06,Regional Express Co.,transport_cost,IQR,64.0,293.17,2.064885496183206,High
transport_cost|IQR|Regional Express Co.|2017-06-20 00:00:00|157145,2017-06-20,Regional Express Co.,transport_cost,IQR,64.0,293.11,2.063820344399077,High
transport_cost|IQR|Regional Express Co.|2015-02-09 00:00:00|11367,2015-02-09,Regional Express Co.,transport_cost,IQR,64.0,293.1,2.063642819101722,High
transport_cost|IQR|National Freight Partners|2016-12-09 00:00:00|146117,2016-12-09,National Freight Partners,transport_cost,IQR,64.0,293.08,2.0632877685070117,High
transport_cost|IQR|Regional Express Co.|2015-06-02 00:00:00|117262,2015-06-02,Regional Express Co.,transport_cost,IQR,64.0,293.06,2.0629327179123025,High
transport_cost|IQR|Regional Express Co.|2017-08-16 00:00:00|11361,2017-08-16,Regional Express Co.,transport_cost,IQR,64.0,292.97,2.0613349902361087,High
transport_cost|IQR|National Freight Partners|2015-11-04 00:00:00|97292,2015-11-04,National Freight Partners,transport_cost,IQR,64.0,292.97,2.0613349902361087,High
transport_cost|IQR|National Freight Partners|2015-08-19 00:00:00|59485,2015-08-19,National Freight Partners,transport_cost,IQR,64.0,292.94,2.0608024143440438,High
transport_cost|IQR|National Freight Partners|2015-04-22 00:00:00|16243,2015-04-22,National Freight Partners,transport_cost,IQR,64.0,292.91,2.0602698384519798,High
transport_cost|IQR|National Freight Partners|2017-07-08 00:00:00|97214,2017-07-08,National Freight Partners,transport_cost,IQR,64.0,292.91,2.0602698384519798,High
transport_cost|IQR|Regional Express Co.|2016-03-23 00:00:00|125115,2016-03-23,Regional Express Co.,transport_cost,IQR,64.0,292.91,2.0602698384519798,High
transport_cost|IQR|Regional Express Co.|2017-02-03 00:00:00|145173,2017-02-03,Regional Express Co.,transport_cost,IQR,64.0,292.89,2.0599147878572692,High
transport_cost|IQR|Regional Express Co.|2016-09-05 00:00:00|18060,2016-09-05,Regional Express Co.,transport_cost,IQR,64.0,292.86,2.059382211965205,High
transport_cost|IQR|Regional Express Co.|2015-08-29 00:00:00|122175,2015-08-29,Regional Express Co.,transport_cost,IQR,64.0,292.85,2.0592046866678504,High
transport_cost|IQR|National Freight Partners|2017-06-09 00:00:00|105378,2017-06-09,National Freight Partners,transport_cost,IQR,64.0,292.84,2.0590271613704947,High
transport_cost|IQR|Regional Express Co.|2016-10-26 00:00:00|112693,2016-10-26,Regional Express Co.,transport_cost,IQR,64.0,292.79,2.058139534883721,High
transport_cost|IQR|Regional Express Co.|2016-07-16 00:00:00|125084,2016-07-16,Regional Express Co.,transport_cost,IQR,64.0,292.78,2.0579620095863653,High
transport_cost|IQR|National Freight Partners|2016-03-30 00:00:00|165829,2016-03-30,National Freight Partners,transport_cost,IQR,64.0,292.76,2.0576069589916557,High
transport_cost|IQR|Regional Express Co.|2015-08-30 00:00:00|29077,2015-08-30,Regional Express Co.,transport_cost,IQR,64.0,292.74,2.0572519083969465,High
transport_cost|IQR|National Freight Partners|2017-11-26 00:00:00|4061,2017-11-26,National Freight Partners,transport_cost,IQR,64.0,292.74,2.0572519083969465,High
transport_cost|IQR|Regional Express Co.|2017-07-30 00:00:00|71703,2017-07-30,Regional Express Co.,transport_cost,IQR,64.0,292.71,2.056719332504881,High
transport_cost|IQR|Regional Express Co.|2016-02-29 00:00:00|48257,2016-02-29,Regional Express Co.,transport_cost,IQR,64.0,292.69,2.056364281910172,High
transport_cost|IQR|National Freight Partners|2015-05-05 00:00:00|16051,2015-05-05,National Freight Partners,transport_cost,IQR,64.0,292.68,2.056186756612817,High
transport_cost|IQR|Regional Express Co.|2017-06-27 00:00:00|52033,2017-06-27,Regional Express Co.,transport_cost,IQR,64.0,292.65,2.0556541807207522,High
transport_cost|IQR|Regional Express Co.|2017-02-23 00:00:00|63904,2017-02-23,Regional Express Co.,transport_cost,IQR,64.0,292.6,2.0547665542339786,High
transport_cost|IQR|Regional Express Co.|2018-01-12 00:00:00|83,2018-01-12,Regional Express Co.,transport_cost,IQR,64.0,292.56,2.0540564530445584,High
transport_cost|IQR|Regional Express Co.|2015-08-16 00:00:00|69118,2015-08-16,Regional Express Co.,transport_cost,IQR,64.0,292.5,2.0529913012604295,High
transport_cost|IQR|National Freight Partners|2016-10-23 00:00:00|74145,2016-10-23,National Freight Partners,transport_cost,IQR,64.0,292.48,2.05263625066572,High
transport_cost|IQR|National Freight Partners|2015-10-18 00:00:00|19935,2015-10-18,National Freight Partners,transport_cost,IQR,64.0,292.47,2.052458725368365,High
transport_cost|IQR|Regional Express Co.|2015-07-24 00:00:00|150827,2015-07-24,Regional Express Co.,transport_cost,IQR,64.0,292.43,2.0517486241789453,High
transport_cost|IQR|National Freight Partners|2017-07-21 00:00:00|71646,2017-07-21,National Freight Partners,transport_cost,IQR,64.0,292.35,2.0503284218001068,High
daily_sales|IQR|Network|2018-08-28 00:00:00|1335,2018-08-28,Network,daily_sales,IQR,122569.795,3637.17,2.04876478279163,High
transport_cost|IQR|Regional Express Co.|2017-03-12 00:00:00|56018,2017-03-12,Regional Express Co.,transport_cost,IQR,64.0,292.24,2.048375643529203,High
transport_cost|IQR|National Freight Partners|2016-08-21 00:00:00|44858,2016-08-21,National Freight Partners,transport_cost,IQR,64.0,292.13,2.046422865258299,High
transport_cost|IQR|Regional Express Co.|2015-08-29 00:00:00|44799,2015-08-29,Regional Express Co.,transport_cost,IQR,64.0,292.12,2.046245339960944,High
transport_cost|IQR|Regional Express Co.|2017-09-16 00:00:00|63897,2017-09-16,Regional Express Co.,transport_cost,IQR,64.0,292.06,2.045180188176815,High
transport_cost|IQR|Regional Express Co.|2016-09-21 00:00:00|172799,2016-09-21,Regional Express Co.,transport_cost,IQR,64.0,292.05,2.0450026628794604,High
transport_cost|IQR|Regional Express Co.|2015-06-11 00:00:00|165836,2015-06-11,Regional Express Co.,transport_cost,IQR,64.0,292.02,2.044470086987395,High
transport_cost|IQR|Regional Express Co.|2017-02-08 00:00:00|172804,2017-02-08,Regional Express Co.,transport_cost,IQR,64.0,292.02,2.044470086987395,High
transport_cost|IQR|National Freight Partners|2015-06-17 00:00:00|177594,2015-06-17,National Freight Partners,transport_cost,IQR,64.0,291.99,2.043937511095331,High
transport_cost|IQR|Regional Express Co.|2017-03-06 00:00:00|107238,2017-03-06,Regional Express Co.,transport_cost,IQR,64.0,291.98,2.0437599857979762,High
transport_cost|IQR|Regional Express Co.|2016-10-06 00:00:00|29062,2016-10-06,Regional Express Co.,transport_cost,IQR,64.0,291.97,2.0435824605006214,High
transport_cost|IQR|Regional Express Co.|2015-11-15 00:00:00|157507,2015-11-15,Regional Express Co.,transport_cost,IQR,64.0,291.97,2.0435824605006214,High
transport_cost|IQR|National Freight Partners|2018-01-20 00:00:00|124990,2018-01-20,National Freight Partners,transport_cost,IQR,64.0,291.96,2.0434049352032657,High
transport_cost|IQR|Regional Express Co.|2017-08-17 00:00:00|77991,2017-08-17,Regional Express Co.,transport_cost,IQR,64.0,291.94,2.0430498846085565,High
transport_cost|IQR|Regional Express Co.|2016-12-22 00:00:00|111590,2016-12-22,Regional Express Co.,transport_cost,IQR,64.0,291.9,2.0423397834191364,High
transport_cost|IQR|Regional Express Co.|2016-08-17 00:00:00|99396,2016-08-17,Regional Express Co.,transport_cost,IQR,64.0,291.84,2.0412746316350074,High
transport_cost|IQR|National Freight Partners|2016-05-06 00:00:00|152744,2016-05-06,National Freight Partners,transport_cost,IQR,64.0,291.83,2.0410971063376526,High
transport_cost|IQR|National Freight Partners|2015-01-16 00:00:00|172806,2015-01-16,National Freight Partners,transport_cost,IQR,64.0,291.78,2.040209479850878,High
transport_cost|IQR|Regional Express Co.|2015-08-12 00:00:00|47901,2015-08-12,Regional Express Co.,transport_cost,IQR,64.0,291.75,2.039676903958814,High
transport_cost|IQR|Regional Express Co.|2015-02-13 00:00:00|76436,2015-02-13,Regional Express Co.,transport_cost,IQR,64.0,291.74,2.0394993786614593,High
transport_cost|IQR|National Freight Partners|2017-06-26 00:00:00|97209,2017-06-26,National Freight Partners,transport_cost,IQR,64.0,291.64,2.03772412568791,High
transport_cost|IQR|Regional Express Co.|2015-02-25 00:00:00|20018,2015-02-25,Regional Express Co.,transport_cost,IQR,64.0,291.62,2.0373690750932005,High
transport_cost|IQR|National Freight Partners|2015-09-06 00:00:00|122284,2015-09-06,National Freight Partners,transport_cost,IQR,64.0,291.61,2.0371915497958457,High
transport_cost|IQR|Regional Express Co.|2017-05-03 00:00:00|137880,2017-05-03,Regional Express Co.,transport_cost,IQR,64.0,291.6,2.0370140244984913,High
transport_cost|IQR|National Freight Partners|2015-02-14 00:00:00|16132,2015-02-14,National Freight Partners,transport_cost,IQR,64.0,291.57,2.036481448606426,High
transport_cost|IQR|Regional Express Co.|2017-04-21 00:00:00|4102,2017-04-21,Regional Express Co.,transport_cost,IQR,64.0,291.56,2.036303923309071,High
transport_cost|IQR|National Freight Partners|2016-12-19 00:00:00|157259,2016-12-19,National Freight Partners,transport_cost,IQR,64.0,291.53,2.0357713474170063,High
transport_cost|IQR|Regional Express Co.|2015-01-07 00:00:00|47968,2015-01-07,Regional Express Co.,transport_cost,IQR,64.0,291.53,2.0357713474170063,High
transport_cost|IQR|Regional Express Co.|2015-07-23 00:00:00|169108,2015-07-23,Regional Express Co.,transport_cost,IQR,64.0,291.5,2.0352387715249423,High
transport_cost|IQR|National Freight Partners|2015-08-15 00:00:00|103911,2015-08-15,National Freight Partners,transport_cost,IQR,64.0,291.4,2.0334635185513927,High
transport_cost|IQR|National Freight Partners|2015-09-20 00:00:00|103380,2015-09-20,National Freight Partners,transport_cost,IQR,64.0,291.39,2.0332859932540384,High
transport_cost|IQR|Regional Express Co.|2015-06-11 00:00:00|44132,2015-06-11,Regional Express Co.,transport_cost,IQR,64.0,291.36,2.032753417361974,High
transport_cost|IQR|Regional Express Co.|2015-07-11 00:00:00|183,2015-07-11,Regional Express Co.,transport_cost,IQR,64.0,291.35,2.0325758920646195,High
transport_cost|IQR|Regional Express Co.|2016-07-16 00:00:00|44629,2016-07-16,Regional Express Co.,transport_cost,IQR,64.0,291.34,2.032398366767264,High
transport_cost|IQR|National Freight Partners|2015-04-10 00:00:00|36415,2015-04-10,National Freight Partners,transport_cost,IQR,64.0,291.28,2.0313332149831345,High
transport_cost|IQR|Regional Express Co.|2017-01-27 00:00:00|157232,2017-01-27,Regional Express Co.,transport_cost,IQR,64.0,291.28,2.0313332149831345,High
transport_cost|IQR|Regional Express Co.|2017-05-11 00:00:00|69153,2017-05-11,Regional Express Co.,transport_cost,IQR,64.0,291.28,2.0313332149831345,High
transport_cost|IQR|Regional Express Co.|2017-06-25 00:00:00|29294,2017-06-25,Regional Express Co.,transport_cost,IQR,64.0,291.28,2.0313332149831345,High
transport_cost|IQR|National Freight Partners|2017-01-28 00:00:00|110876,2017-01-28,National Freight Partners,transport_cost,IQR,64.0,291.25,2.03080063909107,High
transport_cost|IQR|Regional Express Co.|2016-03-27 00:00:00|29162,2016-03-27,Regional Express Co.,transport_cost,IQR,64.0,291.21,2.0300905379016503,High
transport_cost|IQR|Regional Express Co.|2017-06-20 00:00:00|29339,2017-06-20,Regional Express Co.,transport_cost,IQR,64.0,291.15,2.029025386117521,High
transport_cost|IQR|Regional Express Co.|2016-12-20 00:00:00|145946,2016-12-20,Regional Express Co.,transport_cost,IQR,64.0,291.15,2.029025386117521,High
transport_cost|IQR|Regional Express Co.|2015-03-01 00:00:00|176734,2015-03-01,Regional Express Co.,transport_cost,IQR,64.0,291.11,2.028315284928102,High
transport_cost|IQR|National Freight Partners|2015-08-15 00:00:00|44227,2015-08-15,National Freight Partners,transport_cost,IQR,64.0,291.09,2.027960234333392,High
transport_cost|IQR|National Freight Partners|2015-03-31 00:00:00|29221,2015-03-31,National Freight Partners,transport_cost,IQR,64.0,291.08,2.027782709036037,High
transport_cost|IQR|National Freight Partners|2015-06-11 00:00:00|61423,2015-06-11,National Freight Partners,transport_cost,IQR,64.0,291.08,2.027782709036037,High
transport_cost|IQR|National Freight Partners|2015-09-04 00:00:00|117233,2015-09-04,National Freight Partners,transport_cost,IQR,64.0,291.02,2.026717557251908,High
transport_cost|IQR|National Freight Partners|2016-10-23 00:00:00|112750,2016-10-23,National Freight Partners,transport_cost,IQR,64.0,291.02,2.026717557251908,High
transport_cost|IQR|Regional Express Co.|2017-03-27 00:00:00|157202,2017-03-27,Regional Express Co.,transport_cost,IQR,64.0,290.99,2.026184981359844,High
transport_cost|IQR|National Freight Partners|2015-05-26 00:00:00|61662,2015-05-26,National Freight Partners,transport_cost,IQR,64.0,290.93,2.0251198295757145,High
transport_cost|IQR|National Freight Partners|2017-06-05 00:00:00|63925,2017-06-05,National Freight Partners,transport_cost,IQR,64.0,290.91,2.024764778981005,High
transport_cost|IQR|National Freight Partners|2015-11-04 00:00:00|177104,2015-11-04,National Freight Partners,transport_cost,IQR,64.0,290.91,2.024764778981005,High
transport_cost|IQR|Regional Express Co.|2016-05-18 00:00:00|152521,2016-05-18,Regional Express Co.,transport_cost,IQR,64.0,290.9,2.024587253683649,High
transport_cost|IQR|National Freight Partners|2016-04-08 00:00:00|130864,2016-04-08,National Freight Partners,transport_cost,IQR,64.0,290.88,2.02423220308894,High
transport_cost|IQR|National Freight Partners|2015-09-18 00:00:00|97234,2015-09-18,National Freight Partners,transport_cost,IQR,64.0,290.82,2.0231670513048106,High
transport_cost|IQR|Regional Express Co.|2015-11-30 00:00:00|33215,2015-11-30,Regional Express Co.,transport_cost,IQR,64.0,290.79,2.0226344754127465,High
transport_cost|IQR|Regional Express Co.|2015-09-28 00:00:00|59468,2015-09-28,Regional Express Co.,transport_cost,IQR,64.0,290.76,2.022101899520681,High
transport_cost|IQR|Regional Express Co.|2015-01-30 00:00:00|44708,2015-01-30,Regional Express Co.,transport_cost,IQR,64.0,290.75,2.0219243742233264,High
transport_cost|IQR|National Freight Partners|2015-12-09 00:00:00|36231,2015-12-09,National Freight Partners,transport_cost,IQR,64.0,290.73,2.021569323628617,High
transport_cost|IQR|Regional Express Co.|2017-09-18 00:00:00|115226,2017-09-18,Regional Express Co.,transport_cost,IQR,64.0,290.71,2.0212142730339067,High
transport_cost|IQR|Regional Express Co.|2017-06-27 00:00:00|54340,2017-06-27,Regional Express Co.,transport_cost,IQR,64.0,290.65,2.0201491212497773,High
transport_cost|IQR|National Freight Partners|2016-02-17 00:00:00|125111,2016-02-17,National Freight Partners,transport_cost,IQR,64.0,290.63,2.019794070655068,High
transport_cost|IQR|Regional Express Co.|2017-04-08 00:00:00|3018,2017-04-08,Regional Express Co.,transport_cost,IQR,64.0,290.61,2.0194390200603585,High
transport_cost|IQR|Regional Express Co.|2015-10-13 00:00:00|157139,2015-10-13,Regional Express Co.,transport_cost,IQR,64.0,290.58,2.0189064441682936,High
transport_cost|IQR|Regional Express Co.|2015-09-26 00:00:00|39164,2015-09-26,Regional Express Co.,transport_cost,IQR,64.0,290.55,2.018373868276229,High
transport_cost|IQR|Regional Express Co.|2016-02-25 00:00:00|125116,2016-02-25,Regional Express Co.,transport_cost,IQR,64.0,290.5,2.0174862417894546,High
transport_cost|IQR|National Freight Partners|2017-06-08 00:00:00|54611,2017-06-08,National Freight Partners,transport_cost,IQR,64.0,290.47,2.0169536658973906,High
transport_cost|IQR|Regional Express Co.|2017-01-24 00:00:00|59500,2017-01-24,Regional Express Co.,transport_cost,IQR,64.0,290.43,2.016243564707971,High
transport_cost|IQR|Regional Express Co.|2016-06-15 00:00:00|29201,2016-06-15,Regional Express Co.,transport_cost,IQR,64.0,290.42,2.016066039410616,High
transport_cost|IQR|Regional Express Co.|2017-02-23 00:00:00|39191,2017-02-23,Regional Express Co.,transport_cost,IQR,64.0,290.42,2.016066039410616,High
transport_cost|IQR|National Freight Partners|2015-03-01 00:00:00|97254,2015-03-01,National Freight Partners,transport_cost,IQR,64.0,290.36,2.0150008876264867,High
transport_cost|IQR|Regional Express Co.|2018-01-10 00:00:00|165768,2018-01-10,Regional Express Co.,transport_cost,IQR,64.0,290.36,2.0150008876264867,High
transport_cost|IQR|Regional Express Co.|2016-12-09 00:00:00|146118,2016-12-09,Regional Express Co.,transport_cost,IQR,64.0,290.35,2.014823362329132,High
transport_cost|IQR|National Freight Partners|2017-09-14 00:00:00|77472,2017-09-14,National Freight Partners,transport_cost,IQR,64.0,290.34,2.014645837031776,High
transport_cost|IQR|National Freight Partners|2015-12-25 00:00:00|44412,2015-12-25,National Freight Partners,transport_cost,IQR,64.0,290.3,2.0139357358423573,High
transport_cost|IQR|Regional Express Co.|2016-10-04 00:00:00|122258,2016-10-04,Regional Express Co.,transport_cost,IQR,64.0,290.27,2.0134031599502924,High
transport_cost|IQR|Regional Express Co.|2016-06-17 00:00:00|16107,2016-06-17,Regional Express Co.,transport_cost,IQR,64.0,290.21,2.012338008166163,High
transport_cost|IQR|Regional Express Co.|2016-01-29 00:00:00|165777,2016-01-29,Regional Express Co.,transport_cost,IQR,64.0,290.17,2.011627906976744,High
transport_cost|IQR|National Freight Partners|2015-03-07 00:00:00|44351,2015-03-07,National Freight Partners,transport_cost,IQR,64.0,290.16,2.0114503816793894,High
transport_cost|IQR|National Freight Partners|2016-03-04 00:00:00|117570,2016-03-04,National Freight Partners,transport_cost,IQR,64.0,290.16,2.0114503816793894,High
transport_cost|IQR|Regional Express Co.|2016-02-28 00:00:00|157410,2016-02-28,Regional Express Co.,transport_cost,IQR,64.0,290.13,2.0109178057873245,High
transport_cost|IQR|National Freight Partners|2015-06-02 00:00:00|39058,2015-06-02,National Freight Partners,transport_cost,IQR,64.0,290.13,2.0109178057873245,High
transport_cost|IQR|National Freight Partners|2015-09-26 00:00:00|117266,2015-09-26,National Freight Partners,transport_cost,IQR,64.0,290.1,2.01038522989526,High
transport_cost|IQR|National Freight Partners|2016-10-03 00:00:00|117204,2016-10-03,National Freight Partners,transport_cost,IQR,64.0,290.04,2.009320078111131,High
transport_cost|IQR|National Freight Partners|2017-01-18 00:00:00|157412,2017-01-18,National Freight Partners,transport_cost,IQR,64.0,290.03,2.0091425528137754,High
transport_cost|IQR|National Freight Partners|2016-05-07 00:00:00|150857,2016-05-07,National Freight Partners,transport_cost,IQR,64.0,290.0,2.008609976921711,High
transport_cost|IQR|National Freight Partners|2016-05-07 00:00:00|150896,2016-05-07,National Freight Partners,transport_cost,IQR,64.0,289.91,2.0070122492455176,High
transport_cost|IQR|National Freight Partners|2016-02-19 00:00:00|141745,2016-02-19,National Freight Partners,transport_cost,IQR,64.0,289.87,2.006302148056098,High
transport_cost|IQR|National Freight Partners|2016-03-03 00:00:00|44380,2016-03-03,National Freight Partners,transport_cost,IQR,64.0,289.87,2.006302148056098,High
transport_cost|IQR|National Freight Partners|2016-01-27 00:00:00|36245,2016-01-27,National Freight Partners,transport_cost,IQR,64.0,289.82,2.0054145215693233,High
transport_cost|IQR|Regional Express Co.|2017-07-03 00:00:00|59479,2017-07-03,Regional Express Co.,transport_cost,IQR,64.0,289.79,2.0048819456772593,High
transport_cost|IQR|Regional Express Co.|2016-05-06 00:00:00|101316,2016-05-06,Regional Express Co.,transport_cost,IQR,64.0,289.75,2.004171844487839,High
transport_cost|IQR|Regional Express Co.|2017-11-09 00:00:00|11301,2017-11-09,Regional Express Co.,transport_cost,IQR,64.0,289.72,2.003639268595775,High
transport_cost|IQR|National Freight Partners|2015-11-05 00:00:00|71716,2015-11-05,National Freight Partners,transport_cost,IQR,64.0,289.7,2.0032842180010646,High
transport_cost|IQR|National Freight Partners|2017-01-26 00:00:00|110924,2017-01-26,National Freight Partners,transport_cost,IQR,64.0,289.7,2.0032842180010646,High
transport_cost|IQR|National Freight Partners|2015-12-19 00:00:00|176820,2015-12-19,National Freight Partners,transport_cost,IQR,64.0,289.62,2.001864015622226,High
transport_cost|IQR|National Freight Partners|2017-11-30 00:00:00|165769,2017-11-30,National Freight Partners,transport_cost,IQR,64.0,289.62,2.001864015622226,High
transport_cost|IQR|National Freight Partners|2017-07-25 00:00:00|169164,2017-07-25,National Freight Partners,transport_cost,IQR,64.0,289.6,2.0015089650275164,High
transport_cost|IQR|National Freight Partners|2016-08-08 00:00:00|44863,2016-08-08,National Freight Partners,transport_cost,IQR,64.0,289.56,2.0007988638380967,High
transport_cost|IQR|Regional Express Co.|2017-02-03 00:00:00|16081,2017-02-03,Regional Express Co.,transport_cost,IQR,64.0,289.55,2.000621338540742,High
transport_cost|IQR|National Freight Partners|2016-01-11 00:00:00|132543,2016-01-11,National Freight Partners,transport_cost,IQR,64.0,289.54,2.0004438132433875,High
transport_cost|IQR|Regional Express Co.|2015-11-12 00:00:00|157249,2015-11-12,Regional Express Co.,transport_cost,IQR,64.0,289.53,2.000266287946032,High
inventory_change|IQR|Ras Al Khaimah Distribution Center|2017-06-03 00:00:00|881,2017-06-03,Ras Al Khaimah Distribution Center,inventory_change,IQR,0.0,7.0,2.0,High
inventory_change|IQR|Ras Al Khaimah Distribution Center|2017-06-17 00:00:00|895,2017-06-17,Ras Al Khaimah Distribution Center,inventory_change,IQR,0.0,7.0,2.0,High
inventory_change|IQR|Ras Al Khaimah Distribution Center|2017-09-09 00:00:00|979,2017-09-09,Ras Al Khaimah Distribution Center,inventory_change,IQR,0.0,7.0,2.0,High
inventory_change|IQR|Ras Al Khaimah Distribution Center|2018-07-26 00:00:00|1299,2018-07-26,Ras Al Khaimah Distribution Center,inventory_change,IQR,0.0,7.0,2.0,High
inventory_change|IQR|Ras Al Khaimah Distribution Center|2017-09-24 00:00:00|994,2017-09-24,Ras Al Khaimah Distribution Center,inventory_change,IQR,0.0,7.0,2.0,High
inventory_change|IQR|Ras Al Khaimah Distribution Center|2017-05-24 00:00:00|871,2017-05-24,Ras Al Khaimah Distribution Center,inventory_change,IQR,0.0,7.0,2.0,High
inventory_change|IQR|Ras Al Khaimah Distribution Center|2018-04-27 00:00:00|1209,2018-04-27,Ras Al Khaimah Distribution Center,inventory_change,IQR,0.0,7.0,2.0,High
inventory_change|IQR|Ras Al Khaimah Distribution Center|2017-09-27 00:00:00|997,2017-09-27,Ras Al Khaimah Distribution Center,inventory_change,IQR,0.0,7.0,2.0,High
inventory_change|IQR|Ras Al Khaimah Distribution Center|2017-08-05 00:00:00|944,2017-08-05,Ras Al Khaimah Distribution Center,inventory_change,IQR,0.0,7.0,2.0,High
transport_cost|IQR|Regional Express Co.|2015-05-12 00:00:00|62970,2015-05-12,Regional Express Co.,transport_cost,IQR,64.0,289.44,1.9986685602698382,High
transport_cost|IQR|Regional Express Co.|2017-07-22 00:00:00|47905,2017-07-22,Regional Express Co.,transport_cost,IQR,64.0,289.43,1.9984910349724834,High
transport_cost|IQR|Regional Express Co.|2015-08-29 00:00:00|122372,2015-08-29,Regional Express Co.,transport_cost,IQR,64.0,289.38,1.9976034084857088,High
transport_cost|IQR|National Freight Partners|2015-08-04 00:00:00|176692,2015-08-04,National Freight Partners,transport_cost,IQR,64.0,289.38,1.9976034084857088,High
transport_cost|IQR|Regional Express Co.|2016-08-30 00:00:00|36237,2016-08-30,Regional Express Co.,transport_cost,IQR,64.0,289.36,1.9972483578909994,High
transport_cost|IQR|National Freight Partners|2016-11-14 00:00:00|48157,2016-11-14,National Freight Partners,transport_cost,IQR,64.0,289.32,1.9965382567015797,High
transport_cost|IQR|National Freight Partners|2015-01-26 00:00:00|62963,2015-01-26,National Freight Partners,transport_cost,IQR,64.0,289.31,1.9963607314042249,High
transport_cost|IQR|Regional Express Co.|2016-11-20 00:00:00|71572,2016-11-20,Regional Express Co.,transport_cost,IQR,64.0,289.26,1.9954731049174503,High
transport_cost|IQR|Regional Express Co.|2016-05-04 00:00:00|177057,2016-05-04,Regional Express Co.,transport_cost,IQR,64.0,289.24,1.995118054322741,High
transport_cost|IQR|National Freight Partners|2016-05-07 00:00:00|79689,2016-05-07,National Freight Partners,transport_cost,IQR,64.0,289.09,1.992455174862417,High
transport_cost|IQR|Regional Express Co.|2015-07-28 00:00:00|44197,2015-07-28,Regional Express Co.,transport_cost,IQR,64.0,289.03,1.991390023078288,High
daily_sales|IQR|Network|2018-08-27 00:00:00|1334,2018-08-27,Network,daily_sales,IQR,122569.795,5292.42,1.9912070860035946,High
transport_cost|IQR|Regional Express Co.|2017-05-25 00:00:00|44270,2017-05-25,Regional Express Co.,transport_cost,IQR,64.0,288.96,1.990147345996804,High
transport_cost|IQR|National Freight Partners|2015-04-09 00:00:00|17957,2015-04-09,National Freight Partners,transport_cost,IQR,64.0,288.95,1.9899698206994492,High
transport_cost|IQR|National Freight Partners|2016-07-27 00:00:00|99769,2016-07-27,National Freight Partners,transport_cost,IQR,64.0,288.9,1.9890821942126746,High
transport_cost|IQR|Regional Express Co.|2015-04-10 00:00:00|117344,2015-04-10,Regional Express Co.,transport_cost,IQR,64.0,288.86,1.9883720930232558,High
transport_cost|IQR|National Freight Partners|2015-11-15 00:00:00|20088,2015-11-15,National Freight Partners,transport_cost,IQR,64.0,288.85,1.988194567725901,High
transport_cost|IQR|Regional Express Co.|2016-05-04 00:00:00|97308,2016-05-04,Regional Express Co.,transport_cost,IQR,64.0,288.81,1.9874844665364813,High
transport_cost|IQR|National Freight Partners|2015-01-27 00:00:00|59493,2015-01-27,National Freight Partners,transport_cost,IQR,64.0,288.76,1.9865968400497067,High
transport_cost|IQR|Regional Express Co.|2018-01-14 00:00:00|52490,2018-01-14,Regional Express Co.,transport_cost,IQR,64.0,288.74,1.9862417894549973,High
transport_cost|IQR|Regional Express Co.|2015-07-07 00:00:00|5762,2015-07-07,Regional Express Co.,transport_cost,IQR,64.0,288.72,1.9858867388602879,High
transport_cost|IQR|National Freight Partners|2017-06-29 00:00:00|105022,2017-06-29,National Freight Partners,transport_cost,IQR,64.0,288.72,1.9858867388602879,High
transport_cost|IQR|Regional Express Co.|2016-06-25 00:00:00|141766,2016-06-25,Regional Express Co.,transport_cost,IQR,64.0,288.65,1.9846440617788028,High
transport_cost|IQR|Regional Express Co.|2016-04-07 00:00:00|153211,2016-04-07,Regional Express Co.,transport_cost,IQR,64.0,288.57,1.983223859399964,High
transport_cost|IQR|Regional Express Co.|2017-06-29 00:00:00|50880,2017-06-29,Regional Express Co.,transport_cost,IQR,64.0,288.57,1.983223859399964,High
transport_cost|IQR|Regional Express Co.|2016-07-05 00:00:00|78773,2016-07-05,Regional Express Co.,transport_cost,IQR,64.0,288.53,1.9825137582105443,High
transport_cost|IQR|Regional Express Co.|2016-01-28 00:00:00|157350,2016-01-28,Regional Express Co.,transport_cost,IQR,64.0,288.5,1.98198118231848,High
transport_cost|IQR|Regional Express Co.|2016-07-08 00:00:00|124998,2016-07-08,Regional Express Co.,transport_cost,IQR,64.0,288.5,1.98198118231848,High
transport_cost|IQR|Regional Express Co.|2016-10-14 00:00:00|74285,2016-10-14,Regional Express Co.,transport_cost,IQR,64.0,288.45,1.9810935558317055,High
transport_cost|IQR|National Freight Partners|2017-07-19 00:00:00|51462,2017-07-19,National Freight Partners,transport_cost,IQR,64.0,288.43,1.9807385052369961,High
transport_cost|IQR|National Freight Partners|2015-03-11 00:00:00|157392,2015-03-11,National Freight Partners,transport_cost,IQR,64.0,288.43,1.9807385052369961,High
transport_cost|IQR|Regional Express Co.|2016-07-25 00:00:00|150897,2016-07-25,Regional Express Co.,transport_cost,IQR,64.0,288.39,1.9800284040475762,High
transport_cost|IQR|Regional Express Co.|2017-06-20 00:00:00|54440,2017-06-20,Regional Express Co.,transport_cost,IQR,64.0,288.37,1.9796733534528668,High
transport_cost|IQR|Regional Express Co.|2015-05-05 00:00:00|117369,2015-05-05,Regional Express Co.,transport_cost,IQR,64.0,288.34,1.9791407775608016,High
transport_cost|IQR|National Freight Partners|2017-03-03 00:00:00|176753,2017-03-03,National Freight Partners,transport_cost,IQR,64.0,288.29,1.9782531510740282,High
transport_cost|IQR|National Freight Partners|2017-09-01 00:00:00|53273,2017-09-01,National Freight Partners,transport_cost,IQR,64.0,288.26,1.977720575181963,High
transport_cost|IQR|Regional Express Co.|2017-11-12 00:00:00|29182,2017-11-12,Regional Express Co.,transport_cost,IQR,64.0,288.12,1.975235221018995,High
transport_cost|IQR|Regional Express Co.|2015-10-08 00:00:00|157488,2015-10-08,Regional Express Co.,transport_cost,IQR,64.0,288.07,1.9743475945322204,High
transport_cost|IQR|Regional Express Co.|2015-05-20 00:00:00|29135,2015-05-20,Regional Express Co.,transport_cost,IQR,64.0,288.07,1.9743475945322204,High
transport_cost|IQR|Regional Express Co.|2015-12-16 00:00:00|29234,2015-12-16,Regional Express Co.,transport_cost,IQR,64.0,288.04,1.9738150186401564,High
transport_cost|IQR|Regional Express Co.|2017-02-23 00:00:00|176966,2017-02-23,Regional Express Co.,transport_cost,IQR,64.0,287.99,1.9729273921533819,High
transport_cost|IQR|National Freight Partners|2015-08-13 00:00:00|117241,2015-08-13,National Freight Partners,transport_cost,IQR,64.0,287.98,1.972749866856027,High
transport_cost|IQR|Regional Express Co.|2016-05-16 00:00:00|16110,2016-05-16,Regional Express Co.,transport_cost,IQR,64.0,287.97,1.9725723415586722,High
transport_cost|IQR|National Freight Partners|2016-10-14 00:00:00|59440,2016-10-14,National Freight Partners,transport_cost,IQR,64.0,287.95,1.972217290963962,High
transport_cost|IQR|Regional Express Co.|2015-08-06 00:00:00|176680,2015-08-06,Regional Express Co.,transport_cost,IQR,64.0,287.92,1.9716847150718977,High
transport_cost|IQR|National Freight Partners|2015-07-24 00:00:00|157177,2015-07-24,National Freight Partners,transport_cost,IQR,64.0,287.89,1.9711521391798326,High
transport_cost|IQR|Regional Express Co.|2015-11-15 00:00:00|157407,2015-11-15,Regional Express Co.,transport_cost,IQR,64.0,287.89,1.9711521391798326,High
transport_cost|IQR|Regional Express Co.|2017-04-21 00:00:00|138112,2017-04-21,Regional Express Co.,transport_cost,IQR,64.0,287.83,1.9700869873957034,High
transport_cost|IQR|National Freight Partners|2015-01-16 00:00:00|20052,2015-01-16,National Freight Partners,transport_cost,IQR,64.0,287.82,1.9699094620983486,High
transport_cost|IQR|National Freight Partners|2017-04-05 00:00:00|157247,2017-04-05,National Freight Partners,transport_cost,IQR,64.0,287.81,1.969731936800994,High
transport_cost|IQR|National Freight Partners|2015-07-17 00:00:00|97320,2015-07-17,National Freight Partners,transport_cost,IQR,64.0,287.78,1.9691993609089287,High
transport_cost|IQR|National Freight Partners|2017-03-17 00:00:00|141826,2017-03-17,National Freight Partners,transport_cost,IQR,64.0,287.77,1.969021835611574,High
transport_cost|IQR|National Freight Partners|2015-12-06 00:00:00|71575,2015-12-06,National Freight Partners,transport_cost,IQR,64.0,287.77,1.969021835611574,High
transport_cost|IQR|National Freight Partners|2016-09-20 00:00:00|36192,2016-09-20,National Freight Partners,transport_cost,IQR,64.0,287.76,1.9688443103142192,High
transport_cost|IQR|National Freight Partners|2015-07-21 00:00:00|125094,2015-07-21,National Freight Partners,transport_cost,IQR,64.0,287.75,1.9686667850168647,High
transport_cost|IQR|Regional Express Co.|2017-09-01 00:00:00|44135,2017-09-01,Regional Express Co.,transport_cost,IQR,64.0,287.65,1.9668915320433156,High
transport_cost|IQR|Regional Express Co.|2017-07-03 00:00:00|117598,2017-07-03,Regional Express Co.,transport_cost,IQR,64.0,287.62,1.9663589561512513,High
transport_cost|IQR|Regional Express Co.|2015-10-08 00:00:00|157186,2015-10-08,Regional Express Co.,transport_cost,IQR,64.0,287.59,1.9658263802591862,High
transport_cost|IQR|National Freight Partners|2016-01-17 00:00:00|48142,2016-01-17,National Freight Partners,transport_cost,IQR,64.0,287.57,1.9654713296644768,High
transport_cost|IQR|National Freight Partners|2016-09-07 00:00:00|157127,2016-09-07,National Freight Partners,transport_cost,IQR,64.0,287.56,1.9652938043671222,High
transport_cost|IQR|Regional Express Co.|2017-09-30 00:00:00|35,2017-09-30,Regional Express Co.,transport_cost,IQR,64.0,287.55,1.9651162790697674,High
transport_cost|IQR|Regional Express Co.|2017-03-25 00:00:00|157220,2017-03-25,Regional Express Co.,transport_cost,IQR,64.0,287.55,1.9651162790697674,High
transport_cost|IQR|National Freight Partners|2016-03-23 00:00:00|29233,2016-03-23,National Freight Partners,transport_cost,IQR,64.0,287.53,1.9647612284750569,High
transport_cost|IQR|Regional Express Co.|2017-07-04 00:00:00|136828,2017-07-04,Regional Express Co.,transport_cost,IQR,64.0,287.52,1.9645837031777023,High
transport_cost|IQR|Regional Express Co.|2017-10-04 00:00:00|44209,2017-10-04,Regional Express Co.,transport_cost,IQR,64.0,287.52,1.9645837031777023,High
transport_cost|IQR|National Freight Partners|2017-06-06 00:00:00|36340,2017-06-06,National Freight Partners,transport_cost,IQR,64.0,287.51,1.9644061778803474,High
transport_cost|IQR|Regional Express Co.|2015-11-07 00:00:00|172,2015-11-07,Regional Express Co.,transport_cost,IQR,64.0,287.5,1.9642286525829928,High
transport_cost|IQR|Regional Express Co.|2017-01-14 00:00:00|117660,2017-01-14,Regional Express Co.,transport_cost,IQR,64.0,287.48,1.9638736019882834,High
transport_cost|IQR|National Freight Partners|2016-10-29 00:00:00|44387,2016-10-29,National Freight Partners,transport_cost,IQR,64.0,287.46,1.963518551393573,High
transport_cost|IQR|Regional Express Co.|2018-01-27 00:00:00|11324,2018-01-27,Regional Express Co.,transport_cost,IQR,64.0,287.46,1.963518551393573,High
transport_cost|IQR|Regional Express Co.|2015-02-14 00:00:00|76418,2015-02-14,Regional Express Co.,transport_cost,IQR,64.0,287.43,1.9629859755015089,High
transport_cost|IQR|Regional Express Co.|2017-07-30 00:00:00|177010,2017-07-30,Regional Express Co.,transport_cost,IQR,64.0,287.36,1.961743298420025,High
transport_cost|IQR|National Freight Partners|2015-05-05 00:00:00|177085,2015-05-05,National Freight Partners,transport_cost,IQR,64.0,287.35,1.96156577312267,High
transport_cost|IQR|National Freight Partners|2016-10-28 00:00:00|16104,2016-10-28,National Freight Partners,transport_cost,IQR,64.0,287.26,1.9599680454464756,High
transport_cost|IQR|Regional Express Co.|2015-05-13 00:00:00|71538,2015-05-13,Regional Express Co.,transport_cost,IQR,64.0,287.18,1.958547843067637,High
transport_cost|IQR|Regional Express Co.|2017-03-21 00:00:00|122383,2017-03-21,Regional Express Co.,transport_cost,IQR,64.0,287.16,1.9581927924729277,High
transport_cost|IQR|Regional Express Co.|2015-02-10 00:00:00|44333,2015-02-10,Regional Express Co.,transport_cost,IQR,64.0,287.16,1.9581927924729277,High
transport_cost|IQR|National Freight Partners|2017-04-15 00:00:00|141816,2017-04-15,National Freight Partners,transport_cost,IQR,64.0,287.12,1.9574826912835077,High
transport_cost|IQR|National Freight Partners|2017-03-01 00:00:00|56187,2017-03-01,National Freight Partners,transport_cost,IQR,64.0,287.08,1.9567725900940878,High
transport_cost|IQR|National Freight Partners|2015-01-30 00:00:00|76657,2015-01-30,National Freight Partners,transport_cost,IQR,64.0,287.08,1.9567725900940878,High
transport_cost|IQR|National Freight Partners|2017-09-16 00:00:00|53051,2017-09-16,National Freight Partners,transport_cost,IQR,64.0,287.02,1.9557074383099586,High
transport_cost|IQR|Regional Express Co.|2016-05-07 00:00:00|152720,2016-05-07,Regional Express Co.,transport_cost,IQR,64.0,286.98,1.9549973371205398,High
transport_cost|IQR|Regional Express Co.|2017-06-25 00:00:00|59472,2017-06-25,Regional Express Co.,transport_cost,IQR,64.0,286.94,1.9542872359311199,High
transport_cost|IQR|National Freight Partners|2015-06-26 00:00:00|71643,2015-06-26,National Freight Partners,transport_cost,IQR,64.0,286.93,1.9541097106337653,High
transport_cost|IQR|National Freight Partners|2017-05-14 00:00:00|36358,2017-05-14,National Freight Partners,transport_cost,IQR,64.0,286.92,1.9539321853364104,High
transport_cost|IQR|National Freight Partners|2017-12-15 00:00:00|122249,2017-12-15,National Freight Partners,transport_cost,IQR,64.0,286.84,1.9525119829575708,High
transport_cost|IQR|Regional Express Co.|2015-07-21 00:00:00|69267,2015-07-21,Regional Express Co.,transport_cost,IQR,64.0,286.76,1.951091780578732,High
transport_cost|IQR|National Freight Partners|2016-02-19 00:00:00|179924,2016-02-19,National Freight Partners,transport_cost,IQR,64.0,286.74,1.9507367299840226,High
transport_cost|IQR|Regional Express Co.|2016-12-01 00:00:00|44064,2016-12-01,Regional Express Co.,transport_cost,IQR,64.0,286.74,1.9507367299840226,High
transport_cost|IQR|Regional Express Co.|2016-10-06 00:00:00|147248,2016-10-06,Regional Express Co.,transport_cost,IQR,64.0,286.74,1.9507367299840226,High
transport_cost|IQR|National Freight Partners|2015-12-17 00:00:00|157413,2015-12-17,National Freight Partners,transport_cost,IQR,64.0,286.73,1.950559204686668,High
transport_cost|IQR|Regional Express Co.|2015-01-27 00:00:00|36352,2015-01-27,Regional Express Co.,transport_cost,IQR,64.0,286.72,1.9503816793893132,High
transport_cost|IQR|National Freight Partners|2017-04-30 00:00:00|106128,2017-04-30,National Freight Partners,transport_cost,IQR,64.0,286.63,1.9487839517131187,High
transport_cost|IQR|Regional Express Co.|2017-10-08 00:00:00|157193,2017-10-08,Regional Express Co.,transport_cost,IQR,64.0,286.57,1.9477187999289896,High
transport_cost|IQR|Regional Express Co.|2015-07-14 00:00:00|144669,2015-07-14,Regional Express Co.,transport_cost,IQR,64.0,286.57,1.9477187999289896,High
transport_cost|IQR|National Freight Partners|2016-01-15 00:00:00|48033,2016-01-15,National Freight Partners,transport_cost,IQR,64.0,286.56,1.9475412746316347,High
transport_cost|IQR|National Freight Partners|2017-12-30 00:00:00|71586,2017-12-30,National Freight Partners,transport_cost,IQR,64.0,286.53,1.9470086987395696,High
transport_cost|IQR|Regional Express Co.|2016-02-29 00:00:00|80682,2016-02-29,Regional Express Co.,transport_cost,IQR,64.0,286.51,1.9466536481448602,High
transport_cost|IQR|Regional Express Co.|2018-01-26 00:00:00|71593,2018-01-26,Regional Express Co.,transport_cost,IQR,64.0,286.48,1.9461210722527962,High
transport_cost|IQR|Regional Express Co.|2016-12-20 00:00:00|145940,2016-12-20,Regional Express Co.,transport_cost,IQR,64.0,286.46,1.9457660216580857,High
transport_cost|IQR|Regional Express Co.|2016-09-15 00:00:00|36385,2016-09-15,Regional Express Co.,transport_cost,IQR,64.0,286.43,1.9452334457660214,High
transport_cost|IQR|Regional Express Co.|2015-03-28 00:00:00|17964,2015-03-28,Regional Express Co.,transport_cost,IQR,64.0,286.39,1.9445233445766017,High
transport_cost|IQR|Regional Express Co.|2015-07-29 00:00:00|59450,2015-07-29,Regional Express Co.,transport_cost,IQR,64.0,286.39,1.9445233445766017,High
transport_cost|IQR|Regional Express Co.|2017-02-23 00:00:00|177096,2017-02-23,Regional Express Co.,transport_cost,IQR,64.0,286.35,1.9438132433871829,High
transport_cost|IQR|National Freight Partners|2016-01-27 00:00:00|180305,2016-01-27,National Freight Partners,transport_cost,IQR,64.0,286.35,1.9438132433871829,High
transport_cost|IQR|National Freight Partners|2016-10-29 00:00:00|63011,2016-10-29,National Freight Partners,transport_cost,IQR,64.0,286.33,1.9434581927924723,High
transport_cost|IQR|National Freight Partners|2017-05-18 00:00:00|137630,2017-05-18,National Freight Partners,transport_cost,IQR,64.0,286.23,1.9416829398189241,High
transport_cost|IQR|National Freight Partners|2015-07-19 00:00:00|36404,2015-07-19,National Freight Partners,transport_cost,IQR,64.0,286.22,1.9415054145215696,High
transport_cost|IQR|Regional Express Co.|2017-01-25 00:00:00|36354,2017-01-25,Regional Express Co.,transport_cost,IQR,64.0,286.21,1.9413278892242138,High
transport_cost|IQR|National Freight Partners|2017-07-10 00:00:00|136719,2017-07-10,National Freight Partners,transport_cost,IQR,64.0,286.21,1.9413278892242138,High
transport_cost|IQR|Regional Express Co.|2015-10-21 00:00:00|16022,2015-10-21,Regional Express Co.,transport_cost,IQR,64.0,286.2,1.941150363926859,High
transport_cost|IQR|National Freight Partners|2017-09-18 00:00:00|71515,2017-09-18,National Freight Partners,transport_cost,IQR,64.0,286.17,1.940617788034795,High
transport_cost|IQR|National Freight Partners|2015-02-02 00:00:00|4038,2015-02-02,National Freight Partners,transport_cost,IQR,64.0,286.12,1.9397301615480205,High
transport_cost|IQR|Regional Express Co.|2015-06-24 00:00:00|71473,2015-06-24,Regional Express Co.,transport_cost,IQR,64.0,286.11,1.9395526362506657,High
transport_cost|IQR|Regional Express Co.|2015-12-16 00:00:00|133084,2015-12-16,Regional Express Co.,transport_cost,IQR,64.0,286.06,1.9386650097638911,High
transport_cost|IQR|Regional Express Co.|2016-06-02 00:00:00|176853,2016-06-02,Regional Express Co.,transport_cost,IQR,64.0,286.04,1.9383099591691817,High
transport_cost|IQR|Regional Express Co.|2016-09-26 00:00:00|20064,2016-09-26,Regional Express Co.,transport_cost,IQR,64.0,285.97,1.9370672820876977,High
transport_cost|IQR|Regional Express Co.|2016-09-01 00:00:00|99125,2016-09-01,Regional Express Co.,transport_cost,IQR,64.0,285.91,1.9360021303035684,High
transport_cost|IQR|Regional Express Co.|2015-02-09 00:00:00|150918,2015-02-09,Regional Express Co.,transport_cost,IQR,64.0,285.87,1.9352920291141487,High
transport_cost|IQR|National Freight Partners|2017-01-08 00:00:00|145615,2017-01-08,National Freight Partners,transport_cost,IQR,64.0,285.84,1.9347594532220835,High
transport_cost|IQR|Regional Express Co.|2015-11-04 00:00:00|69180,2015-11-04,Regional Express Co.,transport_cost,IQR,64.0,285.83,1.9345819279247287,High
transport_cost|IQR|Regional Express Co.|2015-06-07 00:00:00|48287,2015-06-07,Regional Express Co.,transport_cost,IQR,64.0,285.82,1.9344044026273741,High
transport_cost|IQR|National Freight Partners|2016-07-08 00:00:00|141773,2016-07-08,National Freight Partners,transport_cost,IQR,64.0,285.75,1.93316172554589,High
transport_cost|IQR|Regional Express Co.|2016-12-04 00:00:00|172755,2016-12-04,Regional Express Co.,transport_cost,IQR,64.0,285.74,1.9329842002485353,High
transport_cost|IQR|National Freight Partners|2017-07-15 00:00:00|44879,2017-07-15,National Freight Partners,transport_cost,IQR,64.0,285.69,1.9320965737617608,High
transport_cost|IQR|Regional Express Co.|2015-01-16 00:00:00|169144,2015-01-16,Regional Express Co.,transport_cost,IQR,64.0,285.69,1.9320965737617608,High
transport_cost|IQR|Regional Express Co.|2016-06-02 00:00:00|100783,2016-06-02,Regional Express Co.,transport_cost,IQR,64.0,285.62,1.9308538966802768,High
transport_cost|IQR|Regional Express Co.|2015-05-05 00:00:00|178422,2015-05-05,Regional Express Co.,transport_cost,IQR,64.0,285.6,1.9304988460855674,High
transport_cost|IQR|National Freight Partners|2015-05-22 00:00:00|59506,2015-05-22,National Freight Partners,transport_cost,IQR,64.0,285.59,1.9303213207882115,High
transport_cost|IQR|National Freight Partners|2017-09-10 00:00:00|115402,2017-09-10,National Freight Partners,transport_cost,IQR,64.0,285.57,1.929966270193502,High
transport_cost|IQR|National Freight Partners|2016-12-20 00:00:00|176688,2016-12-20,National Freight Partners,transport_cost,IQR,64.0,285.34,1.9258831883543397,High
transport_cost|IQR|Regional Express Co.|2016-10-11 00:00:00|65,2016-10-11,Regional Express Co.,transport_cost,IQR,64.0,285.3,1.9251730871649209,High
transport_cost|IQR|Regional Express Co.|2016-02-21 00:00:00|117628,2016-02-21,Regional Express Co.,transport_cost,IQR,64.0,285.28,1.9248180365702106,High
transport_cost|IQR|National Freight Partners|2016-11-09 00:00:00|122277,2016-11-09,National Freight Partners,transport_cost,IQR,64.0,285.28,1.9248180365702106,High
transport_cost|IQR|National Freight Partners|2017-09-13 00:00:00|59456,2017-09-13,National Freight Partners,transport_cost,IQR,64.0,285.26,1.9244629859755011,High
transport_cost|IQR|Regional Express Co.|2015-08-18 00:00:00|103859,2015-08-18,Regional Express Co.,transport_cost,IQR,64.0,285.21,1.9235753594887266,High
transport_cost|IQR|Regional Express Co.|2017-08-22 00:00:00|44195,2017-08-22,Regional Express Co.,transport_cost,IQR,64.0,285.13,1.9221551571098878,High
transport_cost|IQR|Regional Express Co.|2016-07-16 00:00:00|151521,2016-07-16,Regional Express Co.,transport_cost,IQR,64.0,285.12,1.921977631812533,High
transport_cost|IQR|Regional Express Co.|2016-09-08 00:00:00|44661,2016-09-08,Regional Express Co.,transport_cost,IQR,64.0,285.11,1.9218001065151784,High
transport_cost|IQR|Regional Express Co.|2015-11-21 00:00:00|39238,2015-11-21,Regional Express Co.,transport_cost,IQR,64.0,285.11,1.9218001065151784,High
transport_cost|IQR|Regional Express Co.|2017-06-22 00:00:00|117595,2017-06-22,Regional Express Co.,transport_cost,IQR,64.0,285.08,1.9212675306231133,High
transport_cost|IQR|Regional Express Co.|2016-04-27 00:00:00|152867,2016-04-27,Regional Express Co.,transport_cost,IQR,64.0,285.07,1.9210900053257585,High
transport_cost|IQR|National Freight Partners|2016-06-25 00:00:00|71631,2016-06-25,National Freight Partners,transport_cost,IQR,64.0,285.05,1.920734954731049,High
transport_cost|IQR|National Freight Partners|2017-04-17 00:00:00|117371,2017-04-17,National Freight Partners,transport_cost,IQR,64.0,285.04,1.9205574294336945,High
transport_cost|IQR|National Freight Partners|2016-12-16 00:00:00|44165,2016-12-16,National Freight Partners,transport_cost,IQR,64.0,285.04,1.9205574294336945,High
transport_cost|IQR|Regional Express Co.|2015-09-19 00:00:00|103390,2015-09-19,Regional Express Co.,transport_cost,IQR,64.0,285.01,1.9200248535416293,High
transport_cost|IQR|Regional Express Co.|2017-03-01 00:00:00|10,2017-03-01,Regional Express Co.,transport_cost,IQR,64.0,284.92,1.9184271258654357,High
transport_cost|IQR|National Freight Partners|2017-03-24 00:00:00|106873,2017-03-24,National Freight Partners,transport_cost,IQR,64.0,284.85,1.9171844487839518,High
transport_cost|IQR|Regional Express Co.|2016-11-10 00:00:00|71455,2016-11-10,Regional Express Co.,transport_cost,IQR,64.0,284.83,1.9168293981892415,High
transport_cost|IQR|Regional Express Co.|2016-07-23 00:00:00|36247,2016-07-23,Regional Express Co.,transport_cost,IQR,64.0,284.82,1.9166518728918867,High
transport_cost|IQR|National Freight Partners|2015-12-08 00:00:00|48252,2015-12-08,National Freight Partners,transport_cost,IQR,64.0,284.81,1.916474347594532,High
transport_cost|IQR|National Freight Partners|2015-03-03 00:00:00|177095,2015-03-03,National Freight Partners,transport_cost,IQR,64.0,284.78,1.915941771702467,High
transport_cost|IQR|Regional Express Co.|2015-01-28 00:00:00|114414,2015-01-28,Regional Express Co.,transport_cost,IQR,64.0,284.74,1.915231670513048,High
transport_cost|IQR|Regional Express Co.|2016-04-11 00:00:00|80076,2016-04-11,Regional Express Co.,transport_cost,IQR,64.0,284.72,1.9148766199183387,High
transport_cost|IQR|National Freight Partners|2015-02-09 00:00:00|150919,2015-02-09,National Freight Partners,transport_cost,IQR,64.0,284.71,1.9146990946209828,High
transport_cost|IQR|Regional Express Co.|2015-02-28 00:00:00|48124,2015-02-28,Regional Express Co.,transport_cost,IQR,64.0,284.69,1.9143440440262733,High
transport_cost|IQR|Regional Express Co.|2017-05-16 00:00:00|47969,2017-05-16,Regional Express Co.,transport_cost,IQR,64.0,284.63,1.9132788922421442,High
transport_cost|IQR|Regional Express Co.|2017-02-23 00:00:00|117341,2017-02-23,Regional Express Co.,transport_cost,IQR,64.0,284.62,1.9131013669447894,High
transport_cost|IQR|Regional Express Co.|2016-05-30 00:00:00|177060,2016-05-30,Regional Express Co.,transport_cost,IQR,64.0,284.61,1.9129238416474348,High
transport_cost|IQR|Regional Express Co.|2015-02-09 00:00:00|117616,2015-02-09,Regional Express Co.,transport_cost,IQR,64.0,284.59,1.9125687910527243,High
transport_cost|IQR|Regional Express Co.|2017-02-01 00:00:00|44827,2017-02-01,Regional Express Co.,transport_cost,IQR,64.0,284.56,1.9120362151606602,High
transport_cost|IQR|Regional Express Co.|2017-07-08 00:00:00|54141,2017-07-08,Regional Express Co.,transport_cost,IQR,64.0,284.55,1.9118586898633054,High
transport_cost|IQR|National Freight Partners|2016-11-01 00:00:00|112568,2016-11-01,National Freight Partners,transport_cost,IQR,64.0,284.46,1.910260962187111,High
transport_cost|IQR|Regional Express Co.|2015-05-05 00:00:00|157216,2015-05-05,Regional Express Co.,transport_cost,IQR,64.0,284.46,1.910260962187111,High
transport_cost|IQR|Regional Express Co.|2017-03-30 00:00:00|138485,2017-03-30,Regional Express Co.,transport_cost,IQR,64.0,284.45,1.9100834368897563,High
transport_cost|IQR|National Freight Partners|2015-09-11 00:00:00|97208,2015-09-11,National Freight Partners,transport_cost,IQR,64.0,284.43,1.909728386295047,High
transport_cost|IQR|National Freight Partners|2015-12-08 00:00:00|102133,2015-12-08,National Freight Partners,transport_cost,IQR,64.0,284.38,1.9088407598082724,High
transport_cost|IQR|Regional Express Co.|2015-04-06 00:00:00|178970,2015-04-06,Regional Express Co.,transport_cost,IQR,64.0,284.38,1.9088407598082724,High
transport_cost|IQR|Regional Express Co.|2016-10-01 00:00:00|176811,2016-10-01,Regional Express Co.,transport_cost,IQR,64.0,284.38,1.9088407598082724,High
transport_cost|IQR|National Freight Partners|2016-05-14 00:00:00|101146,2016-05-14,National Freight Partners,transport_cost,IQR,64.0,284.36,1.908485709213563,High
transport_cost|IQR|National Freight Partners|2015-02-14 00:00:00|44251,2015-02-14,National Freight Partners,transport_cost,IQR,64.0,284.35,1.9083081839162082,High
transport_cost|IQR|Regional Express Co.|2015-08-21 00:00:00|117286,2015-08-21,Regional Express Co.,transport_cost,IQR,64.0,284.35,1.9083081839162082,High
transport_cost|IQR|Regional Express Co.|2016-03-29 00:00:00|153370,2016-03-29,Regional Express Co.,transport_cost,IQR,64.0,284.33,1.9079531333214979,High
transport_cost|IQR|Regional Express Co.|2017-06-11 00:00:00|137241,2017-06-11,Regional Express Co.,transport_cost,IQR,64.0,284.3,1.9074205574294336,High
transport_cost|IQR|Regional Express Co.|2016-05-13 00:00:00|39248,2016-05-13,Regional Express Co.,transport_cost,IQR,64.0,284.29,1.907243032132079,High
transport_cost|IQR|National Freight Partners|2016-02-19 00:00:00|36372,2016-02-19,National Freight Partners,transport_cost,IQR,64.0,284.26,1.9067104562400137,High
transport_cost|IQR|Regional Express Co.|2016-09-04 00:00:00|99073,2016-09-04,Regional Express Co.,transport_cost,IQR,64.0,284.25,1.906532930942659,High
transport_cost|IQR|National Freight Partners|2017-08-16 00:00:00|11392,2017-08-16,National Freight Partners,transport_cost,IQR,64.0,284.24,1.9063554056453043,High
transport_cost|IQR|National Freight Partners|2015-12-10 00:00:00|17988,2015-12-10,National Freight Partners,transport_cost,IQR,64.0,284.21,1.9058228297532391,High
transport_cost|IQR|Regional Express Co.|2017-02-28 00:00:00|44714,2017-02-28,Regional Express Co.,transport_cost,IQR,64.0,284.14,1.9045801526717552,High
transport_cost|IQR|Regional Express Co.|2015-08-21 00:00:00|103818,2015-08-21,Regional Express Co.,transport_cost,IQR,64.0,284.11,1.9040475767796912,High
transport_cost|IQR|Regional Express Co.|2017-01-25 00:00:00|110942,2017-01-25,Regional Express Co.,transport_cost,IQR,64.0,284.1,1.9038700514823363,High
transport_cost|IQR|National Freight Partners|2015-02-09 00:00:00|44334,2015-02-09,National Freight Partners,transport_cost,IQR,64.0,284.01,1.9022723238061419,High
transport_cost|IQR|Regional Express Co.|2015-06-13 00:00:00|5772,2015-06-13,Regional Express Co.,transport_cost,IQR,64.0,283.96,1.9013846973193673,High
transport_cost|IQR|Regional Express Co.|2016-04-23 00:00:00|101558,2016-04-23,Regional Express Co.,transport_cost,IQR,64.0,283.93,1.9008521214273033,High
transport_cost|IQR|National Freight Partners|2015-08-18 00:00:00|103860,2015-08-18,National Freight Partners,transport_cost,IQR,64.0,283.88,1.8999644949405288,High
transport_cost|IQR|National Freight Partners|2016-01-11 00:00:00|44395,2016-01-11,National Freight Partners,transport_cost,IQR,64.0,283.88,1.8999644949405288,High
transport_cost|IQR|Regional Express Co.|2016-06-03 00:00:00|29193,2016-06-03,Regional Express Co.,transport_cost,IQR,64.0,283.86,1.8996094443458194,High
transport_cost|IQR|National Freight Partners|2015-09-15 00:00:00|69200,2015-09-15,National Freight Partners,transport_cost,IQR,64.0,283.84,1.8992543937511088,High
transport_cost|IQR|Regional Express Co.|2016-10-05 00:00:00|147260,2016-10-05,Regional Express Co.,transport_cost,IQR,64.0,283.8,1.89854429256169,High
transport_cost|IQR|Regional Express Co.|2015-06-28 00:00:00|44693,2015-06-28,Regional Express Co.,transport_cost,IQR,64.0,283.78,1.8981892419669795,High
transport_cost|IQR|National Freight Partners|2015-02-01 00:00:00|76627,2015-02-01,National Freight Partners,transport_cost,IQR,64.0,283.76,1.89783419137227,High
daily_sales|IQR|Network|2018-08-26 00:00:00|1333,2018-08-26,Network,daily_sales,IQR,122569.795,7989.97,1.8974056874411027,High
transport_cost|IQR|National Freight Partners|2015-07-10 00:00:00|117671,2015-07-10,National Freight Partners,transport_cost,IQR,64.0,283.69,1.896591514290786,High
transport_cost|IQR|National Freight Partners|2016-09-17 00:00:00|176938,2016-09-17,National Freight Partners,transport_cost,IQR,64.0,283.67,1.8962364636960767,High
transport_cost|IQR|Regional Express Co.|2015-10-21 00:00:00|109,2015-10-21,Regional Express Co.,transport_cost,IQR,64.0,283.66,1.896058938398722,High
transport_cost|IQR|National Freight Partners|2016-05-30 00:00:00|152343,2016-05-30,National Freight Partners,transport_cost,IQR,64.0,283.65,1.8958814131013664,High
transport_cost|IQR|Regional Express Co.|2016-05-03 00:00:00|101360,2016-05-03,Regional Express Co.,transport_cost,IQR,64.0,283.64,1.8957038878040116,High
transport_cost|IQR|National Freight Partners|2017-02-14 00:00:00|48176,2017-02-14,National Freight Partners,transport_cost,IQR,64.0,283.61,1.8951713119119473,High
transport_cost|IQR|Regional Express Co.|2015-08-18 00:00:00|169139,2015-08-18,Regional Express Co.,transport_cost,IQR,64.0,283.58,1.8946387360198822,High
transport_cost|IQR|National Freight Partners|2015-03-27 00:00:00|44355,2015-03-27,National Freight Partners,transport_cost,IQR,64.0,283.57,1.8944612107225276,High
transport_cost|IQR|National Freight Partners|2016-05-30 00:00:00|18074,2016-05-30,National Freight Partners,transport_cost,IQR,64.0,283.56,1.8942836854251728,High
transport_cost|IQR|Regional Express Co.|2017-02-19 00:00:00|18019,2017-02-19,Regional Express Co.,transport_cost,IQR,64.0,283.53,1.8937511095331077,High
transport_cost|IQR|Regional Express Co.|2017-01-28 00:00:00|71656,2017-01-28,Regional Express Co.,transport_cost,IQR,64.0,283.48,1.8928634830463342,High
transport_cost|IQR|National Freight Partners|2016-03-02 00:00:00|44386,2016-03-02,National Freight Partners,transport_cost,IQR,64.0,283.44,1.8921533818569143,High
transport_cost|IQR|Regional Express Co.|2015-07-14 00:00:00|69265,2015-07-14,Regional Express Co.,transport_cost,IQR,64.0,283.43,1.8919758565595597,High
transport_cost|IQR|Regional Express Co.|2015-07-17 00:00:00|97200,2015-07-17,Regional Express Co.,transport_cost,IQR,64.0,283.37,1.8909107047754303,High
transport_cost|IQR|Regional Express Co.|2017-04-04 00:00:00|138397,2017-04-04,Regional Express Co.,transport_cost,IQR,64.0,283.36,1.8907331794780755,High
transport_cost|IQR|Regional Express Co.|2015-05-22 00:00:00|61740,2015-05-22,Regional Express Co.,transport_cost,IQR,64.0,283.35,1.890555654180721,High
transport_cost|IQR|National Freight Partners|2016-06-29 00:00:00|48083,2016-06-29,National Freight Partners,transport_cost,IQR,64.0,283.32,1.8900230782886558,High
transport_cost|IQR|Regional Express Co.|2015-07-26 00:00:00|144439,2015-07-26,Regional Express Co.,transport_cost,IQR,64.0,283.31,1.889845552991301,High
transport_cost|IQR|National Freight Partners|2016-09-15 00:00:00|98861,2016-09-15,National Freight Partners,transport_cost,IQR,64.0,283.3,1.8896680276939464,High
transport_cost|IQR|Regional Express Co.|2016-04-10 00:00:00|130817,2016-04-10,Regional Express Co.,transport_cost,IQR,64.0,283.3,1.8896680276939464,High
transport_cost|IQR|Regional Express Co.|2016-01-05 00:00:00|132661,2016-01-05,Regional Express Co.,transport_cost,IQR,64.0,283.29,1.8894905023965916,High
transport_cost|IQR|Regional Express Co.|2017-06-26 00:00:00|97211,2017-06-26,Regional Express Co.,transport_cost,IQR,64.0,283.28,1.8893129770992358,High
transport_cost|IQR|Regional Express Co.|2015-04-12 00:00:00|29351,2015-04-12,Regional Express Co.,transport_cost,IQR,64.0,283.28,1.8893129770992358,High
transport_cost|IQR|National Freight Partners|2015-02-11 00:00:00|11302,2015-02-11,National Freight Partners,transport_cost,IQR,64.0,283.27,1.8891354518018812,High
transport_cost|IQR|Regional Express Co.|2016-08-05 00:00:00|39144,2016-08-05,Regional Express Co.,transport_cost,IQR,64.0,283.26,1.8889579265045264,High
transport_cost|IQR|National Freight Partners|2016-10-23 00:00:00|112747,2016-10-23,National Freight Partners,transport_cost,IQR,64.0,283.25,1.8887804012071718,High
transport_cost|IQR|National Freight Partners|2017-01-27 00:00:00|36288,2017-01-27,National Freight Partners,transport_cost,IQR,64.0,283.23,1.8884253506124624,High
transport_cost|IQR|Regional Express Co.|2017-08-29 00:00:00|77773,2017-08-29,Regional Express Co.,transport_cost,IQR,64.0,283.23,1.8884253506124624,High
transport_cost|IQR|National Freight Partners|2016-09-19 00:00:00|122386,2016-09-19,National Freight Partners,transport_cost,IQR,64.0,283.17,1.887360198828333,High
transport_cost|IQR|Regional Express Co.|2015-01-12 00:00:00|76927,2015-01-12,Regional Express Co.,transport_cost,IQR,64.0,283.13,1.8866500976389131,High
transport_cost|IQR|National Freight Partners|2016-11-10 00:00:00|71457,2016-11-10,National Freight Partners,transport_cost,IQR,64.0,283.03,1.884874844665364,High
transport_cost|IQR|National Freight Partners|2015-10-14 00:00:00|44224,2015-10-14,National Freight Partners,transport_cost,IQR,64.0,283.01,1.8845197940706546,High
transport_cost|IQR|Regional Express Co.|2017-03-10 00:00:00|117323,2017-03-10,Regional Express Co.,transport_cost,IQR,64.0,283.0,1.8843422687733,High
transport_cost|IQR|National Freight Partners|2016-07-24 00:00:00|117577,2016-07-24,National Freight Partners,transport_cost,IQR,64.0,282.99,1.8841647434759452,High
transport_cost|IQR|National Freight Partners|2016-10-14 00:00:00|125126,2016-10-14,National Freight Partners,transport_cost,IQR,64.0,282.95,1.8834546422865253,High
transport_cost|IQR|Regional Express Co.|2015-03-20 00:00:00|125023,2015-03-20,Regional Express Co.,transport_cost,IQR,64.0,282.94,1.8832771169891707,High
transport_cost|IQR|National Freight Partners|2016-09-30 00:00:00|48261,2016-09-30,National Freight Partners,transport_cost,IQR,64.0,282.9,1.8825670157997507,High
transport_cost|IQR|Regional Express Co.|2015-11-03 00:00:00|122238,2015-11-03,Regional Express Co.,transport_cost,IQR,64.0,282.87,1.8820344399076867,High
transport_cost|IQR|Regional Express Co.|2016-09-20 00:00:00|176800,2016-09-20,Regional Express Co.,transport_cost,IQR,64.0,282.82,1.8811468134209122,High
transport_cost|IQR|National Freight Partners|2015-11-02 00:00:00|176809,2015-11-02,National Freight Partners,transport_cost,IQR,64.0,282.66,1.8783064086632346,High
transport_cost|IQR|Regional Express Co.|2016-07-24 00:00:00|71632,2016-07-24,Regional Express Co.,transport_cost,IQR,64.0,282.66,1.8783064086632346,High
transport_cost|IQR|Regional Express Co.|2016-11-14 00:00:00|117731,2016-11-14,Regional Express Co.,transport_cost,IQR,64.0,282.64,1.8779513580685243,High
transport_cost|IQR|National Freight Partners|2015-03-05 00:00:00|71792,2015-03-05,National Freight Partners,transport_cost,IQR,64.0,282.64,1.8779513580685243,High
transport_cost|IQR|National Freight Partners|2016-03-29 00:00:00|48197,2016-03-29,National Freight Partners,transport_cost,IQR,64.0,282.62,1.877596307473815,High
transport_cost|IQR|Regional Express Co.|2017-11-15 00:00:00|157285,2017-11-15,Regional Express Co.,transport_cost,IQR,64.0,282.58,1.876886206284395,High
transport_cost|IQR|National Freight Partners|2016-09-30 00:00:00|44764,2016-09-30,National Freight Partners,transport_cost,IQR,64.0,282.57,1.8767086809870404,High
transport_cost|IQR|Regional Express Co.|2016-02-11 00:00:00|16084,2016-02-11,Regional Express Co.,transport_cost,IQR,64.0,282.56,1.8765311556896855,High
transport_cost|IQR|National Freight Partners|2016-02-21 00:00:00|179880,2016-02-21,National Freight Partners,transport_cost,IQR,64.0,282.56,1.8765311556896855,High
transport_cost|IQR|National Freight Partners|2016-06-21 00:00:00|78994,2016-06-21,National Freight Partners,transport_cost,IQR,64.0,282.54,1.8761761050949761,High
transport_cost|IQR|National Freight Partners|2016-03-24 00:00:00|140338,2016-03-24,National Freight Partners,transport_cost,IQR,64.0,282.53,1.8759985797976204,High
transport_cost|IQR|National Freight Partners|2015-07-21 00:00:00|157323,2015-07-21,National Freight Partners,transport_cost,IQR,64.0,282.53,1.8759985797976204,High
transport_cost|IQR|Regional Express Co.|2016-06-17 00:00:00|16222,2016-06-17,Regional Express Co.,transport_cost,IQR,64.0,282.48,1.8751109533108468,High
transport_cost|IQR|Regional Express Co.|2017-07-08 00:00:00|136744,2017-07-08,Regional Express Co.,transport_cost,IQR,64.0,282.47,1.8749334280134922,High
transport_cost|IQR|National Freight Partners|2016-02-21 00:00:00|48196,2016-02-21,National Freight Partners,transport_cost,IQR,64.0,282.46,1.8747559027161365,High
transport_cost|IQR|Regional Express Co.|2017-01-27 00:00:00|157402,2017-01-27,Regional Express Co.,transport_cost,IQR,64.0,282.46,1.8747559027161365,High
transport_cost|IQR|National Freight Partners|2016-12-20 00:00:00|44650,2016-12-20,National Freight Partners,transport_cost,IQR,64.0,282.44,1.874400852121427,High
transport_cost|IQR|Regional Express Co.|2015-07-14 00:00:00|19958,2015-07-14,Regional Express Co.,transport_cost,IQR,64.0,282.31,1.8720930232558137,High
transport_cost|IQR|Regional Express Co.|2016-05-08 00:00:00|79672,2016-05-08,Regional Express Co.,transport_cost,IQR,64.0,282.27,1.8713829220663938,High
transport_cost|IQR|National Freight Partners|2015-09-15 00:00:00|157491,2015-09-15,National Freight Partners,transport_cost,IQR,64.0,282.25,1.8710278714716844,High
transport_cost|IQR|Regional Express Co.|2015-11-02 00:00:00|102716,2015-11-02,Regional Express Co.,transport_cost,IQR,64.0,282.22,1.8704952955796204,High
transport_cost|IQR|Regional Express Co.|2017-11-15 00:00:00|11325,2017-11-15,Regional Express Co.,transport_cost,IQR,64.0,282.22,1.8704952955796204,High
transport_cost|IQR|Regional Express Co.|2017-07-19 00:00:00|136578,2017-07-19,Regional Express Co.,transport_cost,IQR,64.0,282.16,1.869430143795491,High
transport_cost|IQR|Regional Express Co.|2016-08-05 00:00:00|39211,2016-08-05,Regional Express Co.,transport_cost,IQR,64.0,282.14,1.8690750932007807,High
transport_cost|IQR|Regional Express Co.|2016-07-16 00:00:00|97382,2016-07-16,Regional Express Co.,transport_cost,IQR,64.0,281.99,1.866412213740458,High
transport_cost|IQR|Regional Express Co.|2015-02-02 00:00:00|4044,2015-02-02,Regional Express Co.,transport_cost,IQR,64.0,281.97,1.8660571631457485,High
transport_cost|IQR|Regional Express Co.|2017-05-31 00:00:00|54736,2017-05-31,Regional Express Co.,transport_cost,IQR,64.0,281.95,1.865702112551038,High
transport_cost|IQR|National Freight Partners|2015-03-25 00:00:00|176904,2015-03-25,National Freight Partners,transport_cost,IQR,64.0,281.91,1.8649920113616192,High
transport_cost|IQR|Regional Express Co.|2016-05-11 00:00:00|152669,2016-05-11,Regional Express Co.,transport_cost,IQR,64.0,281.88,1.864459435469554,High
transport_cost|IQR|Regional Express Co.|2016-12-15 00:00:00|133,2016-12-15,Regional Express Co.,transport_cost,IQR,64.0,281.87,1.8642819101721995,High
transport_cost|IQR|National Freight Partners|2015-08-14 00:00:00|71481,2015-08-14,National Freight Partners,transport_cost,IQR,64.0,281.87,1.8642819101721995,High
transport_cost|IQR|National Freight Partners|2016-11-22 00:00:00|29207,2016-11-22,National Freight Partners,transport_cost,IQR,64.0,281.86,1.8641043848748446,High
transport_cost|IQR|Regional Express Co.|2017-02-28 00:00:00|176740,2017-02-28,Regional Express Co.,transport_cost,IQR,64.0,281.8,1.8630392330907153,High
transport_cost|IQR|National Freight Partners|2017-07-07 00:00:00|104885,2017-07-07,National Freight Partners,transport_cost,IQR,64.0,281.8,1.8630392330907153,High
daily_sales|IQR|Network|2018-07-07 00:00:00|1283,2018-07-07,Network,daily_sales,IQR,122569.795,8985.82,1.86277718277633,High
transport_cost|IQR|Regional Express Co.|2015-12-05 00:00:00|18020,2015-12-05,Regional Express Co.,transport_cost,IQR,64.0,281.77,1.8625066571986502,High
transport_cost|IQR|Regional Express Co.|2015-04-09 00:00:00|18043,2015-04-09,Regional Express Co.,transport_cost,IQR,64.0,281.71,1.861441505414521,High
transport_cost|IQR|Regional Express Co.|2017-12-01 00:00:00|157268,2017-12-01,Regional Express Co.,transport_cost,IQR,64.0,281.69,1.8610864548198116,High
transport_cost|IQR|Regional Express Co.|2017-09-13 00:00:00|44166,2017-09-13,Regional Express Co.,transport_cost,IQR,64.0,281.67,1.8607314042251022,High
transport_cost|IQR|National Freight Partners|2017-08-29 00:00:00|47867,2017-08-29,National Freight Partners,transport_cost,IQR,64.0,281.64,1.8601988283330368,High
transport_cost|IQR|Regional Express Co.|2016-05-14 00:00:00|79546,2016-05-14,Regional Express Co.,transport_cost,IQR,64.0,281.59,1.8593112018462623,High
transport_cost|IQR|National Freight Partners|2016-01-23 00:00:00|29313,2016-01-23,National Freight Partners,transport_cost,IQR,64.0,281.59,1.8593112018462623,High
transport_cost|IQR|Regional Express Co.|2017-02-09 00:00:00|97367,2017-02-09,Regional Express Co.,transport_cost,IQR,64.0,281.52,1.8580685247647784,High
transport_cost|IQR|Regional Express Co.|2017-05-30 00:00:00|125109,2017-05-30,Regional Express Co.,transport_cost,IQR,64.0,281.41,1.8561157464938756,High
transport_cost|IQR|National Freight Partners|2015-05-03 00:00:00|172784,2015-05-03,National Freight Partners,transport_cost,IQR,64.0,281.36,1.855228120007101,High
transport_cost|IQR|National Freight Partners|2016-03-16 00:00:00|153613,2016-03-16,National Freight Partners,transport_cost,IQR,64.0,281.34,1.8548730694123905,High
transport_cost|IQR|National Freight Partners|2015-08-17 00:00:00|103883,2015-08-17,National Freight Partners,transport_cost,IQR,64.0,281.32,1.854518018817681,High
transport_cost|IQR|National Freight Partners|2015-03-22 00:00:00|122215,2015-03-22,National Freight Partners,transport_cost,IQR,64.0,281.31,1.8543404935203265,High
transport_cost|IQR|National Freight Partners|2016-05-01 00:00:00|71634,2016-05-01,National Freight Partners,transport_cost,IQR,64.0,281.26,1.853452867033552,High
transport_cost|IQR|Regional Express Co.|2015-07-24 00:00:00|18032,2015-07-24,Regional Express Co.,transport_cost,IQR,64.0,281.25,1.8532753417361971,High
transport_cost|IQR|National Freight Partners|2015-02-11 00:00:00|117400,2015-02-11,National Freight Partners,transport_cost,IQR,64.0,281.24,1.8530978164388425,High
transport_cost|IQR|Regional Express Co.|2016-11-26 00:00:00|176651,2016-11-26,Regional Express Co.,transport_cost,IQR,64.0,281.23,1.8529202911414877,High
transport_cost|IQR|Regional Express Co.|2015-08-28 00:00:00|36199,2015-08-28,Regional Express Co.,transport_cost,IQR,64.0,281.19,1.8522101899520678,High
transport_cost|IQR|Regional Express Co.|2015-02-09 00:00:00|114186,2015-02-09,Regional Express Co.,transport_cost,IQR,64.0,281.18,1.8520326646547132,High
transport_cost|IQR|Regional Express Co.|2016-05-30 00:00:00|176872,2016-05-30,Regional Express Co.,transport_cost,IQR,64.0,281.17,1.8518551393573583,High
transport_cost|IQR|National Freight Partners|2015-08-25 00:00:00|176645,2015-08-25,National Freight Partners,transport_cost,IQR,64.0,281.15,1.851500088762648,High
transport_cost|IQR|National Freight Partners|2017-01-14 00:00:00|117508,2017-01-14,National Freight Partners,transport_cost,IQR,64.0,281.13,1.8511450381679386,High
transport_cost|IQR|National Freight Partners|2017-11-23 00:00:00|157254,2017-11-23,National Freight Partners,transport_cost,IQR,64.0,281.12,1.8509675128705838,High
transport_cost|IQR|National Freight Partners|2015-06-22 00:00:00|44694,2015-06-22,National Freight Partners,transport_cost,IQR,64.0,281.09,1.8504349369785187,High
transport_cost|IQR|National Freight Partners|2015-03-11 00:00:00|157444,2015-03-11,National Freight Partners,transport_cost,IQR,64.0,281.03,1.8493697851943895,High
transport_cost|IQR|Regional Express Co.|2015-10-29 00:00:00|117796,2015-10-29,Regional Express Co.,transport_cost,IQR,64.0,281.0,1.8488372093023253,High
transport_cost|IQR|Regional Express Co.|2017-05-24 00:00:00|29305,2017-05-24,Regional Express Co.,transport_cost,IQR,64.0,280.95,1.8479495828155508,High
transport_cost|IQR|National Freight Partners|2017-09-04 00:00:00|19929,2017-09-04,National Freight Partners,transport_cost,IQR,64.0,280.93,1.8475945322208414,High
transport_cost|IQR|Regional Express Co.|2016-06-08 00:00:00|177062,2016-06-08,Regional Express Co.,transport_cost,IQR,64.0,280.91,1.847239481626132,High
transport_cost|IQR|Regional Express Co.|2016-05-01 00:00:00|152823,2016-05-01,Regional Express Co.,transport_cost,IQR,64.0,280.91,1.847239481626132,High
transport_cost|IQR|Regional Express Co.|2016-11-28 00:00:00|73569,2016-11-28,Regional Express Co.,transport_cost,IQR,64.0,280.88,1.8467069057340668,High
transport_cost|IQR|National Freight Partners|2017-05-15 00:00:00|105829,2017-05-15,National Freight Partners,transport_cost,IQR,64.0,280.82,1.8456417539499375,High
transport_cost|IQR|National Freight Partners|2015-05-26 00:00:00|169017,2015-05-26,National Freight Partners,transport_cost,IQR,64.0,280.78,1.8449316527605175,High
transport_cost|IQR|National Freight Partners|2016-08-06 00:00:00|172848,2016-08-06,National Freight Partners,transport_cost,IQR,64.0,280.77,1.844754127463163,High
daily_sales|IQR|Network|2018-08-24 00:00:00|1331,2018-08-24,Network,daily_sales,IQR,122569.795,9537.28,1.8436013679624168,High
transport_cost|IQR|Regional Express Co.|2016-05-13 00:00:00|44759,2016-05-13,Regional Express Co.,transport_cost,IQR,64.0,280.68,1.8431563997869695,High
transport_cost|IQR|National Freight Partners|2016-11-15 00:00:00|112305,2016-11-15,National Freight Partners,transport_cost,IQR,64.0,280.67,1.8429788744896147,High
transport_cost|IQR|Regional Express Co.|2017-07-22 00:00:00|36196,2017-07-22,Regional Express Co.,transport_cost,IQR,64.0,280.59,1.841558672110775,High
transport_cost|IQR|National Freight Partners|2015-06-24 00:00:00|71701,2015-06-24,National Freight Partners,transport_cost,IQR,64.0,280.59,1.841558672110775,High
transport_cost|IQR|National Freight Partners|2016-07-27 00:00:00|117494,2016-07-27,National Freight Partners,transport_cost,IQR,64.0,280.55,1.8408485709213562,High
transport_cost|IQR|Regional Express Co.|2016-05-11 00:00:00|141768,2016-05-11,Regional Express Co.,transport_cost,IQR,64.0,280.43,1.8387182673530977,High
transport_cost|IQR|Regional Express Co.|2015-04-10 00:00:00|169084,2015-04-10,Regional Express Co.,transport_cost,IQR,64.0,280.42,1.838540742055743,High
transport_cost|IQR|National Freight Partners|2017-01-04 00:00:00|165828,2017-01-04,National Freight Partners,transport_cost,IQR,64.0,280.37,1.8376531155689684,High
transport_cost|IQR|Regional Express Co.|2015-11-04 00:00:00|102687,2015-11-04,Regional Express Co.,transport_cost,IQR,64.0,280.33,1.8369430143795484,High
transport_cost|IQR|Regional Express Co.|2015-05-29 00:00:00|29308,2015-05-29,Regional Express Co.,transport_cost,IQR,64.0,280.3,1.8364104384874844,High
transport_cost|IQR|National Freight Partners|2017-08-27 00:00:00|36190,2017-08-27,National Freight Partners,transport_cost,IQR,64.0,280.29,1.8362329131901296,High
transport_cost|IQR|Regional Express Co.|2016-07-18 00:00:00|172798,2016-07-18,Regional Express Co.,transport_cost,IQR,64.0,280.25,1.8355228120007099,High
transport_cost|IQR|National Freight Partners|2017-04-05 00:00:00|157236,2017-04-05,National Freight Partners,transport_cost,IQR,64.0,280.25,1.8355228120007099,High
transport_cost|IQR|Regional Express Co.|2015-06-02 00:00:00|157438,2015-06-02,Regional Express Co.,transport_cost,IQR,64.0,280.21,1.83481271081129,High
transport_cost|IQR|Regional Express Co.|2015-12-22 00:00:00|48055,2015-12-22,Regional Express Co.,transport_cost,IQR,64.0,280.19,1.8344576602165805,High
transport_cost|IQR|National Freight Partners|2016-01-05 00:00:00|5695,2016-01-05,National Freight Partners,transport_cost,IQR,64.0,280.18,1.834280134919226,High
transport_cost|IQR|Regional Express Co.|2016-05-11 00:00:00|177050,2016-05-11,Regional Express Co.,transport_cost,IQR,64.0,280.17,1.834102609621871,High
transport_cost|IQR|National Freight Partners|2015-02-15 00:00:00|176916,2015-02-15,National Freight Partners,transport_cost,IQR,64.0,280.11,1.8330374578377417,High
transport_cost|IQR|National Freight Partners|2017-02-03 00:00:00|16058,2017-02-03,National Freight Partners,transport_cost,IQR,64.0,280.04,1.8317947807562578,High
transport_cost|IQR|Regional Express Co.|2016-07-24 00:00:00|44628,2016-07-24,Regional Express Co.,transport_cost,IQR,64.0,280.01,1.8312622048641927,High
transport_cost|IQR|Regional Express Co.|2015-01-29 00:00:00|63916,2015-01-29,Regional Express Co.,transport_cost,IQR,64.0,280.01,1.8312622048641927,High
transport_cost|IQR|Regional Express Co.|2015-03-27 00:00:00|117408,2015-03-27,Regional Express Co.,transport_cost,IQR,64.0,279.99,1.8309071542694833,High
transport_cost|IQR|Regional Express Co.|2017-03-03 00:00:00|47982,2017-03-03,Regional Express Co.,transport_cost,IQR,64.0,279.93,1.8298420024853541,High
transport_cost|IQR|Regional Express Co.|2015-11-16 00:00:00|142315,2015-11-16,Regional Express Co.,transport_cost,IQR,64.0,279.89,1.8291319012959342,High
transport_cost|IQR|National Freight Partners|2015-12-10 00:00:00|169045,2015-12-10,National Freight Partners,transport_cost,IQR,64.0,279.87,1.8287768507012248,High
transport_cost|IQR|Regional Express Co.|2016-05-15 00:00:00|71681,2016-05-15,Regional Express Co.,transport_cost,IQR,64.0,279.87,1.8287768507012248,High
transport_cost|IQR|Regional Express Co.|2016-04-20 00:00:00|101624,2016-04-20,Regional Express Co.,transport_cost,IQR,64.0,279.86,1.82859932540387,High
transport_cost|IQR|Regional Express Co.|2015-08-16 00:00:00|69137,2015-08-16,Regional Express Co.,transport_cost,IQR,64.0,279.85,1.8284218001065153,High
transport_cost|IQR|National Freight Partners|2016-07-16 00:00:00|29329,2016-07-16,National Freight Partners,transport_cost,IQR,64.0,279.83,1.8280667495118048,High
transport_cost|IQR|National Freight Partners|2017-02-08 00:00:00|157337,2017-02-08,National Freight Partners,transport_cost,IQR,64.0,279.8,1.8275341736197408,High
transport_cost|IQR|National Freight Partners|2016-09-27 00:00:00|15986,2016-09-27,National Freight Partners,transport_cost,IQR,64.0,279.78,1.8271791230250303,High
transport_cost|IQR|Regional Express Co.|2015-02-25 00:00:00|113903,2015-02-25,Regional Express Co.,transport_cost,IQR,64.0,279.75,1.8266465471329663,High
transport_cost|IQR|National Freight Partners|2016-01-13 00:00:00|4055,2016-01-13,National Freight Partners,transport_cost,IQR,64.0,279.65,1.824871294159417,High
transport_cost|IQR|Regional Express Co.|2017-07-25 00:00:00|52088,2017-07-25,Regional Express Co.,transport_cost,IQR,64.0,279.57,1.8234510917805784,High
transport_cost|IQR|National Freight Partners|2017-05-15 00:00:00|137677,2017-05-15,National Freight Partners,transport_cost,IQR,64.0,279.56,1.8232735664832236,High
transport_cost|IQR|Regional Express Co.|2017-06-16 00:00:00|165859,2017-06-16,Regional Express Co.,transport_cost,IQR,64.0,279.54,1.8229185158885142,High
transport_cost|IQR|Regional Express Co.|2016-05-30 00:00:00|16221,2016-05-30,Regional Express Co.,transport_cost,IQR,64.0,279.5,1.8222084146990944,High
transport_cost|IQR|National Freight Partners|2016-02-21 00:00:00|11388,2016-02-21,National Freight Partners,transport_cost,IQR,64.0,279.5,1.8222084146990944,High
transport_cost|IQR|National Freight Partners|2015-11-30 00:00:00|16248,2015-11-30,National Freight Partners,transport_cost,IQR,64.0,279.4,1.8204331617255451,High
transport_cost|IQR|Regional Express Co.|2017-01-12 00:00:00|44512,2017-01-12,Regional Express Co.,transport_cost,IQR,64.0,279.38,1.8200781111308357,High
transport_cost|IQR|Regional Express Co.|2016-01-11 00:00:00|150889,2016-01-11,Regional Express Co.,transport_cost,IQR,64.0,279.36,1.8197230605361263,High
transport_cost|IQR|National Freight Partners|2017-12-01 00:00:00|117447,2017-12-01,National Freight Partners,transport_cost,IQR,64.0,279.32,1.8190129593467066,High
transport_cost|IQR|National Freight Partners|2017-06-06 00:00:00|122296,2017-06-06,National Freight Partners,transport_cost,IQR,64.0,279.31,1.8188354340493518,High
transport_cost|IQR|Regional Express Co.|2016-10-29 00:00:00|44389,2016-10-29,Regional Express Co.,transport_cost,IQR,64.0,279.21,1.8170601810758027,High
transport_cost|IQR|National Freight Partners|2016-02-13 00:00:00|20099,2016-02-13,National Freight Partners,transport_cost,IQR,64.0,279.16,1.816172554589029,High
transport_cost|IQR|Regional Express Co.|2015-08-12 00:00:00|4033,2015-08-12,Regional Express Co.,transport_cost,IQR,64.0,279.15,1.8159950292916733,High
transport_cost|IQR|Regional Express Co.|2015-07-16 00:00:00|69143,2015-07-16,Regional Express Co.,transport_cost,IQR,64.0,279.1,1.8151074028049,High
transport_cost|IQR|National Freight Partners|2017-10-05 00:00:00|150831,2017-10-05,National Freight Partners,transport_cost,IQR,64.0,279.06,1.81439730161548,High
transport_cost|IQR|National Freight Partners|2016-10-23 00:00:00|48272,2016-10-23,National Freight Partners,transport_cost,IQR,64.0,279.03,1.8138647257234148,High
transport_cost|IQR|National Freight Partners|2017-01-15 00:00:00|16214,2017-01-15,National Freight Partners,transport_cost,IQR,64.0,278.99,1.813154624533996,High
transport_cost|IQR|Regional Express Co.|2015-12-02 00:00:00|102233,2015-12-02,Regional Express Co.,transport_cost,IQR,64.0,278.98,1.8129770992366412,High
transport_cost|IQR|Regional Express Co.|2016-01-07 00:00:00|48026,2016-01-07,Regional Express Co.,transport_cost,IQR,64.0,278.97,1.8127995739392866,High
transport_cost|IQR|Regional Express Co.|2015-07-03 00:00:00|47925,2015-07-03,Regional Express Co.,transport_cost,IQR,64.0,278.92,1.811911947452512,High
transport_cost|IQR|National Freight Partners|2017-10-29 00:00:00|97197,2017-10-29,National Freight Partners,transport_cost,IQR,64.0,278.91,1.8117344221551572,High
transport_cost|IQR|National Freight Partners|2016-07-08 00:00:00|141772,2016-07-08,National Freight Partners,transport_cost,IQR,64.0,278.91,1.8117344221551572,High
daily_sales|IQR|Network|2018-08-25 00:00:00|1332,2018-08-25,Network,daily_sales,IQR,122569.795,10493.44,1.8103529961993308,High
transport_cost|IQR|Regional Express Co.|2015-12-20 00:00:00|63939,2015-12-20,Regional Express Co.,transport_cost,IQR,64.0,278.83,1.8103142197763176,High
transport_cost|IQR|Regional Express Co.|2017-03-22 00:00:00|71759,2017-03-22,Regional Express Co.,transport_cost,IQR,64.0,278.82,1.810136694478963,High
transport_cost|IQR|National Freight Partners|2015-07-24 00:00:00|144473,2015-07-24,National Freight Partners,transport_cost,IQR,64.0,278.82,1.810136694478963,High
transport_cost|IQR|Regional Express Co.|2017-07-22 00:00:00|176944,2017-07-22,Regional Express Co.,transport_cost,IQR,64.0,278.75,1.8088940173974788,High
transport_cost|IQR|Regional Express Co.|2015-09-23 00:00:00|44674,2015-09-23,Regional Express Co.,transport_cost,IQR,64.0,278.72,1.8083614415054148,High
transport_cost|IQR|Regional Express Co.|2016-08-11 00:00:00|29199,2016-08-11,Regional Express Co.,transport_cost,IQR,64.0,278.71,1.808183916208059,High
transport_cost|IQR|Regional Express Co.|2017-02-08 00:00:00|139302,2017-02-08,Regional Express Co.,transport_cost,IQR,64.0,278.69,1.8078288656133497,High
transport_cost|IQR|Regional Express Co.|2015-08-01 00:00:00|182,2015-08-01,Regional Express Co.,transport_cost,IQR,64.0,278.68,1.8076513403159948,High
transport_cost|IQR|National Freight Partners|2015-07-10 00:00:00|117276,2015-07-10,National Freight Partners,transport_cost,IQR,64.0,278.63,1.8067637138292203,High
transport_cost|IQR|Regional Express Co.|2015-04-18 00:00:00|117755,2015-04-18,Regional Express Co.,transport_cost,IQR,64.0,278.56,1.8055210367477363,High
transport_cost|IQR|National Freight Partners|2016-03-21 00:00:00|48191,2016-03-21,National Freight Partners,transport_cost,IQR,64.0,278.55,1.8053435114503815,High
transport_cost|IQR|National Freight Partners|2017-12-11 00:00:00|11328,2017-12-11,National Freight Partners,transport_cost,IQR,64.0,278.47,1.803923309071543,High
transport_cost|IQR|Regional Express Co.|2017-09-01 00:00:00|77704,2017-09-01,Regional Express Co.,transport_cost,IQR,64.0,278.46,1.8037457837741873,High
transport_cost|IQR|Regional Express Co.|2015-07-14 00:00:00|117221,2015-07-14,Regional Express Co.,transport_cost,IQR,64.0,278.46,1.8037457837741873,High
transport_cost|IQR|Regional Express Co.|2016-09-18 00:00:00|141690,2016-09-18,Regional Express Co.,transport_cost,IQR,64.0,278.44,1.8033907331794778,High
inventory_change|IQR|Abu Dhabi Distribution Center|2018-01-20 00:00:00|1114,2018-01-20,Abu Dhabi Distribution Center,inventory_change,IQR,-52.0,229.0,1.8031358885017421,High
transport_cost|IQR|National Freight Partners|2016-04-13 00:00:00|80034,2016-04-13,National Freight Partners,transport_cost,IQR,64.0,278.39,1.8025031066927033,High
transport_cost|IQR|National Freight Partners|2015-03-05 00:00:00|113749,2015-03-05,National Freight Partners,transport_cost,IQR,64.0,278.37,1.8021480560979937,High
transport_cost|IQR|Regional Express Co.|2015-06-19 00:00:00|150825,2015-06-19,Regional Express Co.,transport_cost,IQR,64.0,278.36,1.801970530800639,High
transport_cost|IQR|Regional Express Co.|2016-12-20 00:00:00|176887,2016-12-20,Regional Express Co.,transport_cost,IQR,64.0,278.36,1.801970530800639,High
transport_cost|IQR|National Freight Partners|2016-09-30 00:00:00|74491,2016-09-30,National Freight Partners,transport_cost,IQR,64.0,278.32,1.8012604296112191,High
transport_cost|IQR|Regional Express Co.|2016-06-08 00:00:00|117502,2016-06-08,Regional Express Co.,transport_cost,IQR,64.0,278.31,1.8010829043138645,High
transport_cost|IQR|Regional Express Co.|2017-06-20 00:00:00|157429,2017-06-20,Regional Express Co.,transport_cost,IQR,64.0,278.3,1.8009053790165097,High
transport_cost|IQR|National Freight Partners|2016-05-15 00:00:00|44496,2016-05-15,National Freight Partners,transport_cost,IQR,64.0,278.28,1.8005503284217994,High
transport_cost|IQR|National Freight Partners|2016-11-26 00:00:00|3052,2016-11-26,National Freight Partners,transport_cost,IQR,64.0,278.2,1.7991301260429606,High
transport_cost|IQR|Regional Express Co.|2015-01-19 00:00:00|76837,2015-01-19,Regional Express Co.,transport_cost,IQR,64.0,278.16,1.7984200248535418,High
transport_cost|IQR|Regional Express Co.|2015-08-19 00:00:00|103854,2015-08-19,Regional Express Co.,transport_cost,IQR,64.0,278.12,1.7977099236641219,High
transport_cost|IQR|Regional Express Co.|2017-11-18 00:00:00|176808,2017-11-18,Regional Express Co.,transport_cost,IQR,64.0,278.09,1.7971773477720567,High
transport_cost|IQR|National Freight Partners|2015-01-05 00:00:00|114868,2015-01-05,National Freight Partners,transport_cost,IQR,64.0,278.08,1.7969998224747021,High
transport_cost|IQR|Regional Express Co.|2016-09-23 00:00:00|47922,2016-09-23,Regional Express Co.,transport_cost,IQR,64.0,278.03,1.7961121959879276,High
transport_cost|IQR|National Freight Partners|2017-09-26 00:00:00|16030,2017-09-26,National Freight Partners,transport_cost,IQR,64.0,278.01,1.7957571453932182,High
transport_cost|IQR|Regional Express Co.|2015-07-29 00:00:00|117526,2015-07-29,Regional Express Co.,transport_cost,IQR,64.0,277.99,1.7954020947985088,High
transport_cost|IQR|Regional Express Co.|2017-04-20 00:00:00|117608,2017-04-20,Regional Express Co.,transport_cost,IQR,64.0,277.98,1.795224569501154,High
transport_cost|IQR|Regional Express Co.|2016-08-08 00:00:00|44540,2016-08-08,Regional Express Co.,transport_cost,IQR,64.0,277.89,1.7936268418249595,High
transport_cost|IQR|National Freight Partners|2016-02-04 00:00:00|132083,2016-02-04,National Freight Partners,transport_cost,IQR,64.0,277.87,1.79327179123025,High
transport_cost|IQR|Regional Express Co.|2015-01-29 00:00:00|32279,2015-01-29,Regional Express Co.,transport_cost,IQR,64.0,277.87,1.79327179123025,High
transport_cost|IQR|National Freight Partners|2016-01-27 00:00:00|122242,2016-01-27,National Freight Partners,transport_cost,IQR,64.0,277.84,1.792739215338185,High
transport_cost|IQR|Regional Express Co.|2017-01-27 00:00:00|110895,2017-01-27,Regional Express Co.,transport_cost,IQR,64.0,277.78,1.7916740635540558,High
transport_cost|IQR|Regional Express Co.|2015-05-12 00:00:00|169172,2015-05-12,Regional Express Co.,transport_cost,IQR,64.0,277.71,1.7904313864725716,High
transport_cost|IQR|Regional Express Co.|2017-04-25 00:00:00|125065,2017-04-25,Regional Express Co.,transport_cost,IQR,64.0,277.66,1.7895437599857982,High
transport_cost|IQR|National Freight Partners|2016-04-22 00:00:00|169065,2016-04-22,National Freight Partners,transport_cost,IQR,64.0,277.65,1.7893662346884425,High
transport_cost|IQR|National Freight Partners|2015-02-09 00:00:00|114200,2015-02-09,National Freight Partners,transport_cost,IQR,64.0,277.65,1.7893662346884425,High
transport_cost|IQR|National Freight Partners|2017-05-15 00:00:00|54991,2017-05-15,National Freight Partners,transport_cost,IQR,64.0,277.64,1.7891887093910877,High
transport_cost|IQR|Regional Express Co.|2016-03-20 00:00:00|153544,2016-03-20,Regional Express Co.,transport_cost,IQR,64.0,277.59,1.788301082904313,High
transport_cost|IQR|National Freight Partners|2016-09-20 00:00:00|27378,2016-09-20,National Freight Partners,transport_cost,IQR,64.0,277.58,1.7881235576069585,High
transport_cost|IQR|Regional Express Co.|2015-09-06 00:00:00|97228,2015-09-06,Regional Express Co.,transport_cost,IQR,64.0,277.52,1.7870584058228292,High
transport_cost|IQR|Regional Express Co.|2017-02-08 00:00:00|110635,2017-02-08,Regional Express Co.,transport_cost,IQR,64.0,277.52,1.7870584058228292,High
transport_cost|IQR|Regional Express Co.|2016-03-21 00:00:00|165778,2016-03-21,Regional Express Co.,transport_cost,IQR,64.0,277.52,1.7870584058228292,High
transport_cost|IQR|Regional Express Co.|2017-02-12 00:00:00|56429,2017-02-12,Regional Express Co.,transport_cost,IQR,64.0,277.5,1.7867033552281197,High
transport_cost|IQR|Regional Express Co.|2015-02-09 00:00:00|169022,2015-02-09,Regional Express Co.,transport_cost,IQR,64.0,277.38,1.7845730516598612,High
transport_cost|IQR|Regional Express Co.|2015-05-05 00:00:00|117702,2015-05-05,Regional Express Co.,transport_cost,IQR,64.0,277.35,1.784040475767797,High
transport_cost|IQR|National Freight Partners|2017-02-12 00:00:00|110549,2017-02-12,National Freight Partners,transport_cost,IQR,64.0,277.33,1.7836854251730867,High
transport_cost|IQR|National Freight Partners|2015-11-26 00:00:00|102341,2015-11-26,National Freight Partners,transport_cost,IQR,64.0,277.3,1.7831528492810225,High
transport_cost|IQR|National Freight Partners|2017-08-11 00:00:00|16004,2017-08-11,National Freight Partners,transport_cost,IQR,64.0,277.3,1.7831528492810225,High
transport_cost|IQR|National Freight Partners|2015-03-02 00:00:00|117690,2015-03-02,National Freight Partners,transport_cost,IQR,64.0,277.29,1.7829753239836679,High
transport_cost|IQR|Regional Express Co.|2017-05-04 00:00:00|117401,2017-05-04,Regional Express Co.,transport_cost,IQR,64.0,277.28,1.782797798686312,High
transport_cost|IQR|Regional Express Co.|2016-07-27 00:00:00|39285,2016-07-27,Regional Express Co.,transport_cost,IQR,64.0,277.26,1.7824427480916025,High
transport_cost|IQR|National Freight Partners|2015-06-01 00:00:00|71504,2015-06-01,National Freight Partners,transport_cost,IQR,64.0,277.25,1.782265222794248,High
transport_cost|IQR|Regional Express Co.|2017-08-11 00:00:00|78099,2017-08-11,Regional Express Co.,transport_cost,IQR,64.0,277.22,1.7817326469021837,High
transport_cost|IQR|National Freight Partners|2015-06-25 00:00:00|71469,2015-06-25,National Freight Partners,transport_cost,IQR,64.0,277.21,1.781555121604828,High
transport_cost|IQR|Regional Express Co.|2016-08-23 00:00:00|176989,2016-08-23,Regional Express Co.,transport_cost,IQR,64.0,277.19,1.7812000710101186,High
transport_cost|IQR|Regional Express Co.|2016-02-11 00:00:00|16093,2016-02-11,Regional Express Co.,transport_cost,IQR,64.0,277.19,1.7812000710101186,High
transport_cost|IQR|National Freight Partners|2017-04-09 00:00:00|44591,2017-04-09,National Freight Partners,transport_cost,IQR,64.0,277.12,1.7799573939286346,High
transport_cost|IQR|Regional Express Co.|2015-10-16 00:00:00|69225,2015-10-16,Regional Express Co.,transport_cost,IQR,64.0,277.06,1.7788922421445053,High
transport_cost|IQR|National Freight Partners|2016-09-25 00:00:00|157189,2016-09-25,National Freight Partners,transport_cost,IQR,64.0,277.01,1.7780046156577307,High
transport_cost|IQR|National Freight Partners|2017-11-19 00:00:00|176779,2017-11-19,National Freight Partners,transport_cost,IQR,64.0,276.97,1.7772945144683119,High
transport_cost|IQR|National Freight Partners|2016-08-22 00:00:00|176857,2016-08-22,National Freight Partners,transport_cost,IQR,64.0,276.96,1.7771169891709562,High
transport_cost|IQR|Regional Express Co.|2015-10-21 00:00:00|16128,2015-10-21,Regional Express Co.,transport_cost,IQR,64.0,276.94,1.7767619385762468,High
transport_cost|IQR|National Freight Partners|2015-04-07 00:00:00|117380,2015-04-07,National Freight Partners,transport_cost,IQR,64.0,276.93,1.7765844132788922,High
transport_cost|IQR|Regional Express Co.|2016-01-03 00:00:00|117475,2016-01-03,Regional Express Co.,transport_cost,IQR,64.0,276.91,1.7762293626841827,High
transport_cost|IQR|National Freight Partners|2016-04-08 00:00:00|130865,2016-04-08,National Freight Partners,transport_cost,IQR,64.0,276.89,1.7758743120894722,High
transport_cost|IQR|Regional Express Co.|2016-09-03 00:00:00|74915,2016-09-03,Regional Express Co.,transport_cost,IQR,64.0,276.87,1.7755192614947628,High
transport_cost|IQR|National Freight Partners|2016-11-29 00:00:00|11397,2016-11-29,National Freight Partners,transport_cost,IQR,64.0,276.87,1.7755192614947628,High
transport_cost|IQR|Regional Express Co.|2015-01-19 00:00:00|141808,2015-01-19,Regional Express Co.,transport_cost,IQR,64.0,276.86,1.7753417361974082,High
inventory_change|IQR|Abu Dhabi Distribution Center|2017-12-10 00:00:00|1073,2017-12-10,Abu Dhabi Distribution Center,inventory_change,IQR,-52.0,227.0,1.7752613240418118,High
transport_cost|IQR|Regional Express Co.|2015-03-02 00:00:00|11383,2015-03-02,Regional Express Co.,transport_cost,IQR,64.0,276.85,1.7751642109000534,High
transport_cost|IQR|National Freight Partners|2016-05-22 00:00:00|152466,2016-05-22,National Freight Partners,transport_cost,IQR,64.0,276.77,1.7737440085212137,High
transport_cost|IQR|National Freight Partners|2015-11-28 00:00:00|36436,2015-11-28,National Freight Partners,transport_cost,IQR,64.0,276.68,1.7721462808450203,High
transport_cost|IQR|National Freight Partners|2017-09-10 00:00:00|141839,2017-09-10,National Freight Partners,transport_cost,IQR,64.0,276.66,1.771791230250311,High
transport_cost|IQR|Regional Express Co.|2015-05-29 00:00:00|61615,2015-05-29,Regional Express Co.,transport_cost,IQR,64.0,276.66,1.771791230250311,High
transport_cost|IQR|Regional Express Co.|2017-06-29 00:00:00|51476,2017-06-29,Regional Express Co.,transport_cost,IQR,64.0,276.64,1.7714361796556004,High
transport_cost|IQR|National Freight Partners|2015-03-21 00:00:00|97273,2015-03-21,National Freight Partners,transport_cost,IQR,64.0,276.53,1.7694834013846965,High
transport_cost|IQR|National Freight Partners|2015-12-03 00:00:00|177040,2015-12-03,National Freight Partners,transport_cost,IQR,64.0,276.5,1.7689508254926325,High
transport_cost|IQR|National Freight Partners|2015-12-03 00:00:00|177097,2015-12-03,National Freight Partners,transport_cost,IQR,64.0,276.49,1.7687733001952777,High
transport_cost|IQR|National Freight Partners|2017-08-29 00:00:00|47903,2017-08-29,National Freight Partners,transport_cost,IQR,64.0,276.48,1.768595774897923,High
transport_cost|IQR|National Freight Partners|2015-02-25 00:00:00|44592,2015-02-25,National Freight Partners,transport_cost,IQR,64.0,276.44,1.7678856737085031,High
transport_cost|IQR|National Freight Partners|2017-03-30 00:00:00|157239,2017-03-30,National Freight Partners,transport_cost,IQR,64.0,276.4,1.7671755725190832,High
transport_cost|IQR|Regional Express Co.|2016-04-23 00:00:00|71682,2016-04-23,Regional Express Co.,transport_cost,IQR,64.0,276.36,1.7664654713296644,High
transport_cost|IQR|Regional Express Co.|2016-02-08 00:00:00|180110,2016-02-08,Regional Express Co.,transport_cost,IQR,64.0,276.3,1.7654003195455352,High
transport_cost|IQR|National Freight Partners|2016-06-02 00:00:00|48331,2016-06-02,National Freight Partners,transport_cost,IQR,64.0,276.29,1.7652227942481804,High
transport_cost|IQR|National Freight Partners|2017-09-16 00:00:00|157183,2017-09-16,National Freight Partners,transport_cost,IQR,64.0,276.26,1.7646902183561153,High
transport_cost|IQR|Regional Express Co.|2017-07-28 00:00:00|116160,2017-07-28,Regional Express Co.,transport_cost,IQR,64.0,276.25,1.7645126930587607,High
transport_cost|IQR|National Freight Partners|2015-10-26 00:00:00|102825,2015-10-26,National Freight Partners,transport_cost,IQR,64.0,276.22,1.7639801171666964,High
transport_cost|IQR|Regional Express Co.|2016-06-21 00:00:00|97311,2016-06-21,Regional Express Co.,transport_cost,IQR,64.0,276.18,1.7632700159772765,High
transport_cost|IQR|National Freight Partners|2015-03-01 00:00:00|44259,2015-03-01,National Freight Partners,transport_cost,IQR,64.0,276.18,1.7632700159772765,High
transport_cost|IQR|National Freight Partners|2015-02-17 00:00:00|29306,2015-02-17,National Freight Partners,transport_cost,IQR,64.0,276.18,1.7632700159772765,High
transport_cost|IQR|National Freight Partners|2015-08-15 00:00:00|177011,2015-08-15,National Freight Partners,transport_cost,IQR,64.0,276.11,1.7620273388957925,High
transport_cost|IQR|Regional Express Co.|2016-09-04 00:00:00|48194,2016-09-04,Regional Express Co.,transport_cost,IQR,64.0,276.09,1.7616722883010822,High
transport_cost|IQR|Regional Express Co.|2015-01-29 00:00:00|16139,2015-01-29,Regional Express Co.,transport_cost,IQR,64.0,276.08,1.7614947630037274,High
transport_cost|IQR|Regional Express Co.|2017-05-14 00:00:00|105850,2017-05-14,Regional Express Co.,transport_cost,IQR,64.0,276.07,1.7613172377063728,High
transport_cost|IQR|Regional Express Co.|2016-05-30 00:00:00|16111,2016-05-30,Regional Express Co.,transport_cost,IQR,64.0,276.06,1.761139712409018,High
transport_cost|IQR|National Freight Partners|2016-01-05 00:00:00|132675,2016-01-05,National Freight Partners,transport_cost,IQR,64.0,276.04,1.7607846618143086,High
transport_cost|IQR|Regional Express Co.|2015-08-12 00:00:00|44664,2015-08-12,Regional Express Co.,transport_cost,IQR,64.0,276.0,1.7600745606248889,High
transport_cost|IQR|National Freight Partners|2015-12-08 00:00:00|133224,2015-12-08,National Freight Partners,transport_cost,IQR,64.0,275.96,1.759364459435469,High
transport_cost|IQR|National Freight Partners|2015-05-20 00:00:00|29227,2015-05-20,National Freight Partners,transport_cost,IQR,64.0,275.96,1.759364459435469,High
transport_cost|IQR|National Freight Partners|2015-02-27 00:00:00|47937,2015-02-27,National Freight Partners,transport_cost,IQR,64.0,275.92,1.75865435824605,High
transport_cost|IQR|National Freight Partners|2016-01-17 00:00:00|157289,2016-01-17,National Freight Partners,transport_cost,IQR,64.0,275.9,1.7582993076513396,High
transport_cost|IQR|Regional Express Co.|2017-09-24 00:00:00|117248,2017-09-24,Regional Express Co.,transport_cost,IQR,64.0,275.9,1.7582993076513396,High
transport_cost|IQR|Regional Express Co.|2016-05-10 00:00:00|69245,2016-05-10,Regional Express Co.,transport_cost,IQR,64.0,275.89,1.758121782353985,High
transport_cost|IQR|Regional Express Co.|2016-05-18 00:00:00|117496,2016-05-18,Regional Express Co.,transport_cost,IQR,64.0,275.89,1.758121782353985,High
transport_cost|IQR|Regional Express Co.|2015-04-22 00:00:00|16062,2015-04-22,Regional Express Co.,transport_cost,IQR,64.0,275.8,1.7565240546777916,High
transport_cost|IQR|Regional Express Co.|2016-11-04 00:00:00|169133,2016-11-04,Regional Express Co.,transport_cost,IQR,64.0,275.8,1.7565240546777916,High
transport_cost|IQR|National Freight Partners|2016-09-25 00:00:00|157439,2016-09-25,National Freight Partners,transport_cost,IQR,64.0,275.79,1.7563465293804368,High
transport_cost|IQR|Regional Express Co.|2017-10-09 00:00:00|157194,2017-10-09,Regional Express Co.,transport_cost,IQR,64.0,275.77,1.7559914787857265,High
transport_cost|IQR|Regional Express Co.|2017-11-02 00:00:00|176639,2017-11-02,Regional Express Co.,transport_cost,IQR,64.0,275.76,1.7558139534883717,High
transport_cost|IQR|National Freight Partners|2016-02-29 00:00:00|172820,2016-02-29,National Freight Partners,transport_cost,IQR,64.0,275.74,1.7554589028936622,High
transport_cost|IQR|Regional Express Co.|2017-01-30 00:00:00|124933,2017-01-30,Regional Express Co.,transport_cost,IQR,64.0,275.7,1.7547488017042423,High
transport_cost|IQR|National Freight Partners|2015-09-03 00:00:00|71638,2015-09-03,National Freight Partners,transport_cost,IQR,64.0,275.7,1.7547488017042423,High
transport_cost|IQR|Regional Express Co.|2015-11-02 00:00:00|142602,2015-11-02,Regional Express Co.,transport_cost,IQR,64.0,275.67,1.7542162258121783,High
transport_cost|IQR|Regional Express Co.|2015-10-06 00:00:00|29299,2015-10-06,Regional Express Co.,transport_cost,IQR,64.0,275.64,1.7536836499201132,High
transport_cost|IQR|National Freight Partners|2016-05-11 00:00:00|97409,2016-05-11,National Freight Partners,transport_cost,IQR,64.0,275.6,1.7529735487306943,High
transport_cost|IQR|Regional Express Co.|2015-12-16 00:00:00|71610,2015-12-16,Regional Express Co.,transport_cost,IQR,64.0,275.59,1.7527960234333386,High
transport_cost|IQR|Regional Express Co.|2016-12-24 00:00:00|111543,2016-12-24,Regional Express Co.,transport_cost,IQR,64.0,275.56,1.7522634475412744,High
transport_cost|IQR|Regional Express Co.|2015-05-05 00:00:00|178425,2015-05-05,Regional Express Co.,transport_cost,IQR,64.0,275.54,1.751908396946565,High
transport_cost|IQR|National Freight Partners|2015-10-13 00:00:00|157319,2015-10-13,National Freight Partners,transport_cost,IQR,64.0,275.53,1.7517308716492093,High
transport_cost|IQR|Regional Express Co.|2016-07-16 00:00:00|99998,2016-07-16,Regional Express Co.,transport_cost,IQR,64.0,275.52,1.7515533463518544,High
transport_cost|IQR|National Freight Partners|2016-05-02 00:00:00|122365,2016-05-02,National Freight Partners,transport_cost,IQR,64.0,275.49,1.7510207704597904,High
transport_cost|IQR|Regional Express Co.|2017-10-24 00:00:00|117272,2017-10-24,Regional Express Co.,transport_cost,IQR,64.0,275.47,1.750665719865081,High
transport_cost|IQR|National Freight Partners|2015-04-10 00:00:00|141821,2015-04-10,National Freight Partners,transport_cost,IQR,64.0,275.45,1.7503106692703705,High
transport_cost|IQR|Regional Express Co.|2017-06-25 00:00:00|169159,2017-06-25,Regional Express Co.,transport_cost,IQR,64.0,275.38,1.7490679921888865,High
transport_cost|IQR|National Freight Partners|2016-10-29 00:00:00|62938,2016-10-29,National Freight Partners,transport_cost,IQR,64.0,275.34,1.7483578909994668,High
transport_cost|IQR|National Freight Partners|2017-12-01 00:00:00|97275,2017-12-01,National Freight Partners,transport_cost,IQR,64.0,275.27,1.7471152139179826,High
transport_cost|IQR|Regional Express Co.|2015-05-13 00:00:00|63928,2015-05-13,Regional Express Co.,transport_cost,IQR,64.0,275.23,1.7464051127285638,High
transport_cost|IQR|Regional Express Co.|2018-01-26 00:00:00|124964,2018-01-26,Regional Express Co.,transport_cost,IQR,64.0,275.22,1.7462275874312092,High
transport_cost|IQR|Regional Express Co.|2017-05-11 00:00:00|44277,2017-05-11,Regional Express Co.,transport_cost,IQR,64.0,275.22,1.7462275874312092,High
transport_cost|IQR|Regional Express Co.|2015-01-05 00:00:00|47979,2015-01-05,Regional Express Co.,transport_cost,IQR,64.0,275.22,1.7462275874312092,High
transport_cost|IQR|Regional Express Co.|2016-08-21 00:00:00|63972,2016-08-21,Regional Express Co.,transport_cost,IQR,64.0,275.21,1.7460500621338535,High
transport_cost|IQR|National Freight Partners|2016-09-25 00:00:00|176707,2016-09-25,National Freight Partners,transport_cost,IQR,64.0,275.2,1.7458725368364987,High
transport_cost|IQR|National Freight Partners|2015-02-10 00:00:00|114169,2015-02-10,National Freight Partners,transport_cost,IQR,64.0,275.19,1.745695011539144,High
transport_cost|IQR|Regional Express Co.|2015-02-21 00:00:00|29303,2015-02-21,Regional Express Co.,transport_cost,IQR,64.0,275.18,1.7455174862417893,High
transport_cost|IQR|National Freight Partners|2017-08-14 00:00:00|169163,2017-08-14,National Freight Partners,transport_cost,IQR,64.0,275.14,1.7448073850523695,High
transport_cost|IQR|National Freight Partners|2017-05-03 00:00:00|106057,2017-05-03,National Freight Partners,transport_cost,IQR,64.0,275.12,1.7444523344576601,High
transport_cost|IQR|National Freight Partners|2016-08-08 00:00:00|75318,2016-08-08,National Freight Partners,transport_cost,IQR,64.0,275.12,1.7444523344576601,High
transport_cost|IQR|Regional Express Co.|2017-06-29 00:00:00|105021,2017-06-29,Regional Express Co.,transport_cost,IQR,64.0,275.12,1.7444523344576601,High
daily_sales|IQR|Network|2018-05-27 00:00:00|1242,2018-05-27,Network,daily_sales,IQR,122569.795,12397.98,1.7441267851492268,High
transport_cost|IQR|Regional Express Co.|2015-06-27 00:00:00|44579,2015-06-27,Regional Express Co.,transport_cost,IQR,64.0,275.06,1.7433871826735308,High
transport_cost|IQR|Regional Express Co.|2016-02-21 00:00:00|131729,2016-02-21,Regional Express Co.,transport_cost,IQR,64.0,275.06,1.7433871826735308,High
transport_cost|IQR|Regional Express Co.|2016-10-06 00:00:00|71588,2016-10-06,Regional Express Co.,transport_cost,IQR,64.0,275.01,1.7424995561867562,High
transport_cost|IQR|National Freight Partners|2016-09-11 00:00:00|36257,2016-09-11,National Freight Partners,transport_cost,IQR,64.0,275.01,1.7424995561867562,High
transport_cost|IQR|National Freight Partners|2017-07-27 00:00:00|176669,2017-07-27,National Freight Partners,transport_cost,IQR,64.0,275.0,1.7423220308894014,High
transport_cost|IQR|Regional Express Co.|2017-01-05 00:00:00|176782,2017-01-05,Regional Express Co.,transport_cost,IQR,64.0,274.99,1.7421445055920468,High
transport_cost|IQR|Regional Express Co.|2016-01-29 00:00:00|176976,2016-01-29,Regional Express Co.,transport_cost,IQR,64.0,274.96,1.7416119296999817,High
transport_cost|IQR|National Freight Partners|2016-05-04 00:00:00|97346,2016-05-04,National Freight Partners,transport_cost,IQR,64.0,274.94,1.7412568791052723,High
transport_cost|IQR|Regional Express Co.|2015-12-17 00:00:00|165863,2015-12-17,Regional Express Co.,transport_cost,IQR,64.0,274.92,1.7409018285105629,High
transport_cost|IQR|Regional Express Co.|2016-08-09 00:00:00|29189,2016-08-09,Regional Express Co.,transport_cost,IQR,64.0,274.92,1.7409018285105629,High
transport_cost|IQR|National Freight Partners|2017-03-09 00:00:00|39075,2017-03-09,National Freight Partners,transport_cost,IQR,64.0,274.9,1.7405467779158523,High
transport_cost|IQR|Regional Express Co.|2017-08-14 00:00:00|148,2017-08-14,Regional Express Co.,transport_cost,IQR,64.0,274.88,1.740191727321143,High
transport_cost|IQR|Regional Express Co.|2017-02-08 00:00:00|110640,2017-02-08,Regional Express Co.,transport_cost,IQR,64.0,274.86,1.7398366767264335,High
transport_cost|IQR|National Freight Partners|2016-05-16 00:00:00|125162,2016-05-16,National Freight Partners,transport_cost,IQR,64.0,274.8,1.7387715249423041,High
transport_cost|IQR|National Freight Partners|2016-09-21 00:00:00|18076,2016-09-21,National Freight Partners,transport_cost,IQR,64.0,274.8,1.7387715249423041,High
transport_cost|IQR|Regional Express Co.|2016-05-13 00:00:00|79576,2016-05-13,Regional Express Co.,transport_cost,IQR,64.0,274.75,1.7378838984555296,High
transport_cost|IQR|Regional Express Co.|2017-07-25 00:00:00|52015,2017-07-25,Regional Express Co.,transport_cost,IQR,64.0,274.74,1.737706373158175,High
transport_cost|IQR|Regional Express Co.|2017-05-12 00:00:00|29346,2017-05-12,Regional Express Co.,transport_cost,IQR,64.0,274.7,1.736996271968755,High
transport_cost|IQR|Regional Express Co.|2016-02-11 00:00:00|39279,2016-02-11,Regional Express Co.,transport_cost,IQR,64.0,274.7,1.736996271968755,High
transport_cost|IQR|National Freight Partners|2017-07-18 00:00:00|125130,2017-07-18,National Freight Partners,transport_cost,IQR,64.0,274.66,1.7362861707793362,High
transport_cost|IQR|National Freight Partners|2015-06-13 00:00:00|122280,2015-06-13,National Freight Partners,transport_cost,IQR,64.0,274.66,1.7362861707793362,High
transport_cost|IQR|National Freight Partners|2015-09-03 00:00:00|71692,2015-09-03,National Freight Partners,transport_cost,IQR,64.0,274.52,1.7338008166163672,High
transport_cost|IQR|National Freight Partners|2015-07-14 00:00:00|157164,2015-07-14,National Freight Partners,transport_cost,IQR,64.0,274.43,1.7322030889401738,High
transport_cost|IQR|National Freight Partners|2016-10-10 00:00:00|117203,2016-10-10,National Freight Partners,transport_cost,IQR,64.0,274.43,1.7322030889401738,High
transport_cost|IQR|Regional Express Co.|2017-02-27 00:00:00|138995,2017-02-27,Regional Express Co.,transport_cost,IQR,64.0,274.37,1.7311379371560445,High
transport_cost|IQR|Regional Express Co.|2016-11-09 00:00:00|73864,2016-11-09,Regional Express Co.,transport_cost,IQR,64.0,274.28,1.7295402094798502,High
transport_cost|IQR|Regional Express Co.|2015-05-30 00:00:00|29129,2015-05-30,Regional Express Co.,transport_cost,IQR,64.0,274.28,1.7295402094798502,High
transport_cost|IQR|National Freight Partners|2016-05-13 00:00:00|79581,2016-05-13,National Freight Partners,transport_cost,IQR,64.0,274.24,1.7288301082904314,High
transport_cost|IQR|Regional Express Co.|2015-10-07 00:00:00|18078,2015-10-07,Regional Express Co.,transport_cost,IQR,64.0,274.24,1.7288301082904314,High
transport_cost|IQR|Regional Express Co.|2016-11-14 00:00:00|146569,2016-11-14,Regional Express Co.,transport_cost,IQR,64.0,274.22,1.728475057695722,High
transport_cost|IQR|Regional Express Co.|2018-01-25 00:00:00|165793,2018-01-25,Regional Express Co.,transport_cost,IQR,64.0,274.19,1.7279424818036566,High
transport_cost|IQR|National Freight Partners|2017-12-23 00:00:00|44359,2017-12-23,National Freight Partners,transport_cost,IQR,64.0,274.12,1.7266998047221727,High
transport_cost|IQR|Regional Express Co.|2015-09-24 00:00:00|69266,2015-09-24,Regional Express Co.,transport_cost,IQR,64.0,274.12,1.7266998047221727,High
transport_cost|IQR|National Freight Partners|2017-11-27 00:00:00|44456,2017-11-27,National Freight Partners,transport_cost,IQR,64.0,274.11,1.726522279424818,High
transport_cost|IQR|National Freight Partners|2015-05-10 00:00:00|2965,2015-05-10,National Freight Partners,transport_cost,IQR,64.0,274.1,1.7263447541274632,High
transport_cost|IQR|National Freight Partners|2016-01-05 00:00:00|71605,2016-01-05,National Freight Partners,transport_cost,IQR,64.0,274.09,1.7261672288301075,High
transport_cost|IQR|National Freight Partners|2015-07-07 00:00:00|71478,2015-07-07,National Freight Partners,transport_cost,IQR,64.0,274.06,1.7256346529380435,High
transport_cost|IQR|Regional Express Co.|2015-02-14 00:00:00|36414,2015-02-14,Regional Express Co.,transport_cost,IQR,64.0,274.06,1.7256346529380435,High
transport_cost|IQR|Regional Express Co.|2016-06-17 00:00:00|16113,2016-06-17,Regional Express Co.,transport_cost,IQR,64.0,274.05,1.7254571276406887,High
transport_cost|IQR|National Freight Partners|2015-06-06 00:00:00|176699,2015-06-06,National Freight Partners,transport_cost,IQR,64.0,274.04,1.725279602343334,High
transport_cost|IQR|Regional Express Co.|2015-12-04 00:00:00|17989,2015-12-04,Regional Express Co.,transport_cost,IQR,64.0,274.03,1.7251020770459784,High
transport_cost|IQR|National Freight Partners|2015-04-28 00:00:00|62113,2015-04-28,National Freight Partners,transport_cost,IQR,64.0,273.93,1.7233268240724302,High
transport_cost|IQR|Regional Express Co.|2015-07-24 00:00:00|157383,2015-07-24,Regional Express Co.,transport_cost,IQR,64.0,273.88,1.7224391975856557,High
transport_cost|IQR|Regional Express Co.|2016-11-01 00:00:00|17987,2016-11-01,Regional Express Co.,transport_cost,IQR,64.0,273.87,1.7222616722883008,High
transport_cost|IQR|National Freight Partners|2015-08-20 00:00:00|103837,2015-08-20,National Freight Partners,transport_cost,IQR,64.0,273.87,1.7222616722883008,High
transport_cost|IQR|Regional Express Co.|2017-06-22 00:00:00|47856,2017-06-22,Regional Express Co.,transport_cost,IQR,64.0,273.87,1.7222616722883008,High
transport_cost|IQR|Regional Express Co.|2016-04-04 00:00:00|206,2016-04-04,Regional Express Co.,transport_cost,IQR,64.0,273.83,1.7215515710988811,High
transport_cost|IQR|Regional Express Co.|2016-06-29 00:00:00|51019,2016-06-29,Regional Express Co.,transport_cost,IQR,64.0,273.81,1.7211965205041717,High
transport_cost|IQR|Regional Express Co.|2016-03-24 00:00:00|125031,2016-03-24,Regional Express Co.,transport_cost,IQR,64.0,273.7,1.7192437422332678,High
transport_cost|IQR|Regional Express Co.|2017-06-01 00:00:00|59503,2017-06-01,Regional Express Co.,transport_cost,IQR,64.0,273.69,1.719066216935913,High
transport_cost|IQR|National Freight Partners|2016-03-18 00:00:00|97379,2016-03-18,National Freight Partners,transport_cost,IQR,64.0,273.68,1.7188886916385584,High
transport_cost|IQR|Regional Express Co.|2017-05-18 00:00:00|105774,2017-05-18,Regional Express Co.,transport_cost,IQR,64.0,273.67,1.7187111663412036,High
transport_cost|IQR|National Freight Partners|2017-02-20 00:00:00|139096,2017-02-20,National Freight Partners,transport_cost,IQR,64.0,273.64,1.7181785904491385,High
transport_cost|IQR|National Freight Partners|2016-11-20 00:00:00|73705,2016-11-20,National Freight Partners,transport_cost,IQR,64.0,273.58,1.7171134386650093,High
transport_cost|IQR|Regional Express Co.|2017-05-17 00:00:00|105793,2017-05-17,Regional Express Co.,transport_cost,IQR,64.0,273.57,1.7169359133676545,High
transport_cost|IQR|National Freight Partners|2016-09-03 00:00:00|140325,2016-09-03,National Freight Partners,transport_cost,IQR,64.0,273.56,1.7167583880702997,High
transport_cost|IQR|Regional Express Co.|2016-04-08 00:00:00|153186,2016-04-08,Regional Express Co.,transport_cost,IQR,64.0,273.51,1.7158707615835251,High
transport_cost|IQR|Regional Express Co.|2017-01-28 00:00:00|124937,2017-01-28,Regional Express Co.,transport_cost,IQR,64.0,273.36,1.7132078821232026,High
transport_cost|IQR|National Freight Partners|2015-08-04 00:00:00|27412,2015-08-04,National Freight Partners,transport_cost,IQR,64.0,273.36,1.7132078821232026,High
transport_cost|IQR|National Freight Partners|2016-10-06 00:00:00|39276,2016-10-06,National Freight Partners,transport_cost,IQR,64.0,273.35,1.7130303568258478,High
transport_cost|IQR|National Freight Partners|2015-07-29 00:00:00|125100,2015-07-29,National Freight Partners,transport_cost,IQR,64.0,273.35,1.7130303568258478,High
transport_cost|IQR|National Freight Partners|2015-10-13 00:00:00|44106,2015-10-13,National Freight Partners,transport_cost,IQR,64.0,273.32,1.7124977809337827,High
transport_cost|IQR|Regional Express Co.|2015-06-13 00:00:00|122183,2015-06-13,Regional Express Co.,transport_cost,IQR,64.0,273.27,1.7116101544470081,High
transport_cost|IQR|Regional Express Co.|2016-09-11 00:00:00|36261,2016-09-11,Regional Express Co.,transport_cost,IQR,64.0,273.22,1.7107225279602345,High
transport_cost|IQR|Regional Express Co.|2016-05-18 00:00:00|140353,2016-05-18,Regional Express Co.,transport_cost,IQR,64.0,273.17,1.70983490147346,High
transport_cost|IQR|National Freight Partners|2017-12-12 00:00:00|176796,2017-12-12,National Freight Partners,transport_cost,IQR,64.0,273.16,1.7096573761761054,High
transport_cost|IQR|Regional Express Co.|2015-07-21 00:00:00|157326,2015-07-21,Regional Express Co.,transport_cost,IQR,64.0,273.12,1.7089472749866854,High
transport_cost|IQR|National Freight Partners|2016-09-30 00:00:00|44049,2016-09-30,National Freight Partners,transport_cost,IQR,64.0,273.11,1.7087697496893306,High
transport_cost|IQR|Regional Express Co.|2018-01-22 00:00:00|176832,2018-01-22,Regional Express Co.,transport_cost,IQR,64.0,273.05,1.7077045979052015,High
transport_cost|IQR|Regional Express Co.|2015-05-15 00:00:00|44803,2015-05-15,Regional Express Co.,transport_cost,IQR,64.0,273.02,1.7071720220131363,High
transport_cost|IQR|National Freight Partners|2017-01-14 00:00:00|141831,2017-01-14,National Freight Partners,transport_cost,IQR,64.0,273.01,1.7069944967157815,High
transport_cost|IQR|National Freight Partners|2015-12-08 00:00:00|18090,2015-12-08,National Freight Partners,transport_cost,IQR,64.0,272.98,1.7064619208237175,High
transport_cost|IQR|Regional Express Co.|2017-05-03 00:00:00|176717,2017-05-03,Regional Express Co.,transport_cost,IQR,64.0,272.95,1.7059293449316524,High
transport_cost|IQR|Regional Express Co.|2016-06-07 00:00:00|18095,2016-06-07,Regional Express Co.,transport_cost,IQR,64.0,272.92,1.7053967690395881,High
transport_cost|IQR|National Freight Partners|2016-11-26 00:00:00|141755,2016-11-26,National Freight Partners,transport_cost,IQR,64.0,272.9,1.7050417184448776,High
transport_cost|IQR|National Freight Partners|2016-09-03 00:00:00|140324,2016-09-03,National Freight Partners,transport_cost,IQR,64.0,272.87,1.7045091425528136,High
transport_cost|IQR|Regional Express Co.|2015-03-26 00:00:00|11305,2015-03-26,Regional Express Co.,transport_cost,IQR,64.0,272.82,1.703621516066039,High
transport_cost|IQR|National Freight Partners|2017-03-27 00:00:00|11314,2017-03-27,National Freight Partners,transport_cost,IQR,64.0,272.73,1.7020237883898457,High
transport_cost|IQR|National Freight Partners|2016-10-03 00:00:00|117196,2016-10-03,National Freight Partners,transport_cost,IQR,64.0,272.72,1.7018462630924909,High
transport_cost|IQR|National Freight Partners|2017-01-27 00:00:00|36293,2017-01-27,National Freight Partners,transport_cost,IQR,64.0,272.72,1.7018462630924909,High
transport_cost|IQR|Regional Express Co.|2015-04-13 00:00:00|117773,2015-04-13,Regional Express Co.,transport_cost,IQR,64.0,272.58,1.6993609089295219,High
transport_cost|IQR|National Freight Partners|2017-07-14 00:00:00|176955,2017-07-14,National Freight Partners,transport_cost,IQR,64.0,272.53,1.6984732824427473,High
transport_cost|IQR|National Freight Partners|2016-01-22 00:00:00|69218,2016-01-22,National Freight Partners,transport_cost,IQR,64.0,272.52,1.6982957571453927,High
transport_cost|IQR|National Freight Partners|2015-11-16 00:00:00|177042,2015-11-16,National Freight Partners,transport_cost,IQR,64.0,272.51,1.698118231848038,High
transport_cost|IQR|National Freight Partners|2016-07-03 00:00:00|141762,2016-07-03,National Freight Partners,transport_cost,IQR,64.0,272.5,1.6979407065506833,High
transport_cost|IQR|Regional Express Co.|2017-01-25 00:00:00|32032,2017-01-25,Regional Express Co.,transport_cost,IQR,64.0,272.49,1.6977631812533285,High
transport_cost|IQR|Regional Express Co.|2017-05-12 00:00:00|55036,2017-05-12,Regional Express Co.,transport_cost,IQR,64.0,272.38,1.6958104029824246,High
transport_cost|IQR|Regional Express Co.|2015-12-05 00:00:00|17993,2015-12-05,Regional Express Co.,transport_cost,IQR,64.0,272.27,1.693857624711521,High
transport_cost|IQR|Regional Express Co.|2016-07-21 00:00:00|96,2016-07-21,Regional Express Co.,transport_cost,IQR,64.0,272.25,1.6935025741168113,High
transport_cost|IQR|Regional Express Co.|2016-03-08 00:00:00|11377,2016-03-08,Regional Express Co.,transport_cost,IQR,64.0,272.24,1.6933250488194567,High
transport_cost|IQR|Regional Express Co.|2015-10-21 00:00:00|169161,2015-10-21,Regional Express Co.,transport_cost,IQR,64.0,272.24,1.6933250488194567,High
transport_cost|IQR|Regional Express Co.|2017-02-28 00:00:00|117303,2017-02-28,Regional Express Co.,transport_cost,IQR,64.0,272.22,1.6929699982247473,High
transport_cost|IQR|National Freight Partners|2016-05-04 00:00:00|79745,2016-05-04,National Freight Partners,transport_cost,IQR,64.0,272.19,1.6924374223326821,High
transport_cost|IQR|National Freight Partners|2017-03-30 00:00:00|157345,2017-03-30,National Freight Partners,transport_cost,IQR,64.0,272.16,1.691904846440618,High
transport_cost|IQR|Regional Express Co.|2015-08-21 00:00:00|32212,2015-08-21,Regional Express Co.,transport_cost,IQR,64.0,272.15,1.6917273211432622,High
transport_cost|IQR|National Freight Partners|2015-01-27 00:00:00|20042,2015-01-27,National Freight Partners,transport_cost,IQR,64.0,272.03,1.6895970175750037,High
transport_cost|IQR|Regional Express Co.|2015-02-09 00:00:00|114187,2015-02-09,Regional Express Co.,transport_cost,IQR,64.0,272.03,1.6895970175750037,High
transport_cost|IQR|National Freight Partners|2018-01-08 00:00:00|69170,2018-01-08,National Freight Partners,transport_cost,IQR,64.0,272.03,1.6895970175750037,High
transport_cost|IQR|National Freight Partners|2017-03-04 00:00:00|97372,2017-03-04,National Freight Partners,transport_cost,IQR,64.0,271.98,1.68870939108823,High
transport_cost|IQR|National Freight Partners|2016-07-08 00:00:00|44497,2016-07-08,National Freight Partners,transport_cost,IQR,64.0,271.97,1.6885318657908754,High
transport_cost|IQR|National Freight Partners|2016-04-18 00:00:00|125042,2016-04-18,National Freight Partners,transport_cost,IQR,64.0,271.97,1.6885318657908754,High
transport_cost|IQR|National Freight Partners|2016-10-30 00:00:00|112600,2016-10-30,National Freight Partners,transport_cost,IQR,64.0,271.96,1.6883543404935197,High
transport_cost|IQR|Regional Express Co.|2015-08-16 00:00:00|29297,2015-08-16,Regional Express Co.,transport_cost,IQR,64.0,271.93,1.6878217646014555,High
transport_cost|IQR|National Freight Partners|2018-01-07 00:00:00|29137,2018-01-07,National Freight Partners,transport_cost,IQR,64.0,271.88,1.686934138114681,High
transport_cost|IQR|Regional Express Co.|2015-06-04 00:00:00|177828,2015-06-04,Regional Express Co.,transport_cost,IQR,64.0,271.82,1.6858689863305516,High
transport_cost|IQR|National Freight Partners|2017-02-27 00:00:00|69274,2017-02-27,National Freight Partners,transport_cost,IQR,64.0,271.81,1.685691461033197,High
transport_cost|IQR|National Freight Partners|2016-06-23 00:00:00|202,2016-06-23,National Freight Partners,transport_cost,IQR,64.0,271.75,1.6846263092490676,High
transport_cost|IQR|National Freight Partners|2015-11-24 00:00:00|133493,2015-11-24,National Freight Partners,transport_cost,IQR,64.0,271.7,1.683738682762293,High
transport_cost|IQR|Regional Express Co.|2015-05-13 00:00:00|20000,2015-05-13,Regional Express Co.,transport_cost,IQR,64.0,271.68,1.6833836321675837,High
transport_cost|IQR|Regional Express Co.|2015-04-07 00:00:00|122293,2015-04-07,Regional Express Co.,transport_cost,IQR,64.0,271.66,1.6830285815728743,High
transport_cost|IQR|Regional Express Co.|2015-07-26 00:00:00|144435,2015-07-26,Regional Express Co.,transport_cost,IQR,64.0,271.56,1.6812533285993252,High
transport_cost|IQR|Regional Express Co.|2016-06-27 00:00:00|151830,2016-06-27,Regional Express Co.,transport_cost,IQR,64.0,271.53,1.68072075270726,High
transport_cost|IQR|Regional Express Co.|2017-09-16 00:00:00|77445,2017-09-16,Regional Express Co.,transport_cost,IQR,64.0,271.53,1.68072075270726,High
transport_cost|IQR|National Freight Partners|2015-10-27 00:00:00|29168,2015-10-27,National Freight Partners,transport_cost,IQR,64.0,271.52,1.6805432274099052,High
transport_cost|IQR|National Freight Partners|2016-09-24 00:00:00|97212,2016-09-24,National Freight Partners,transport_cost,IQR,64.0,271.51,1.6803657021125507,High
transport_cost|IQR|Regional Express Co.|2015-07-26 00:00:00|104217,2015-07-26,Regional Express Co.,transport_cost,IQR,64.0,271.5,1.6801881768151958,High
daily_sales|IQR|Network|2018-07-08 00:00:00|1284,2018-07-08,Network,daily_sales,IQR,122569.795,14266.710000000001,1.679145788490894,High
transport_cost|IQR|Regional Express Co.|2016-03-02 00:00:00|18046,2016-03-02,Regional Express Co.,transport_cost,IQR,64.0,271.4,1.6784129238416468,High
transport_cost|IQR|National Freight Partners|2017-02-25 00:00:00|56248,2017-02-25,National Freight Partners,transport_cost,IQR,64.0,271.32,1.676992721462808,High
transport_cost|IQR|National Freight Partners|2016-05-30 00:00:00|176864,2016-05-30,National Freight Partners,transport_cost,IQR,64.0,271.29,1.676460145570744,High
transport_cost|IQR|National Freight Partners|2016-07-23 00:00:00|99849,2016-07-23,National Freight Partners,transport_cost,IQR,64.0,271.26,1.6759275696786788,High
transport_cost|IQR|National Freight Partners|2017-02-12 00:00:00|117340,2017-02-12,National Freight Partners,transport_cost,IQR,64.0,271.2,1.6748624178945495,High
transport_cost|IQR|Regional Express Co.|2017-02-08 00:00:00|157230,2017-02-08,Regional Express Co.,transport_cost,IQR,64.0,271.17,1.6743298420024855,High
transport_cost|IQR|National Freight Partners|2015-07-23 00:00:00|47863,2015-07-23,National Freight Partners,transport_cost,IQR,64.0,271.11,1.673264690218356,High
transport_cost|IQR|Regional Express Co.|2017-09-13 00:00:00|77494,2017-09-13,Regional Express Co.,transport_cost,IQR,64.0,271.11,1.673264690218356,High
transport_cost|IQR|National Freight Partners|2016-08-05 00:00:00|18073,2016-08-05,National Freight Partners,transport_cost,IQR,64.0,271.1,1.6730871649210013,High
transport_cost|IQR|Regional Express Co.|2016-09-04 00:00:00|48145,2016-09-04,Regional Express Co.,transport_cost,IQR,64.0,271.09,1.6729096396236456,High
transport_cost|IQR|Regional Express Co.|2016-09-03 00:00:00|147786,2016-09-03,Regional Express Co.,transport_cost,IQR,64.0,271.07,1.6725545890289362,High
transport_cost|IQR|National Freight Partners|2017-03-27 00:00:00|157445,2017-03-27,National Freight Partners,transport_cost,IQR,64.0,271.02,1.6716669625421616,High
transport_cost|IQR|National Freight Partners|2016-06-21 00:00:00|48266,2016-06-21,National Freight Partners,transport_cost,IQR,64.0,270.99,1.6711343866500976,High
transport_cost|IQR|Regional Express Co.|2016-09-03 00:00:00|147778,2016-09-03,Regional Express Co.,transport_cost,IQR,64.0,270.99,1.6711343866500976,High
transport_cost|IQR|National Freight Partners|2016-08-08 00:00:00|44477,2016-08-08,National Freight Partners,transport_cost,IQR,64.0,270.99,1.6711343866500976,High
transport_cost|IQR|Regional Express Co.|2017-06-22 00:00:00|168982,2017-06-22,Regional Express Co.,transport_cost,IQR,64.0,270.95,1.6704242854606777,High
transport_cost|IQR|National Freight Partners|2016-11-26 00:00:00|157364,2016-11-26,National Freight Partners,transport_cost,IQR,64.0,270.93,1.6700692348659683,High
transport_cost|IQR|Regional Express Co.|2015-09-18 00:00:00|157485,2015-09-18,Regional Express Co.,transport_cost,IQR,64.0,270.9,1.6695366589739031,High
transport_cost|IQR|Regional Express Co.|2016-03-27 00:00:00|36437,2016-03-27,Regional Express Co.,transport_cost,IQR,64.0,270.86,1.6688265577844843,High
transport_cost|IQR|Regional Express Co.|2016-06-17 00:00:00|97345,2016-06-17,Regional Express Co.,transport_cost,IQR,64.0,270.82,1.6681164565950644,High
transport_cost|IQR|National Freight Partners|2016-01-26 00:00:00|29228,2016-01-26,National Freight Partners,transport_cost,IQR,64.0,270.8,1.667761406000355,High
transport_cost|IQR|National Freight Partners|2015-05-29 00:00:00|177948,2015-05-29,National Freight Partners,transport_cost,IQR,64.0,270.73,1.666518728918871,High
transport_cost|IQR|National Freight Partners|2015-10-07 00:00:00|19978,2015-10-07,National Freight Partners,transport_cost,IQR,64.0,270.72,1.6663412036215164,High
transport_cost|IQR|Regional Express Co.|2016-08-29 00:00:00|74987,2016-08-29,Regional Express Co.,transport_cost,IQR,64.0,270.7,1.6659861530268059,High
daily_sales|IQR|Network|2018-05-26 00:00:00|1241,2018-05-26,Network,daily_sales,IQR,122569.795,14651.13,1.6657784241657125,High
transport_cost|IQR|Regional Express Co.|2016-09-03 00:00:00|147781,2016-09-03,Regional Express Co.,transport_cost,IQR,64.0,270.57,1.6636783241611925,High
transport_cost|IQR|Regional Express Co.|2016-05-13 00:00:00|44636,2016-05-13,Regional Express Co.,transport_cost,IQR,64.0,270.57,1.6636783241611925,High
transport_cost|IQR|National Freight Partners|2015-01-18 00:00:00|44256,2015-01-18,National Freight Partners,transport_cost,IQR,64.0,270.54,1.6631457482691285,High
transport_cost|IQR|Regional Express Co.|2016-03-03 00:00:00|4052,2016-03-03,Regional Express Co.,transport_cost,IQR,64.0,270.53,1.6629682229717728,High
transport_cost|IQR|Regional Express Co.|2017-04-23 00:00:00|55350,2017-04-23,Regional Express Co.,transport_cost,IQR,64.0,270.48,1.6620805964849992,High
transport_cost|IQR|Regional Express Co.|2016-12-20 00:00:00|36387,2016-12-20,Regional Express Co.,transport_cost,IQR,64.0,270.39,1.6604828688088047,High
transport_cost|IQR|National Freight Partners|2015-01-05 00:00:00|48179,2015-01-05,National Freight Partners,transport_cost,IQR,64.0,270.31,1.6590626664299661,High
transport_cost|IQR|Regional Express Co.|2016-12-20 00:00:00|44045,2016-12-20,Regional Express Co.,transport_cost,IQR,64.0,270.28,1.6585300905379008,High
transport_cost|IQR|Regional Express Co.|2015-11-16 00:00:00|176804,2015-11-16,Regional Express Co.,transport_cost,IQR,64.0,270.28,1.6585300905379008,High
transport_cost|IQR|National Freight Partners|2016-08-21 00:00:00|125002,2016-08-21,National Freight Partners,transport_cost,IQR,64.0,270.25,1.6579975146458368,High
transport_cost|IQR|National Freight Partners|2015-10-31 00:00:00|16209,2015-10-31,National Freight Partners,transport_cost,IQR,64.0,270.25,1.6579975146458368,High
transport_cost|IQR|Regional Express Co.|2015-06-14 00:00:00|169073,2015-06-14,Regional Express Co.,transport_cost,IQR,64.0,270.18,1.6567548375643528,High
transport_cost|IQR|Regional Express Co.|2016-11-09 00:00:00|112420,2016-11-09,Regional Express Co.,transport_cost,IQR,64.0,270.18,1.6567548375643528,High
transport_cost|IQR|National Freight Partners|2016-11-20 00:00:00|146464,2016-11-20,National Freight Partners,transport_cost,IQR,64.0,270.16,1.6563997869696434,High
transport_cost|IQR|Regional Express Co.|2016-04-04 00:00:00|117722,2016-04-04,Regional Express Co.,transport_cost,IQR,64.0,270.16,1.6563997869696434,High
transport_cost|IQR|National Freight Partners|2015-11-02 00:00:00|69275,2015-11-02,National Freight Partners,transport_cost,IQR,64.0,270.13,1.6558672110775783,High
transport_cost|IQR|National Freight Partners|2017-02-25 00:00:00|107378,2017-02-25,National Freight Partners,transport_cost,IQR,64.0,270.02,1.6539144328066744,High
transport_cost|IQR|Regional Express Co.|2015-12-23 00:00:00|36427,2015-12-23,Regional Express Co.,transport_cost,IQR,64.0,269.93,1.652316705130481,High
transport_cost|IQR|Regional Express Co.|2016-03-31 00:00:00|131011,2016-03-31,Regional Express Co.,transport_cost,IQR,64.0,269.91,1.6519616545357716,High
transport_cost|IQR|Regional Express Co.|2015-01-04 00:00:00|20036,2015-01-04,Regional Express Co.,transport_cost,IQR,64.0,269.85,1.6508965027516422,High
transport_cost|IQR|Regional Express Co.|2015-11-17 00:00:00|177098,2015-11-17,Regional Express Co.,transport_cost,IQR,64.0,269.85,1.6508965027516422,High
transport_cost|IQR|Regional Express Co.|2016-11-28 00:00:00|44466,2016-11-28,Regional Express Co.,transport_cost,IQR,64.0,269.81,1.6501864015622223,High
transport_cost|IQR|National Freight Partners|2016-01-03 00:00:00|117800,2016-01-03,National Freight Partners,transport_cost,IQR,64.0,269.81,1.6501864015622223,High
transport_cost|IQR|National Freight Partners|2016-08-16 00:00:00|151004,2016-08-16,National Freight Partners,transport_cost,IQR,64.0,269.8,1.6500088762648677,High
transport_cost|IQR|National Freight Partners|2015-06-14 00:00:00|47900,2015-06-14,National Freight Partners,transport_cost,IQR,64.0,269.77,1.6494763003728026,High
transport_cost|IQR|Regional Express Co.|2015-01-16 00:00:00|169081,2015-01-16,Regional Express Co.,transport_cost,IQR,64.0,269.76,1.6492987750754478,High
transport_cost|IQR|Regional Express Co.|2016-07-30 00:00:00|36314,2016-07-30,Regional Express Co.,transport_cost,IQR,64.0,269.75,1.6491212497780932,High
transport_cost|IQR|Regional Express Co.|2016-09-04 00:00:00|36256,2016-09-04,Regional Express Co.,transport_cost,IQR,64.0,269.68,1.6478785726966092,High
transport_cost|IQR|Regional Express Co.|2015-10-07 00:00:00|36327,2015-10-07,Regional Express Co.,transport_cost,IQR,64.0,269.67,1.6477010473992544,High
transport_cost|IQR|National Freight Partners|2018-01-12 00:00:00|82,2018-01-12,National Freight Partners,transport_cost,IQR,64.0,269.66,1.6475235221018998,High
transport_cost|IQR|Regional Express Co.|2015-04-10 00:00:00|141792,2015-04-10,Regional Express Co.,transport_cost,IQR,64.0,269.66,1.6475235221018998,High
transport_cost|IQR|Regional Express Co.|2017-01-20 00:00:00|111030,2017-01-20,Regional Express Co.,transport_cost,IQR,64.0,269.64,1.6471684715071893,High
transport_cost|IQR|Regional Express Co.|2017-06-22 00:00:00|36329,2017-06-22,Regional Express Co.,transport_cost,IQR,64.0,269.6,1.6464583703177704,High
transport_cost|IQR|Regional Express Co.|2015-08-31 00:00:00|19963,2015-08-31,Regional Express Co.,transport_cost,IQR,64.0,269.57,1.6459257944257053,High
transport_cost|IQR|National Freight Partners|2015-06-21 00:00:00|5771,2015-06-21,National Freight Partners,transport_cost,IQR,64.0,269.57,1.6459257944257053,High
daily_sales|IQR|Network|2018-06-30 00:00:00|1276,2018-06-30,Network,daily_sales,IQR,122569.795,15226.07,1.6457861437299397,High
transport_cost|IQR|National Freight Partners|2016-10-27 00:00:00|112685,2016-10-27,National Freight Partners,transport_cost,IQR,64.0,269.53,1.6452156932362854,High
transport_cost|IQR|Regional Express Co.|2017-08-11 00:00:00|62946,2017-08-11,Regional Express Co.,transport_cost,IQR,64.0,269.52,1.6450381679389308,High
transport_cost|IQR|National Freight Partners|2015-11-02 00:00:00|177043,2015-11-02,National Freight Partners,transport_cost,IQR,64.0,269.52,1.6450381679389308,High
transport_cost|IQR|Regional Express Co.|2015-01-16 00:00:00|76875,2015-01-16,Regional Express Co.,transport_cost,IQR,64.0,269.5,1.6446831173442213,High
transport_cost|IQR|Regional Express Co.|2016-06-08 00:00:00|79163,2016-06-08,Regional Express Co.,transport_cost,IQR,64.0,269.46,1.6439730161548014,High
transport_cost|IQR|National Freight Partners|2015-06-02 00:00:00|157381,2015-06-02,National Freight Partners,transport_cost,IQR,64.0,269.37,1.642375288478608,High
transport_cost|IQR|National Freight Partners|2016-01-07 00:00:00|44437,2016-01-07,National Freight Partners,transport_cost,IQR,64.0,269.36,1.6421977631812532,High
transport_cost|IQR|Regional Express Co.|2015-08-21 00:00:00|122292,2015-08-21,Regional Express Co.,transport_cost,IQR,64.0,269.33,1.641665187289188,High
transport_cost|IQR|Regional Express Co.|2017-09-16 00:00:00|59457,2017-09-16,Regional Express Co.,transport_cost,IQR,64.0,269.33,1.641665187289188,High
transport_cost|IQR|National Freight Partners|2017-01-17 00:00:00|145469,2017-01-17,National Freight Partners,transport_cost,IQR,64.0,269.32,1.6414876619918335,High
transport_cost|IQR|Regional Express Co.|2016-12-29 00:00:00|111445,2016-12-29,Regional Express Co.,transport_cost,IQR,64.0,269.31,1.6413101366944787,High
transport_cost|IQR|National Freight Partners|2017-07-12 00:00:00|117746,2017-07-12,National Freight Partners,transport_cost,IQR,64.0,269.3,1.641132611397124,High
transport_cost|IQR|Regional Express Co.|2016-05-06 00:00:00|152745,2016-05-06,Regional Express Co.,transport_cost,IQR,64.0,269.3,1.641132611397124,High
transport_cost|IQR|National Freight Partners|2015-04-05 00:00:00|29121,2015-04-05,National Freight Partners,transport_cost,IQR,64.0,269.29,1.6409550860997693,High
transport_cost|IQR|Regional Express Co.|2015-07-26 00:00:00|97390,2015-07-26,Regional Express Co.,transport_cost,IQR,64.0,269.29,1.6409550860997693,High
transport_cost|IQR|National Freight Partners|2015-11-21 00:00:00|39241,2015-11-21,National Freight Partners,transport_cost,IQR,64.0,269.26,1.6404225102077041,High
transport_cost|IQR|National Freight Partners|2015-09-03 00:00:00|71783,2015-09-03,National Freight Partners,transport_cost,IQR,64.0,269.26,1.6404225102077041,High
transport_cost|IQR|Regional Express Co.|2017-06-22 00:00:00|54406,2017-06-22,Regional Express Co.,transport_cost,IQR,64.0,269.19,1.6391798331262202,High
transport_cost|IQR|Regional Express Co.|2016-03-22 00:00:00|117420,2016-03-22,Regional Express Co.,transport_cost,IQR,64.0,269.19,1.6391798331262202,High
transport_cost|IQR|Regional Express Co.|2016-02-03 00:00:00|176980,2016-02-03,Regional Express Co.,transport_cost,IQR,64.0,269.09,1.637404580152671,High
transport_cost|IQR|Regional Express Co.|2016-06-06 00:00:00|48087,2016-06-06,Regional Express Co.,transport_cost,IQR,64.0,269.08,1.6372270548553163,High
transport_cost|IQR|National Freight Partners|2016-09-26 00:00:00|117719,2016-09-26,National Freight Partners,transport_cost,IQR,64.0,269.05,1.6366944789632523,High
transport_cost|IQR|National Freight Partners|2016-06-08 00:00:00|176866,2016-06-08,National Freight Partners,transport_cost,IQR,64.0,269.05,1.6366944789632523,High
transport_cost|IQR|Regional Express Co.|2017-02-16 00:00:00|39196,2017-02-16,Regional Express Co.,transport_cost,IQR,64.0,269.04,1.6365169536658974,High
transport_cost|IQR|National Freight Partners|2017-07-21 00:00:00|53933,2017-07-21,National Freight Partners,transport_cost,IQR,64.0,269.03,1.6363394283685417,High
transport_cost|IQR|Regional Express Co.|2015-04-06 00:00:00|29101,2015-04-06,Regional Express Co.,transport_cost,IQR,64.0,269.01,1.6359843777738323,High
transport_cost|IQR|National Freight Partners|2017-03-18 00:00:00|55925,2017-03-18,National Freight Partners,transport_cost,IQR,64.0,268.97,1.6352742765844135,High
transport_cost|IQR|National Freight Partners|2015-11-16 00:00:00|117781,2015-11-16,National Freight Partners,transport_cost,IQR,64.0,268.95,1.634919225989703,High
transport_cost|IQR|Regional Express Co.|2018-01-03 00:00:00|169034,2018-01-03,Regional Express Co.,transport_cost,IQR,64.0,268.9,1.6340315995029284,High
transport_cost|IQR|Regional Express Co.|2017-05-16 00:00:00|44306,2017-05-16,Regional Express Co.,transport_cost,IQR,64.0,268.89,1.6338540742055738,High
transport_cost|IQR|Regional Express Co.|2015-03-11 00:00:00|113634,2015-03-11,Regional Express Co.,transport_cost,IQR,64.0,268.88,1.633676548908219,High
transport_cost|IQR|Regional Express Co.|2017-02-27 00:00:00|44262,2017-02-27,Regional Express Co.,transport_cost,IQR,64.0,268.83,1.6327889224214445,High
transport_cost|IQR|Regional Express Co.|2016-04-07 00:00:00|36378,2016-04-07,Regional Express Co.,transport_cost,IQR,64.0,268.83,1.6327889224214445,High
transport_cost|IQR|National Freight Partners|2017-01-04 00:00:00|157463,2017-01-04,National Freight Partners,transport_cost,IQR,64.0,268.79,1.6320788212320256,High
transport_cost|IQR|Regional Express Co.|2015-10-09 00:00:00|165803,2015-10-09,Regional Express Co.,transport_cost,IQR,64.0,268.77,1.6317237706373153,High
transport_cost|IQR|Regional Express Co.|2017-09-05 00:00:00|122291,2017-09-05,Regional Express Co.,transport_cost,IQR,64.0,268.77,1.6317237706373153,High
transport_cost|IQR|Regional Express Co.|2015-07-14 00:00:00|157182,2015-07-14,Regional Express Co.,transport_cost,IQR,64.0,268.73,1.6310136694478963,High
transport_cost|IQR|Regional Express Co.|2015-10-13 00:00:00|142992,2015-10-13,Regional Express Co.,transport_cost,IQR,64.0,268.73,1.6310136694478963,High
transport_cost|IQR|Regional Express Co.|2017-10-06 00:00:00|117294,2017-10-06,Regional Express Co.,transport_cost,IQR,64.0,268.65,1.6295934670690566,High
transport_cost|IQR|National Freight Partners|2015-01-03 00:00:00|114907,2015-01-03,National Freight Partners,transport_cost,IQR,64.0,268.64,1.629415941771702,High
daily_sales|IQR|Network|2018-05-25 00:00:00|1240,2018-05-25,Network,daily_sales,IQR,122569.795,15730.0,1.628263080662491,High
transport_cost|IQR|Regional Express Co.|2016-01-01 00:00:00|117561,2016-01-01,Regional Express Co.,transport_cost,IQR,64.0,268.52,1.6272856382034433,High
transport_cost|IQR|Regional Express Co.|2015-08-12 00:00:00|97224,2015-08-12,Regional Express Co.,transport_cost,IQR,64.0,268.45,1.6260429611219593,High
transport_cost|IQR|Regional Express Co.|2017-02-26 00:00:00|141718,2017-02-26,Regional Express Co.,transport_cost,IQR,64.0,268.42,1.6255103852298953,High
transport_cost|IQR|National Freight Partners|2016-12-09 00:00:00|29244,2016-12-09,National Freight Partners,transport_cost,IQR,64.0,268.42,1.6255103852298953,High
transport_cost|IQR|Regional Express Co.|2015-08-25 00:00:00|176646,2015-08-25,Regional Express Co.,transport_cost,IQR,64.0,268.41,1.6253328599325405,High
transport_cost|IQR|National Freight Partners|2015-07-07 00:00:00|47919,2015-07-07,National Freight Partners,transport_cost,IQR,64.0,268.39,1.6249778093378302,High
transport_cost|IQR|Regional Express Co.|2015-07-26 00:00:00|144429,2015-07-26,Regional Express Co.,transport_cost,IQR,64.0,268.36,1.624445233445766,High
transport_cost|IQR|National Freight Partners|2017-10-28 00:00:00|168968,2017-10-28,National Freight Partners,transport_cost,IQR,64.0,268.35,1.6242677081484114,High
transport_cost|IQR|Regional Express Co.|2016-03-23 00:00:00|125036,2016-03-23,Regional Express Co.,transport_cost,IQR,64.0,268.34,1.6240901828510557,High
transport_cost|IQR|Regional Express Co.|2017-04-12 00:00:00|20019,2017-04-12,Regional Express Co.,transport_cost,IQR,64.0,268.25,1.622492455174862,High
transport_cost|IQR|National Freight Partners|2016-10-17 00:00:00|74260,2016-10-17,National Freight Partners,transport_cost,IQR,64.0,268.24,1.6223149298775075,High
transport_cost|IQR|Regional Express Co.|2017-02-12 00:00:00|48121,2017-02-12,Regional Express Co.,transport_cost,IQR,64.0,268.19,1.621427303390733,High
transport_cost|IQR|Regional Express Co.|2017-06-22 00:00:00|52037,2017-06-22,Regional Express Co.,transport_cost,IQR,64.0,268.16,1.6208947274986687,High
transport_cost|IQR|National Freight Partners|2017-05-15 00:00:00|122220,2017-05-15,National Freight Partners,transport_cost,IQR,64.0,268.14,1.6205396769039584,High
transport_cost|IQR|Regional Express Co.|2016-07-26 00:00:00|16109,2016-07-26,Regional Express Co.,transport_cost,IQR,64.0,268.02,1.6184093733356997,High
transport_cost|IQR|National Freight Partners|2015-03-31 00:00:00|157448,2015-03-31,National Freight Partners,transport_cost,IQR,64.0,267.95,1.6171666962542157,High
transport_cost|IQR|National Freight Partners|2017-09-26 00:00:00|172711,2017-09-26,National Freight Partners,transport_cost,IQR,64.0,267.93,1.6168116456595063,High
transport_cost|IQR|Regional Express Co.|2016-05-07 00:00:00|117495,2016-05-07,Regional Express Co.,transport_cost,IQR,64.0,267.93,1.6168116456595063,High
transport_cost|IQR|National Freight Partners|2016-10-03 00:00:00|18012,2016-10-03,National Freight Partners,transport_cost,IQR,64.0,267.87,1.615746493875377,High
transport_cost|IQR|National Freight Partners|2016-06-21 00:00:00|48089,2016-06-21,National Freight Partners,transport_cost,IQR,64.0,267.85,1.6153914432806675,High
transport_cost|IQR|Regional Express Co.|2017-01-20 00:00:00|69270,2017-01-20,Regional Express Co.,transport_cost,IQR,64.0,267.82,1.6148588673886024,High
transport_cost|IQR|National Freight Partners|2016-12-16 00:00:00|169101,2016-12-16,National Freight Partners,transport_cost,IQR,64.0,267.78,1.6141487661991827,High
transport_cost|IQR|National Freight Partners|2015-05-29 00:00:00|71654,2015-05-29,National Freight Partners,transport_cost,IQR,64.0,267.77,1.6139712409018279,High
transport_cost|IQR|National Freight Partners|2015-06-11 00:00:00|47907,2015-06-11,National Freight Partners,transport_cost,IQR,64.0,267.77,1.6139712409018279,High
transport_cost|IQR|National Freight Partners|2015-07-01 00:00:00|59483,2015-07-01,National Freight Partners,transport_cost,IQR,64.0,267.75,1.6136161903071184,High
transport_cost|IQR|National Freight Partners|2016-05-10 00:00:00|79634,2016-05-10,National Freight Partners,transport_cost,IQR,64.0,267.7,1.612728563820344,High
transport_cost|IQR|Regional Express Co.|2017-02-25 00:00:00|150869,2017-02-25,Regional Express Co.,transport_cost,IQR,64.0,267.67,1.61219598792828,High
transport_cost|IQR|Regional Express Co.|2015-06-24 00:00:00|71702,2015-06-24,Regional Express Co.,transport_cost,IQR,64.0,267.63,1.61148588673886,High
transport_cost|IQR|National Freight Partners|2016-06-24 00:00:00|36248,2016-06-24,National Freight Partners,transport_cost,IQR,64.0,267.61,1.6111308361441505,High
transport_cost|IQR|Regional Express Co.|2017-09-24 00:00:00|177073,2017-09-24,Regional Express Co.,transport_cost,IQR,64.0,267.54,1.6098881590626666,High
transport_cost|IQR|National Freight Partners|2017-07-22 00:00:00|36332,2017-07-22,National Freight Partners,transport_cost,IQR,64.0,267.54,1.6098881590626666,High
transport_cost|IQR|Regional Express Co.|2015-02-23 00:00:00|48229,2015-02-23,Regional Express Co.,transport_cost,IQR,64.0,267.53,1.6097106337653109,High
transport_cost|IQR|Regional Express Co.|2016-04-23 00:00:00|101557,2016-04-23,Regional Express Co.,transport_cost,IQR,64.0,267.52,1.609533108467956,High
transport_cost|IQR|Regional Express Co.|2016-09-25 00:00:00|113338,2016-09-25,Regional Express Co.,transport_cost,IQR,64.0,267.5,1.6091780578732466,High
transport_cost|IQR|Regional Express Co.|2015-02-28 00:00:00|69163,2015-02-28,Regional Express Co.,transport_cost,IQR,64.0,267.48,1.6088230072785372,High
transport_cost|IQR|National Freight Partners|2015-11-04 00:00:00|39273,2015-11-04,National Freight Partners,transport_cost,IQR,64.0,267.47,1.6086454819811826,High
transport_cost|IQR|Regional Express Co.|2015-01-18 00:00:00|16200,2015-01-18,Regional Express Co.,transport_cost,IQR,64.0,267.46,1.608467956683827,High
transport_cost|IQR|Regional Express Co.|2015-11-30 00:00:00|33214,2015-11-30,Regional Express Co.,transport_cost,IQR,64.0,267.45,1.608290431386472,High
transport_cost|IQR|National Freight Partners|2017-12-08 00:00:00|169047,2017-12-08,National Freight Partners,transport_cost,IQR,64.0,267.41,1.6075803301970533,High
transport_cost|IQR|Regional Express Co.|2015-10-24 00:00:00|39173,2015-10-24,Regional Express Co.,transport_cost,IQR,64.0,267.41,1.6075803301970533,High
transport_cost|IQR|National Freight Partners|2015-07-23 00:00:00|16121,2015-07-23,National Freight Partners,transport_cost,IQR,64.0,267.29,1.6054500266287948,High
transport_cost|IQR|Regional Express Co.|2017-09-16 00:00:00|59459,2017-09-16,Regional Express Co.,transport_cost,IQR,64.0,267.29,1.6054500266287948,High
transport_cost|IQR|Regional Express Co.|2017-03-19 00:00:00|44821,2017-03-19,Regional Express Co.,transport_cost,IQR,64.0,267.24,1.6045624001420202,High
transport_cost|IQR|National Freight Partners|2017-10-25 00:00:00|71460,2017-10-25,National Freight Partners,transport_cost,IQR,64.0,267.23,1.6043848748446654,High
transport_cost|IQR|National Freight Partners|2016-10-03 00:00:00|172834,2016-10-03,National Freight Partners,transport_cost,IQR,64.0,267.19,1.6036747736552455,High
transport_cost|IQR|Regional Express Co.|2015-02-01 00:00:00|157399,2015-02-01,Regional Express Co.,transport_cost,IQR,64.0,267.15,1.6029646724658257,High
transport_cost|IQR|National Freight Partners|2015-07-23 00:00:00|16120,2015-07-23,National Freight Partners,transport_cost,IQR,64.0,267.14,1.602787147168471,High
transport_cost|IQR|Regional Express Co.|2017-09-26 00:00:00|141699,2017-09-26,Regional Express Co.,transport_cost,IQR,64.0,267.14,1.602787147168471,High
transport_cost|IQR|National Freight Partners|2017-09-01 00:00:00|77706,2017-09-01,National Freight Partners,transport_cost,IQR,64.0,267.13,1.6026096218711163,High
transport_cost|IQR|Regional Express Co.|2015-08-28 00:00:00|19920,2015-08-28,Regional Express Co.,transport_cost,IQR,64.0,267.12,1.6024320965737615,High
transport_cost|IQR|Regional Express Co.|2016-11-04 00:00:00|146740,2016-11-04,Regional Express Co.,transport_cost,IQR,64.0,267.09,1.6018995206816964,High
transport_cost|IQR|National Freight Partners|2015-03-01 00:00:00|71662,2015-03-01,National Freight Partners,transport_cost,IQR,64.0,266.96,1.599591691816083,High
transport_cost|IQR|National Freight Partners|2016-06-21 00:00:00|151949,2016-06-21,National Freight Partners,transport_cost,IQR,64.0,266.91,1.5987040653293096,High
transport_cost|IQR|National Freight Partners|2017-02-28 00:00:00|176906,2017-02-28,National Freight Partners,transport_cost,IQR,64.0,266.88,1.5981714894372445,High
transport_cost|IQR|National Freight Partners|2016-11-09 00:00:00|18022,2016-11-09,National Freight Partners,transport_cost,IQR,64.0,266.8,1.5967512870584057,High
transport_cost|IQR|Regional Express Co.|2016-08-01 00:00:00|20124,2016-08-01,Regional Express Co.,transport_cost,IQR,64.0,266.78,1.5963962364636952,High
transport_cost|IQR|National Freight Partners|2015-11-28 00:00:00|36235,2015-11-28,National Freight Partners,transport_cost,IQR,64.0,266.72,1.595331084679567,High
transport_cost|IQR|National Freight Partners|2017-07-30 00:00:00|53826,2017-07-30,National Freight Partners,transport_cost,IQR,64.0,266.69,1.5947985087875018,High
transport_cost|IQR|National Freight Partners|2015-08-31 00:00:00|71693,2015-08-31,National Freight Partners,transport_cost,IQR,64.0,266.67,1.5944434581927924,High
transport_cost|IQR|National Freight Partners|2015-02-01 00:00:00|172840,2015-02-01,National Freight Partners,transport_cost,IQR,64.0,266.66,1.5942659328954378,High
transport_cost|IQR|Regional Express Co.|2016-07-23 00:00:00|20115,2016-07-23,Regional Express Co.,transport_cost,IQR,64.0,266.65,1.5940884075980821,High
inventory_change|IQR|Abu Dhabi Distribution Center|2017-11-26 00:00:00|1059,2017-11-26,Abu Dhabi Distribution Center,inventory_change,IQR,-52.0,214.0,1.5940766550522647,High
transport_cost|IQR|National Freight Partners|2017-06-16 00:00:00|176769,2017-06-16,National Freight Partners,transport_cost,IQR,64.0,266.58,1.5928457305165982,High
transport_cost|IQR|National Freight Partners|2015-07-25 00:00:00|144462,2015-07-25,National Freight Partners,transport_cost,IQR,64.0,266.57,1.5926682052192433,High
transport_cost|IQR|Regional Express Co.|2017-02-23 00:00:00|107420,2017-02-23,Regional Express Co.,transport_cost,IQR,64.0,266.49,1.5912480028404046,High
transport_cost|IQR|National Freight Partners|2016-09-04 00:00:00|150907,2016-09-04,National Freight Partners,transport_cost,IQR,64.0,266.46,1.5907154269483395,High
daily_sales|IQR|Network|2018-08-23 00:00:00|1330,2018-08-23,Network,daily_sales,IQR,122569.795,16860.56,1.5889503305155759,High
transport_cost|IQR|Regional Express Co.|2016-06-11 00:00:00|117582,2016-06-11,Regional Express Co.,transport_cost,IQR,64.0,266.34,1.588585123380081,High
transport_cost|IQR|Regional Express Co.|2016-12-09 00:00:00|29231,2016-12-09,Regional Express Co.,transport_cost,IQR,64.0,266.31,1.5880525474880167,High
transport_cost|IQR|Regional Express Co.|2015-09-28 00:00:00|103247,2015-09-28,Regional Express Co.,transport_cost,IQR,64.0,266.28,1.5875199715959516,High
transport_cost|IQR|National Freight Partners|2016-10-28 00:00:00|44439,2016-10-28,National Freight Partners,transport_cost,IQR,64.0,266.23,1.5866323451091782,High
transport_cost|IQR|National Freight Partners|2017-08-27 00:00:00|77808,2017-08-27,National Freight Partners,transport_cost,IQR,64.0,266.22,1.5864548198118233,High
transport_cost|IQR|National Freight Partners|2017-09-26 00:00:00|115063,2017-09-26,National Freight Partners,transport_cost,IQR,64.0,266.22,1.5864548198118233,High
transport_cost|IQR|Regional Express Co.|2017-06-24 00:00:00|137014,2017-06-24,Regional Express Co.,transport_cost,IQR,64.0,266.22,1.5864548198118233,High
transport_cost|IQR|Regional Express Co.|2015-07-21 00:00:00|144548,2015-07-21,Regional Express Co.,transport_cost,IQR,64.0,266.22,1.5864548198118233,High
transport_cost|IQR|National Freight Partners|2017-08-23 00:00:00|117231,2017-08-23,National Freight Partners,transport_cost,IQR,64.0,266.21,1.5862772945144676,High
transport_cost|IQR|Regional Express Co.|2016-11-26 00:00:00|19900,2016-11-26,Regional Express Co.,transport_cost,IQR,64.0,266.08,1.5839694656488543,High
transport_cost|IQR|National Freight Partners|2015-04-10 00:00:00|157493,2015-04-10,National Freight Partners,transport_cost,IQR,64.0,266.06,1.583614415054145,High
transport_cost|IQR|National Freight Partners|2016-08-16 00:00:00|75203,2016-08-16,National Freight Partners,transport_cost,IQR,64.0,266.05,1.5834368897567903,High
transport_cost|IQR|National Freight Partners|2016-04-01 00:00:00|176928,2016-04-01,National Freight Partners,transport_cost,IQR,64.0,266.05,1.5834368897567903,High
transport_cost|IQR|National Freight Partners|2017-07-14 00:00:00|122289,2017-07-14,National Freight Partners,transport_cost,IQR,64.0,266.05,1.5834368897567903,High
transport_cost|IQR|Regional Express Co.|2017-06-05 00:00:00|20031,2017-06-05,Regional Express Co.,transport_cost,IQR,64.0,266.02,1.5829043138647252,High
transport_cost|IQR|Regional Express Co.|2015-06-11 00:00:00|18080,2015-06-11,Regional Express Co.,transport_cost,IQR,64.0,265.94,1.5814841114858864,High
transport_cost|IQR|Regional Express Co.|2017-09-01 00:00:00|44886,2017-09-01,Regional Express Co.,transport_cost,IQR,64.0,265.93,1.5813065861885318,High
transport_cost|IQR|Regional Express Co.|2017-12-16 00:00:00|140343,2017-12-16,Regional Express Co.,transport_cost,IQR,64.0,265.93,1.5813065861885318,High
transport_cost|IQR|Regional Express Co.|2015-07-11 00:00:00|71496,2015-07-11,Regional Express Co.,transport_cost,IQR,64.0,265.92,1.581129060891177,High
transport_cost|IQR|National Freight Partners|2017-04-16 00:00:00|55463,2017-04-16,National Freight Partners,transport_cost,IQR,64.0,265.87,1.5802414344044025,High
transport_cost|IQR|Regional Express Co.|2015-03-04 00:00:00|176749,2015-03-04,Regional Express Co.,transport_cost,IQR,64.0,265.84,1.5797088585123373,High
transport_cost|IQR|National Freight Partners|2015-09-23 00:00:00|62942,2015-09-23,National Freight Partners,transport_cost,IQR,64.0,265.82,1.579353807917628,High
transport_cost|IQR|National Freight Partners|2017-09-24 00:00:00|39217,2017-09-24,National Freight Partners,transport_cost,IQR,64.0,265.81,1.579176282620273,High
daily_sales|IQR|Network|2018-06-17 00:00:00|1263,2018-06-17,Network,daily_sales,IQR,122569.795,17143.14,1.579124229347557,High
transport_cost|IQR|National Freight Partners|2017-02-19 00:00:00|56326,2017-02-19,National Freight Partners,transport_cost,IQR,64.0,265.66,1.5765134031599504,High
transport_cost|IQR|National Freight Partners|2016-07-21 00:00:00|169061,2016-07-21,National Freight Partners,transport_cost,IQR,64.0,265.65,1.5763358778625947,High
transport_cost|IQR|National Freight Partners|2017-03-21 00:00:00|55870,2017-03-21,National Freight Partners,transport_cost,IQR,64.0,265.63,1.5759808272678852,High
transport_cost|IQR|National Freight Partners|2015-06-04 00:00:00|177829,2015-06-04,National Freight Partners,transport_cost,IQR,64.0,265.61,1.5756257766731758,High
transport_cost|IQR|National Freight Partners|2015-01-16 00:00:00|114662,2015-01-16,National Freight Partners,transport_cost,IQR,64.0,265.61,1.5756257766731758,High
transport_cost|IQR|National Freight Partners|2016-05-11 00:00:00|71734,2016-05-11,National Freight Partners,transport_cost,IQR,64.0,265.6,1.5754482513758212,High
transport_cost|IQR|National Freight Partners|2016-09-13 00:00:00|98908,2016-09-13,National Freight Partners,transport_cost,IQR,64.0,265.59,1.5752707260784655,High
transport_cost|IQR|Regional Express Co.|2016-10-21 00:00:00|74189,2016-10-21,Regional Express Co.,transport_cost,IQR,64.0,265.58,1.5750932007811107,High
transport_cost|IQR|Regional Express Co.|2015-04-22 00:00:00|62202,2015-04-22,Regional Express Co.,transport_cost,IQR,64.0,265.58,1.5750932007811107,High
transport_cost|IQR|Regional Express Co.|2016-09-28 00:00:00|117207,2016-09-28,Regional Express Co.,transport_cost,IQR,64.0,265.53,1.5742055742943362,High
transport_cost|IQR|National Freight Partners|2015-12-16 00:00:00|101997,2015-12-16,National Freight Partners,transport_cost,IQR,64.0,265.52,1.5740280489969816,High
transport_cost|IQR|National Freight Partners|2017-03-18 00:00:00|29226,2017-03-18,National Freight Partners,transport_cost,IQR,64.0,265.48,1.5733179478075627,High
daily_sales|IQR|Network|2018-05-23 00:00:00|1238,2018-05-23,Network,daily_sales,IQR,122569.795,17326.01,1.572765325247495,High
daily_sales|IQR|Network|2018-06-23 00:00:00|1269,2018-06-23,Network,daily_sales,IQR,122569.795,17326.87,1.5727354206293178,High
transport_cost|IQR|Regional Express Co.|2016-07-16 00:00:00|39247,2016-07-16,Regional Express Co.,transport_cost,IQR,64.0,265.44,1.5726078466181428,High
transport_cost|IQR|Regional Express Co.|2017-12-20 00:00:00|124994,2017-12-20,Regional Express Co.,transport_cost,IQR,64.0,265.4,1.5718977454287228,High
transport_cost|IQR|Regional Express Co.|2017-02-23 00:00:00|16162,2017-02-23,Regional Express Co.,transport_cost,IQR,64.0,265.38,1.5715426948340134,High
transport_cost|IQR|Regional Express Co.|2017-03-21 00:00:00|16049,2017-03-21,Regional Express Co.,transport_cost,IQR,64.0,265.34,1.5708325936445937,High
transport_cost|IQR|Regional Express Co.|2016-09-29 00:00:00|74514,2016-09-29,Regional Express Co.,transport_cost,IQR,64.0,265.32,1.5704775430498843,High
transport_cost|IQR|Regional Express Co.|2017-07-24 00:00:00|117261,2017-07-24,Regional Express Co.,transport_cost,IQR,64.0,265.32,1.5704775430498843,High
transport_cost|IQR|National Freight Partners|2017-08-14 00:00:00|51929,2017-08-14,National Freight Partners,transport_cost,IQR,64.0,265.3,1.5701224924551749,High
transport_cost|IQR|National Freight Partners|2016-03-08 00:00:00|44434,2016-03-08,National Freight Partners,transport_cost,IQR,64.0,265.29,1.56994496715782,High
transport_cost|IQR|Regional Express Co.|2017-04-26 00:00:00|157340,2017-04-26,Regional Express Co.,transport_cost,IQR,64.0,265.29,1.56994496715782,High
transport_cost|IQR|Regional Express Co.|2015-07-10 00:00:00|157152,2015-07-10,Regional Express Co.,transport_cost,IQR,64.0,265.29,1.56994496715782,High
transport_cost|IQR|Regional Express Co.|2017-05-14 00:00:00|11368,2017-05-14,Regional Express Co.,transport_cost,IQR,64.0,265.25,1.5692348659684001,High
transport_cost|IQR|Regional Express Co.|2016-10-10 00:00:00|147183,2016-10-10,Regional Express Co.,transport_cost,IQR,64.0,265.22,1.568702290076336,High
transport_cost|IQR|National Freight Partners|2017-03-25 00:00:00|117544,2017-03-25,National Freight Partners,transport_cost,IQR,64.0,265.13,1.5671045624001416,High
inventory_change|IQR|Sharjah Distribution Center|2018-02-01 00:00:00|1126,2018-02-01,Sharjah Distribution Center,inventory_change,IQR,-35.0,-189.0,1.5666666666666667,High
transport_cost|IQR|Regional Express Co.|2015-07-01 00:00:00|157484,2015-07-01,Regional Express Co.,transport_cost,IQR,64.0,265.07,1.5660394106160125,High
transport_cost|IQR|Regional Express Co.|2016-03-03 00:00:00|36368,2016-03-03,Regional Express Co.,transport_cost,IQR,64.0,265.07,1.5660394106160125,High
transport_cost|IQR|National Freight Partners|2015-04-10 00:00:00|178891,2015-04-10,National Freight Partners,transport_cost,IQR,64.0,265.01,1.5649742588318831,High
transport_cost|IQR|National Freight Partners|2015-12-18 00:00:00|141748,2015-12-18,National Freight Partners,transport_cost,IQR,64.0,265.0,1.5647967335345283,High
transport_cost|IQR|Regional Express Co.|2016-12-20 00:00:00|145941,2016-12-20,Regional Express Co.,transport_cost,IQR,64.0,264.95,1.5639091070477538,High
transport_cost|IQR|National Freight Partners|2016-01-23 00:00:00|48036,2016-01-23,National Freight Partners,transport_cost,IQR,64.0,264.93,1.5635540564530443,High
transport_cost|IQR|National Freight Partners|2016-04-28 00:00:00|4064,2016-04-28,National Freight Partners,transport_cost,IQR,64.0,264.89,1.5628439552636246,High
transport_cost|IQR|Regional Express Co.|2017-07-28 00:00:00|78349,2017-07-28,Regional Express Co.,transport_cost,IQR,64.0,264.87,1.5624889046689152,High
transport_cost|IQR|Regional Express Co.|2015-12-17 00:00:00|11374,2015-12-17,Regional Express Co.,transport_cost,IQR,64.0,264.81,1.5614237528847859,High
transport_cost|IQR|National Freight Partners|2016-12-18 00:00:00|73284,2016-12-18,National Freight Partners,transport_cost,IQR,64.0,264.8,1.561246227587431,High
transport_cost|IQR|Regional Express Co.|2018-01-28 00:00:00|169025,2018-01-28,Regional Express Co.,transport_cost,IQR,64.0,264.8,1.561246227587431,High
transport_cost|IQR|Regional Express Co.|2016-01-23 00:00:00|141864,2016-01-23,Regional Express Co.,transport_cost,IQR,64.0,264.79,1.5610687022900764,High
transport_cost|IQR|National Freight Partners|2017-07-24 00:00:00|69145,2017-07-24,National Freight Partners,transport_cost,IQR,64.0,264.75,1.5603586011006565,High
transport_cost|IQR|Regional Express Co.|2016-11-01 00:00:00|31742,2016-11-01,Regional Express Co.,transport_cost,IQR,64.0,264.64,1.5584058228297528,High
transport_cost|IQR|Regional Express Co.|2018-01-10 00:00:00|97276,2018-01-10,Regional Express Co.,transport_cost,IQR,64.0,264.63,1.558228297532398,High
transport_cost|IQR|Regional Express Co.|2016-01-13 00:00:00|20058,2016-01-13,Regional Express Co.,transport_cost,IQR,64.0,264.62,1.5580507722350434,High
transport_cost|IQR|National Freight Partners|2015-09-28 00:00:00|117281,2015-09-28,National Freight Partners,transport_cost,IQR,64.0,264.58,1.5573406710456235,High
transport_cost|IQR|Regional Express Co.|2015-04-04 00:00:00|176721,2015-04-04,Regional Express Co.,transport_cost,IQR,64.0,264.57,1.5571631457482686,High
transport_cost|IQR|National Freight Partners|2015-08-21 00:00:00|143983,2015-08-21,National Freight Partners,transport_cost,IQR,64.0,264.56,1.556985620450914,High
transport_cost|IQR|National Freight Partners|2017-03-18 00:00:00|55924,2017-03-18,National Freight Partners,transport_cost,IQR,64.0,264.55,1.5568080951535592,High
transport_cost|IQR|Regional Express Co.|2015-02-28 00:00:00|113843,2015-02-28,Regional Express Co.,transport_cost,IQR,64.0,264.53,1.556453044558849,High
transport_cost|IQR|National Freight Partners|2016-07-27 00:00:00|169058,2016-07-27,National Freight Partners,transport_cost,IQR,64.0,264.49,1.55574294336943,High
transport_cost|IQR|Regional Express Co.|2016-07-14 00:00:00|36445,2016-07-14,Regional Express Co.,transport_cost,IQR,64.0,264.41,1.5543227409905913,High
transport_cost|IQR|Regional Express Co.|2015-04-24 00:00:00|39237,2015-04-24,Regional Express Co.,transport_cost,IQR,64.0,264.41,1.5543227409905913,High
transport_cost|IQR|Regional Express Co.|2017-05-13 00:00:00|105866,2017-05-13,Regional Express Co.,transport_cost,IQR,64.0,264.39,1.5539676903958808,High
transport_cost|IQR|National Freight Partners|2015-04-16 00:00:00|29225,2015-04-16,National Freight Partners,transport_cost,IQR,64.0,264.37,1.5536126398011714,High
transport_cost|IQR|Regional Express Co.|2016-11-09 00:00:00|122379,2016-11-09,Regional Express Co.,transport_cost,IQR,64.0,264.34,1.5530800639091062,High
transport_cost|IQR|National Freight Partners|2017-04-23 00:00:00|176918,2017-04-23,National Freight Partners,transport_cost,IQR,64.0,264.28,1.552014912124977,High
transport_cost|IQR|Regional Express Co.|2015-03-02 00:00:00|172841,2015-03-02,Regional Express Co.,transport_cost,IQR,64.0,264.18,1.550239659151429,High
transport_cost|IQR|Regional Express Co.|2015-07-01 00:00:00|125010,2015-07-01,Regional Express Co.,transport_cost,IQR,64.0,264.18,1.550239659151429,High
transport_cost|IQR|Regional Express Co.|2017-12-05 00:00:00|52754,2017-12-05,Regional Express Co.,transport_cost,IQR,64.0,264.1,1.5488194567725901,High
transport_cost|IQR|National Freight Partners|2015-06-25 00:00:00|71645,2015-06-25,National Freight Partners,transport_cost,IQR,64.0,264.07,1.548286880880525,High
transport_cost|IQR|Regional Express Co.|2015-09-03 00:00:00|47877,2015-09-03,Regional Express Co.,transport_cost,IQR,64.0,264.06,1.5481093555831704,High
transport_cost|IQR|Regional Express Co.|2015-11-14 00:00:00|157290,2015-11-14,Regional Express Co.,transport_cost,IQR,64.0,264.05,1.5479318302858156,High
transport_cost|IQR|National Freight Partners|2015-07-23 00:00:00|97389,2015-07-23,National Freight Partners,transport_cost,IQR,64.0,264.05,1.5479318302858156,High
transport_cost|IQR|Regional Express Co.|2016-12-21 00:00:00|73254,2016-12-21,Regional Express Co.,transport_cost,IQR,64.0,264.03,1.5475767796911053,High
transport_cost|IQR|Regional Express Co.|2015-05-29 00:00:00|11349,2015-05-29,Regional Express Co.,transport_cost,IQR,64.0,264.0,1.547044203799041,High
transport_cost|IQR|National Freight Partners|2017-03-27 00:00:00|157391,2017-03-27,National Freight Partners,transport_cost,IQR,64.0,263.99,1.5468666785016865,High
transport_cost|IQR|Regional Express Co.|2016-02-08 00:00:00|71591,2016-02-08,Regional Express Co.,transport_cost,IQR,64.0,263.97,1.546511627906977,High
transport_cost|IQR|National Freight Partners|2015-07-28 00:00:00|32563,2015-07-28,National Freight Partners,transport_cost,IQR,64.0,263.97,1.546511627906977,High
transport_cost|IQR|Regional Express Co.|2017-03-24 00:00:00|168998,2017-03-24,Regional Express Co.,transport_cost,IQR,64.0,263.96,1.5463341026096213,High
transport_cost|IQR|Regional Express Co.|2015-07-26 00:00:00|122375,2015-07-26,Regional Express Co.,transport_cost,IQR,64.0,263.94,1.5459790520149117,High
transport_cost|IQR|National Freight Partners|2015-12-13 00:00:00|124977,2015-12-13,National Freight Partners,transport_cost,IQR,64.0,263.93,1.545801526717557,High
transport_cost|IQR|National Freight Partners|2017-05-11 00:00:00|51855,2017-05-11,National Freight Partners,transport_cost,IQR,64.0,263.92,1.5456240014202023,High
transport_cost|IQR|National Freight Partners|2017-07-08 00:00:00|165815,2017-07-08,National Freight Partners,transport_cost,IQR,64.0,263.91,1.5454464761228477,High
transport_cost|IQR|National Freight Partners|2017-06-22 00:00:00|117229,2017-06-22,National Freight Partners,transport_cost,IQR,64.0,263.9,1.545268950825492,High
transport_cost|IQR|National Freight Partners|2016-08-15 00:00:00|71726,2016-08-15,National Freight Partners,transport_cost,IQR,64.0,263.82,1.5438487484466532,High
transport_cost|IQR|National Freight Partners|2016-09-25 00:00:00|8,2016-09-25,National Freight Partners,transport_cost,IQR,64.0,263.78,1.5431386472572335,High
transport_cost|IQR|National Freight Partners|2017-01-13 00:00:00|69124,2017-01-13,National Freight Partners,transport_cost,IQR,64.0,263.76,1.542783596662524,High
transport_cost|IQR|Regional Express Co.|2017-02-25 00:00:00|97256,2017-02-25,Regional Express Co.,transport_cost,IQR,64.0,263.73,1.5422510207704598,High
transport_cost|IQR|National Freight Partners|2015-06-04 00:00:00|122343,2015-06-04,National Freight Partners,transport_cost,IQR,64.0,263.69,1.54154091958104,High
transport_cost|IQR|National Freight Partners|2016-06-23 00:00:00|39142,2016-06-23,National Freight Partners,transport_cost,IQR,64.0,263.66,1.5410083436889759,High
transport_cost|IQR|Regional Express Co.|2015-03-28 00:00:00|69234,2015-03-28,Regional Express Co.,transport_cost,IQR,64.0,263.65,1.5408308183916202,High
transport_cost|IQR|National Freight Partners|2017-09-01 00:00:00|15994,2017-09-01,National Freight Partners,transport_cost,IQR,64.0,263.63,1.5404757677969108,High
transport_cost|IQR|National Freight Partners|2016-01-18 00:00:00|48141,2016-01-18,National Freight Partners,transport_cost,IQR,64.0,263.56,1.5392330907154268,High
transport_cost|IQR|Regional Express Co.|2017-03-22 00:00:00|71661,2017-03-22,Regional Express Co.,transport_cost,IQR,64.0,263.52,1.5385229895260069,High
transport_cost|IQR|Regional Express Co.|2017-04-12 00:00:00|117696,2017-04-12,Regional Express Co.,transport_cost,IQR,64.0,263.5,1.5381679389312974,High
transport_cost|IQR|Regional Express Co.|2015-03-29 00:00:00|75761,2015-03-29,Regional Express Co.,transport_cost,IQR,64.0,263.49,1.5379904136339426,High
daily_sales|IQR|Network|2018-07-11 00:00:00|1287,2018-07-11,Network,daily_sales,IQR,122569.795,18334.75,1.5376885990381832,High
transport_cost|IQR|Regional Express Co.|2015-12-20 00:00:00|63940,2015-12-20,Regional Express Co.,transport_cost,IQR,64.0,263.47,1.5376353630392332,High
transport_cost|IQR|Regional Express Co.|2015-07-24 00:00:00|104254,2015-07-24,Regional Express Co.,transport_cost,IQR,64.0,263.45,1.537280312444523,High
transport_cost|IQR|National Freight Partners|2017-10-04 00:00:00|176705,2017-10-04,National Freight Partners,transport_cost,IQR,64.0,263.44,1.537102787147168,High
transport_cost|IQR|National Freight Partners|2015-09-28 00:00:00|157134,2015-09-28,National Freight Partners,transport_cost,IQR,64.0,263.38,1.536037635363039,High
transport_cost|IQR|Regional Express Co.|2015-12-08 00:00:00|17990,2015-12-08,Regional Express Co.,transport_cost,IQR,64.0,263.34,1.535327534173619,High
transport_cost|IQR|National Freight Partners|2015-07-25 00:00:00|69132,2015-07-25,National Freight Partners,transport_cost,IQR,64.0,263.29,1.5344399076868456,High
transport_cost|IQR|National Freight Partners|2016-09-16 00:00:00|44767,2016-09-16,National Freight Partners,transport_cost,IQR,64.0,263.27,1.534084857092135,High
transport_cost|IQR|National Freight Partners|2017-01-13 00:00:00|69229,2017-01-13,National Freight Partners,transport_cost,IQR,64.0,263.2,1.532842180010651,High
transport_cost|IQR|National Freight Partners|2017-12-17 00:00:00|44465,2017-12-17,National Freight Partners,transport_cost,IQR,64.0,263.15,1.5319545535238765,High
transport_cost|IQR|Regional Express Co.|2015-08-23 00:00:00|44089,2015-08-23,Regional Express Co.,transport_cost,IQR,64.0,263.15,1.5319545535238765,High
daily_sales|IQR|Network|2018-07-10 00:00:00|1286,2018-07-10,Network,daily_sales,IQR,122569.795,18537.34,1.530643975088757,High
transport_cost|IQR|National Freight Partners|2016-06-24 00:00:00|172778,2016-06-24,National Freight Partners,transport_cost,IQR,64.0,263.01,1.5294691993609084,High
transport_cost|IQR|National Freight Partners|2017-04-08 00:00:00|106590,2017-04-08,National Freight Partners,transport_cost,IQR,64.0,262.96,1.5285815728741339,High
transport_cost|IQR|Regional Express Co.|2015-11-19 00:00:00|157453,2015-11-19,Regional Express Co.,transport_cost,IQR,64.0,262.95,1.5284040475767793,High
transport_cost|IQR|National Freight Partners|2017-10-03 00:00:00|47909,2017-10-03,National Freight Partners,transport_cost,IQR,64.0,262.95,1.5284040475767793,High
transport_cost|IQR|Regional Express Co.|2017-09-22 00:00:00|115156,2017-09-22,Regional Express Co.,transport_cost,IQR,64.0,262.94,1.5282265222794245,High
transport_cost|IQR|National Freight Partners|2015-09-26 00:00:00|177002,2015-09-26,National Freight Partners,transport_cost,IQR,64.0,262.92,1.527871471684715,High
transport_cost|IQR|Regional Express Co.|2016-08-09 00:00:00|176984,2016-08-09,Regional Express Co.,transport_cost,IQR,64.0,262.9,1.5275164210900047,High
transport_cost|IQR|Regional Express Co.|2016-06-07 00:00:00|152213,2016-06-07,Regional Express Co.,transport_cost,IQR,64.0,262.86,1.526806319900586,High
daily_sales|IQR|Network|2018-04-14 00:00:00|1199,2018-04-14,Network,daily_sales,IQR,122569.795,18657.22,1.526475410406111,High
transport_cost|IQR|Regional Express Co.|2016-08-28 00:00:00|99194,2016-08-28,Regional Express Co.,transport_cost,IQR,64.0,262.83,1.5262737440085206,High
transport_cost|IQR|Regional Express Co.|2015-08-18 00:00:00|48115,2015-08-18,Regional Express Co.,transport_cost,IQR,64.0,262.79,1.5255636428191017,High
transport_cost|IQR|National Freight Partners|2015-10-23 00:00:00|19947,2015-10-23,National Freight Partners,transport_cost,IQR,64.0,262.76,1.5250310669270366,High
transport_cost|IQR|Regional Express Co.|2015-07-24 00:00:00|144474,2015-07-24,Regional Express Co.,transport_cost,IQR,64.0,262.73,1.5244984910349726,High
transport_cost|IQR|Regional Express Co.|2017-08-14 00:00:00|78035,2017-08-14,Regional Express Co.,transport_cost,IQR,64.0,262.7,1.5239659151429075,High
transport_cost|IQR|Regional Express Co.|2015-10-26 00:00:00|44745,2015-10-26,Regional Express Co.,transport_cost,IQR,64.0,262.69,1.5237883898455526,High
daily_sales|IQR|Network|2018-04-21 00:00:00|1206,2018-04-21,Network,daily_sales,IQR,122569.795,18776.65,1.5223224934887902,High
transport_cost|IQR|Regional Express Co.|2016-04-22 00:00:00|140368,2016-04-22,Regional Express Co.,transport_cost,IQR,64.0,262.58,1.5218356115746488,High
transport_cost|IQR|National Freight Partners|2017-10-09 00:00:00|16040,2017-10-09,National Freight Partners,transport_cost,IQR,64.0,262.54,1.52112551038523,High
daily_sales|IQR|Network|2018-07-06 00:00:00|1282,2018-07-06,Network,daily_sales,IQR,122569.795,18815.48,1.5209722652052806,High
transport_cost|IQR|National Freight Partners|2015-07-11 00:00:00|157187,2015-07-11,National Freight Partners,transport_cost,IQR,64.0,262.52,1.5207704597905196,High
transport_cost|IQR|National Freight Partners|2016-10-01 00:00:00|44414,2016-10-01,National Freight Partners,transport_cost,IQR,64.0,262.5,1.5204154091958102,High
transport_cost|IQR|Regional Express Co.|2017-07-31 00:00:00|48165,2017-07-31,Regional Express Co.,transport_cost,IQR,64.0,262.5,1.5204154091958102,High
transport_cost|IQR|National Freight Partners|2016-10-04 00:00:00|44053,2016-10-04,National Freight Partners,transport_cost,IQR,64.0,262.49,1.5202378838984554,High
transport_cost|IQR|Regional Express Co.|2015-07-29 00:00:00|117292,2015-07-29,Regional Express Co.,transport_cost,IQR,64.0,262.47,1.519882833303746,High
transport_cost|IQR|National Freight Partners|2015-08-21 00:00:00|122377,2015-08-21,National Freight Partners,transport_cost,IQR,64.0,262.37,1.5181075803301969,High
transport_cost|IQR|Regional Express Co.|2017-09-01 00:00:00|71698,2017-09-01,Regional Express Co.,transport_cost,IQR,64.0,262.37,1.5181075803301969,High
transport_cost|IQR|National Freight Partners|2015-02-14 00:00:00|44314,2015-02-14,National Freight Partners,transport_cost,IQR,64.0,262.28,1.5165098526540024,High
transport_cost|IQR|Regional Express Co.|2017-07-14 00:00:00|104753,2017-07-14,Regional Express Co.,transport_cost,IQR,64.0,262.26,1.516154802059293,High
transport_cost|IQR|National Freight Partners|2016-10-23 00:00:00|146950,2016-10-23,National Freight Partners,transport_cost,IQR,64.0,262.26,1.516154802059293,High
transport_cost|IQR|Regional Express Co.|2016-08-22 00:00:00|169054,2016-08-22,Regional Express Co.,transport_cost,IQR,64.0,262.24,1.5157997514645836,High
transport_cost|IQR|National Freight Partners|2017-07-23 00:00:00|78425,2017-07-23,National Freight Partners,transport_cost,IQR,64.0,262.23,1.515622226167229,High
transport_cost|IQR|Regional Express Co.|2017-05-11 00:00:00|69211,2017-05-11,Regional Express Co.,transport_cost,IQR,64.0,262.23,1.515622226167229,High
transport_cost|IQR|National Freight Partners|2016-08-28 00:00:00|19904,2016-08-28,National Freight Partners,transport_cost,IQR,64.0,262.2,1.5150896502751636,High
transport_cost|IQR|National Freight Partners|2017-02-28 00:00:00|29111,2017-02-28,National Freight Partners,transport_cost,IQR,64.0,262.19,1.514912124977809,High
transport_cost|IQR|National Freight Partners|2016-04-05 00:00:00|16189,2016-04-05,National Freight Partners,transport_cost,IQR,64.0,262.17,1.5145570743830996,High
transport_cost|IQR|Regional Express Co.|2015-10-22 00:00:00|157172,2015-10-22,Regional Express Co.,transport_cost,IQR,64.0,262.14,1.5140244984910345,High
daily_sales|IQR|Network|2018-05-30 00:00:00|1245,2018-05-30,Network,daily_sales,IQR,122569.795,19021.85,1.5137962000271221,High
transport_cost|IQR|National Freight Partners|2015-12-10 00:00:00|140340,2015-12-10,National Freight Partners,transport_cost,IQR,64.0,262.09,1.51313687200426,High
transport_cost|IQR|National Freight Partners|2016-11-26 00:00:00|71452,2016-11-26,National Freight Partners,transport_cost,IQR,64.0,262.06,1.5126042961121957,High
transport_cost|IQR|Regional Express Co.|2015-04-21 00:00:00|44269,2015-04-21,Regional Express Co.,transport_cost,IQR,64.0,262.05,1.5124267708148411,High
transport_cost|IQR|National Freight Partners|2017-03-25 00:00:00|157503,2017-03-25,National Freight Partners,transport_cost,IQR,64.0,262.0,1.5115391443280666,High
transport_cost|IQR|National Freight Partners|2016-10-26 00:00:00|117457,2016-10-26,National Freight Partners,transport_cost,IQR,64.0,261.95,1.5106515178412918,High
transport_cost|IQR|Regional Express Co.|2016-10-06 00:00:00|125068,2016-10-06,Regional Express Co.,transport_cost,IQR,64.0,261.93,1.5102964672465824,High
inventory_change|IQR|Dubai Distribution Center|2016-03-11 00:00:00|434,2016-03-11,Dubai Distribution Center,inventory_change,IQR,-84.0,314.0,1.5092592592592593,High
transport_cost|IQR|Regional Express Co.|2016-09-11 00:00:00|67,2016-09-11,Regional Express Co.,transport_cost,IQR,64.0,261.87,1.5092313154624533,High
transport_cost|IQR|Regional Express Co.|2017-05-18 00:00:00|168994,2017-05-18,Regional Express Co.,transport_cost,IQR,64.0,261.83,1.5085212142730333,High
transport_cost|IQR|National Freight Partners|2015-09-11 00:00:00|97210,2015-09-11,National Freight Partners,transport_cost,IQR,64.0,261.77,1.507456062488904,High
transport_cost|IQR|National Freight Partners|2017-05-13 00:00:00|44327,2017-05-13,National Freight Partners,transport_cost,IQR,64.0,261.77,1.507456062488904,High
daily_sales|IQR|Network|2018-04-29 00:00:00|1214,2018-04-29,Network,daily_sales,IQR,122569.795,19217.55,1.506991160751231,High
transport_cost|IQR|National Freight Partners|2016-07-16 00:00:00|100002,2016-07-16,National Freight Partners,transport_cost,IQR,64.0,261.72,1.5065684360021305,High
transport_cost|IQR|Regional Express Co.|2016-07-05 00:00:00|44511,2016-07-05,Regional Express Co.,transport_cost,IQR,64.0,261.68,1.5058583348127106,High
transport_cost|IQR|Regional Express Co.|2015-11-21 00:00:00|51098,2015-11-21,Regional Express Co.,transport_cost,IQR,64.0,261.66,1.5055032842180012,High
transport_cost|IQR|National Freight Partners|2016-10-06 00:00:00|74406,2016-10-06,National Freight Partners,transport_cost,IQR,64.0,261.64,1.5051482336232909,High
transport_cost|IQR|National Freight Partners|2017-07-19 00:00:00|71482,2017-07-19,National Freight Partners,transport_cost,IQR,64.0,261.62,1.5047931830285814,High
transport_cost|IQR|National Freight Partners|2015-05-25 00:00:00|97375,2015-05-25,National Freight Partners,transport_cost,IQR,64.0,261.61,1.5046156577312266,High
transport_cost|IQR|Regional Express Co.|2016-03-24 00:00:00|124966,2016-03-24,Regional Express Co.,transport_cost,IQR,64.0,261.58,1.5040830818391615,High
transport_cost|IQR|National Freight Partners|2015-07-26 00:00:00|69114,2015-07-26,National Freight Partners,transport_cost,IQR,64.0,261.53,1.503195455352387,High
transport_cost|IQR|National Freight Partners|2015-04-15 00:00:00|176914,2015-04-15,National Freight Partners,transport_cost,IQR,64.0,261.51,1.5028404047576776,High
transport_cost|IQR|Regional Express Co.|2017-10-04 00:00:00|44229,2017-10-04,Regional Express Co.,transport_cost,IQR,64.0,261.51,1.5028404047576776,High
transport_cost|IQR|Regional Express Co.|2016-08-20 00:00:00|172774,2016-08-20,Regional Express Co.,transport_cost,IQR,64.0,261.51,1.5028404047576776,High
transport_cost|IQR|Regional Express Co.|2017-01-05 00:00:00|44072,2017-01-05,Regional Express Co.,transport_cost,IQR,64.0,261.45,1.5017752529735482,High
daily_sales|IQR|Network|2018-07-09 00:00:00|1285,2018-07-09,Network,daily_sales,IQR,122569.795,19369.18,1.5017185592928595,High
daily_sales|IQR|Network|2018-05-20 00:00:00|1235,2018-05-20,Network,daily_sales,IQR,122569.795,19390.61,1.5009733779352592,High
transport_cost|IQR|Regional Express Co.|2015-09-28 00:00:00|172718,2015-09-28,Regional Express Co.,transport_cost,IQR,64.0,261.37,1.5003550505947096,High
transport_cost|IQR|National Freight Partners|2015-11-03 00:00:00|29152,2015-11-03,National Freight Partners,transport_cost,IQR,64.0,261.37,1.5003550505947096,High
transport_cost|IQR|National Freight Partners|2016-08-02 00:00:00|48070,2016-08-02,National Freight Partners,transport_cost,IQR,64.0,261.36,1.5001775252973548,High
transport_cost|IQR|Regional Express Co.|2015-04-23 00:00:00|157496,2015-04-23,Regional Express Co.,transport_cost,IQR,64.0,261.36,1.5001775252973548,High
daily_sales|Isolation Forest|Network|2017-10-30 00:00:00|1033,2017-10-30,Network,daily_sales,Isolation Forest,122569.795,400122.74,0.8291000784204722,High
daily_sales|Isolation Forest|Network|2017-10-28 00:00:00|1031,2017-10-28,Network,daily_sales,Isolation Forest,122569.795,396422.48,0.8268592809064906,High
daily_sales|Isolation Forest|Network|2017-10-27 00:00:00|1030,2017-10-27,Network,daily_sales,Isolation Forest,122569.795,394768.76,0.8257411542384044,High
daily_sales|Isolation Forest|Network|2017-10-29 00:00:00|1032,2017-10-29,Network,daily_sales,Isolation Forest,122569.795,391690.02,0.8251826580304059,High
inventory_change|Isolation Forest|Abu Dhabi Distribution Center|2015-01-18 00:00:00|16,2015-01-18,Abu Dhabi Distribution Center,inventory_change,Isolation Forest,-52.0,1749.0,0.8196184297215438,High
inventory_change|Isolation Forest|Abu Dhabi Distribution Center|2015-05-03 00:00:00|121,2015-05-03,Abu Dhabi Distribution Center,inventory_change,Isolation Forest,-52.0,1705.0,0.816850401321059,High
daily_sales|Isolation Forest|Network|2017-10-26 00:00:00|1029,2017-10-26,Network,daily_sales,Isolation Forest,122569.795,352083.62,0.8151940734538886,High
inventory_change|Isolation Forest|Ajman Distribution Center|2016-11-02 00:00:00|670,2016-11-02,Ajman Distribution Center,inventory_change,Isolation Forest,-79.5,2199.0,0.8140917211501261,High
inventory_change|Isolation Forest|Ajman Distribution Center|2016-01-29 00:00:00|392,2016-01-29,Ajman Distribution Center,inventory_change,Isolation Forest,-79.5,2180.0,0.8129908595105394,High
inventory_change|Isolation Forest|Abu Dhabi Distribution Center|2015-02-13 00:00:00|42,2015-02-13,Abu Dhabi Distribution Center,inventory_change,Isolation Forest,-52.0,1656.0,0.808055375117868,High
inventory_change|Isolation Forest|Abu Dhabi Distribution Center|2015-05-30 00:00:00|148,2015-05-30,Abu Dhabi Distribution Center,inventory_change,Isolation Forest,-52.0,1647.0,0.808055375117868,High
inventory_change|Isolation Forest|Dubai Distribution Center|2017-01-15 00:00:00|744,2017-01-15,Dubai Distribution Center,inventory_change,Isolation Forest,-84.0,2202.0,0.8064168809286505,High
daily_sales|Isolation Forest|Network|2017-12-23 00:00:00|1087,2017-12-23,Network,daily_sales,Isolation Forest,122569.795,321495.93,0.8064168809286505,High
inventory_change|Isolation Forest|Dubai Distribution Center|2017-09-09 00:00:00|981,2017-09-09,Dubai Distribution Center,inventory_change,Isolation Forest,-84.0,2148.0,0.8064168809286505,High
inventory_change|Isolation Forest|Sharjah Distribution Center|2016-03-04 00:00:00|427,2016-03-04,Sharjah Distribution Center,inventory_change,Isolation Forest,-35.0,1036.0,0.8015213056792482,High
inventory_change|Isolation Forest|Sharjah Distribution Center|2016-10-30 00:00:00|667,2016-10-30,Sharjah Distribution Center,inventory_change,Isolation Forest,-35.0,1064.0,0.8015213056792482,High
inventory_change|Isolation Forest|Dubai Distribution Center|2016-04-09 00:00:00|463,2016-04-09,Dubai Distribution Center,inventory_change,Isolation Forest,-84.0,1773.0,0.7902135626033302,High
inventory_change|Isolation Forest|Dubai Distribution Center|2015-01-19 00:00:00|17,2015-01-19,Dubai Distribution Center,inventory_change,Isolation Forest,-84.0,1762.0,0.7875448407878906,High
inventory_change|Isolation Forest|Ras Al Khaimah Distribution Center|2018-01-03 00:00:00|1095,2018-01-03,Ras Al Khaimah Distribution Center,inventory_change,Isolation Forest,0.0,-20.0,0.7863184469837566,High
inventory_change|Isolation Forest|Ajman Distribution Center|2016-02-25 00:00:00|419,2016-02-25,Ajman Distribution Center,inventory_change,Isolation Forest,-79.5,1733.0,0.7822344052679904,High
transport_cost|Isolation Forest|National Freight Partners|2017-05-24 00:00:00|162,2017-05-24,National Freight Partners,transport_cost,Isolation Forest,64.0,322.34,0.7817053351751826,High
transport_cost|Isolation Forest|National Freight Partners|2017-03-21 00:00:00|16205,2017-03-21,National Freight Partners,transport_cost,Isolation Forest,64.0,322.69,0.7817053351751826,High
transport_cost|Isolation Forest|National Freight Partners|2017-07-14 00:00:00|136663,2017-07-14,National Freight Partners,transport_cost,Isolation Forest,64.0,322.63,0.7817053351751826,High
transport_cost|Isolation Forest|National Freight Partners|2016-03-29 00:00:00|71597,2016-03-29,National Freight Partners,transport_cost,Isolation Forest,64.0,322.13,0.7817053351751826,High
transport_cost|Isolation Forest|National Freight Partners|2016-02-28 00:00:00|97403,2016-02-28,National Freight Partners,transport_cost,Isolation Forest,64.0,322.02,0.7817053351751826,High
transport_cost|Isolation Forest|National Freight Partners|2016-10-04 00:00:00|113157,2016-10-04,National Freight Partners,transport_cost,Isolation Forest,64.0,322.05,0.7817053351751826,High
transport_cost|Isolation Forest|National Freight Partners|2016-12-18 00:00:00|117728,2016-12-18,National Freight Partners,transport_cost,Isolation Forest,64.0,321.77,0.7817053351751826,High
transport_cost|Isolation Forest|National Freight Partners|2016-06-17 00:00:00|97312,2016-06-17,National Freight Partners,transport_cost,Isolation Forest,64.0,321.97,0.7817053351751826,High
transport_cost|Isolation Forest|National Freight Partners|2015-01-15 00:00:00|117359,2015-01-15,National Freight Partners,transport_cost,Isolation Forest,64.0,322.05,0.7817053351751826,High
transport_cost|Isolation Forest|National Freight Partners|2017-07-12 00:00:00|117529,2017-07-12,National Freight Partners,transport_cost,Isolation Forest,64.0,322.48,0.7817053351751826,High
transport_cost|Isolation Forest|National Freight Partners|2015-02-20 00:00:00|176743,2015-02-20,National Freight Partners,transport_cost,Isolation Forest,64.0,322.14,0.7817053351751826,High
transport_cost|Isolation Forest|National Freight Partners|2017-05-31 00:00:00|69212,2017-05-31,National Freight Partners,transport_cost,Isolation Forest,64.0,322.01,0.7817053351751826,High
transport_cost|Isolation Forest|National Freight Partners|2017-06-06 00:00:00|117765,2017-06-06,National Freight Partners,transport_cost,Isolation Forest,64.0,321.76,0.7817053351751826,High
transport_cost|Isolation Forest|National Freight Partners|2016-03-03 00:00:00|4078,2016-03-03,National Freight Partners,transport_cost,Isolation Forest,64.0,322.28,0.7817053351751826,High
transport_cost|Isolation Forest|National Freight Partners|2016-01-03 00:00:00|48314,2016-01-03,National Freight Partners,transport_cost,Isolation Forest,64.0,322.25,0.7817053351751826,High
transport_cost|Isolation Forest|National Freight Partners|2016-07-27 00:00:00|151336,2016-07-27,National Freight Partners,transport_cost,Isolation Forest,64.0,322.63,0.7817053351751826,High
transport_cost|Isolation Forest|National Freight Partners|2016-07-16 00:00:00|18070,2016-07-16,National Freight Partners,transport_cost,Isolation Forest,64.0,321.99,0.7817053351751826,High
transport_cost|Isolation Forest|National Freight Partners|2017-06-29 00:00:00|48110,2017-06-29,National Freight Partners,transport_cost,Isolation Forest,64.0,322.49,0.7817053351751826,High
transport_cost|Isolation Forest|National Freight Partners|2015-12-11 00:00:00|133175,2015-12-11,National Freight Partners,transport_cost,Isolation Forest,64.0,322.42,0.7817053351751826,High
inventory_change|Isolation Forest|Ras Al Khaimah Distribution Center|2015-12-07 00:00:00|337,2015-12-07,Ras Al Khaimah Distribution Center,inventory_change,Isolation Forest,0.0,32.0,0.7811722649711734,High
transport_cost|Isolation Forest|National Freight Partners|2015-07-01 00:00:00|172723,2015-07-01,National Freight Partners,transport_cost,Isolation Forest,64.0,311.2,0.7806482682690864,High
transport_cost|Isolation Forest|National Freight Partners|2015-12-28 00:00:00|172752,2015-12-28,National Freight Partners,transport_cost,Isolation Forest,64.0,317.04,0.7806482682690864,High
transport_cost|Isolation Forest|National Freight Partners|2015-12-14 00:00:00|71577,2015-12-14,National Freight Partners,transport_cost,Isolation Forest,64.0,319.33,0.7806482682690864,High
transport_cost|Isolation Forest|National Freight Partners|2017-07-24 00:00:00|117734,2017-07-24,National Freight Partners,transport_cost,Isolation Forest,64.0,314.41,0.7806482682690864,High
transport_cost|Isolation Forest|National Freight Partners|2017-09-04 00:00:00|71501,2017-09-04,National Freight Partners,transport_cost,Isolation Forest,64.0,311.15,0.7806482682690864,High
transport_cost|Isolation Forest|National Freight Partners|2017-07-06 00:00:00|71470,2017-07-06,National Freight Partners,transport_cost,Isolation Forest,64.0,311.33,0.7806482682690864,High
transport_cost|Isolation Forest|National Freight Partners|2017-08-21 00:00:00|165834,2017-08-21,National Freight Partners,transport_cost,Isolation Forest,64.0,316.24,0.7806482682690864,High
transport_cost|Isolation Forest|National Freight Partners|2016-11-15 00:00:00|63970,2016-11-15,National Freight Partners,transport_cost,Isolation Forest,64.0,311.73,0.7806482682690864,High
transport_cost|Isolation Forest|National Freight Partners|2016-08-29 00:00:00|122368,2016-08-29,National Freight Partners,transport_cost,Isolation Forest,64.0,317.0,0.7806482682690864,High
transport_cost|Isolation Forest|National Freight Partners|2016-10-23 00:00:00|122367,2016-10-23,National Freight Partners,transport_cost,Isolation Forest,64.0,310.97,0.7806482682690864,High
transport_cost|Isolation Forest|National Freight Partners|2015-11-12 00:00:00|122358,2015-11-12,National Freight Partners,transport_cost,Isolation Forest,64.0,312.0,0.7806482682690864,High
transport_cost|Isolation Forest|National Freight Partners|2016-06-05 00:00:00|122338,2016-06-05,National Freight Partners,transport_cost,Isolation Forest,64.0,315.07,0.7806482682690864,High
transport_cost|Isolation Forest|National Freight Partners|2015-08-21 00:00:00|168967,2015-08-21,National Freight Partners,transport_cost,Isolation Forest,64.0,319.48,0.7806482682690864,High
transport_cost|Isolation Forest|National Freight Partners|2017-02-27 00:00:00|20005,2017-02-27,National Freight Partners,transport_cost,Isolation Forest,64.0,310.61,0.7806482682690864,High
transport_cost|Isolation Forest|National Freight Partners|2015-06-18 00:00:00|19961,2015-06-18,National Freight Partners,transport_cost,Isolation Forest,64.0,320.12,0.7806482682690864,High
transport_cost|Isolation Forest|National Freight Partners|2016-04-26 00:00:00|122269,2016-04-26,National Freight Partners,transport_cost,Isolation Forest,64.0,319.22,0.7806482682690864,High
transport_cost|Isolation Forest|National Freight Partners|2016-08-22 00:00:00|169059,2016-08-22,National Freight Partners,transport_cost,Isolation Forest,64.0,320.95,0.7806482682690864,High
transport_cost|Isolation Forest|National Freight Partners|2015-08-29 00:00:00|122188,2015-08-29,National Freight Partners,transport_cost,Isolation Forest,64.0,311.5,0.7806482682690864,High
transport_cost|Isolation Forest|National Freight Partners|2015-05-26 00:00:00|169082,2015-05-26,National Freight Partners,transport_cost,Isolation Forest,64.0,317.5,0.7806482682690864,High
transport_cost|Isolation Forest|National Freight Partners|2017-04-02 00:00:00|117762,2017-04-02,National Freight Partners,transport_cost,Isolation Forest,64.0,312.19,0.7806482682690864,High
transport_cost|Isolation Forest|National Freight Partners|2016-08-02 00:00:00|169118,2016-08-02,National Freight Partners,transport_cost,Isolation Forest,64.0,315.64,0.7806482682690864,High
transport_cost|Isolation Forest|National Freight Partners|2017-05-15 00:00:00|117758,2017-05-15,National Freight Partners,transport_cost,Isolation Forest,64.0,312.23,0.7806482682690864,High
transport_cost|Isolation Forest|National Freight Partners|2015-04-07 00:00:00|169146,2015-04-07,National Freight Partners,transport_cost,Isolation Forest,64.0,315.8,0.7806482682690864,High
transport_cost|Isolation Forest|National Freight Partners|2015-05-22 00:00:00|117686,2015-05-22,National Freight Partners,transport_cost,Isolation Forest,64.0,318.26,0.7806482682690864,High
transport_cost|Isolation Forest|National Freight Partners|2015-02-19 00:00:00|44264,2015-02-19,National Freight Partners,transport_cost,Isolation Forest,64.0,317.53,0.7806482682690864,High
transport_cost|Isolation Forest|National Freight Partners|2015-12-04 00:00:00|17985,2015-12-04,National Freight Partners,transport_cost,Isolation Forest,64.0,312.77,0.7806482682690864,High
transport_cost|Isolation Forest|National Freight Partners|2015-07-10 00:00:00|176950,2015-07-10,National Freight Partners,transport_cost,Isolation Forest,64.0,312.05,0.7806482682690864,High
transport_cost|Isolation Forest|National Freight Partners|2016-06-27 00:00:00|78906,2016-06-27,National Freight Partners,transport_cost,Isolation Forest,64.0,318.99,0.7806482682690864,High
transport_cost|Isolation Forest|National Freight Partners|2017-04-11 00:00:00|117395,2017-04-11,National Freight Partners,transport_cost,Isolation Forest,64.0,310.82,0.7806482682690864,High
transport_cost|Isolation Forest|National Freight Partners|2015-02-11 00:00:00|11304,2015-02-11,National Freight Partners,transport_cost,Isolation Forest,64.0,312.9,0.7806482682690864,High
transport_cost|Isolation Forest|National Freight Partners|2016-06-12 00:00:00|176865,2016-06-12,National Freight Partners,transport_cost,Isolation Forest,64.0,318.78,0.7806482682690864,High
transport_cost|Isolation Forest|National Freight Partners|2017-08-27 00:00:00|176896,2017-08-27,National Freight Partners,transport_cost,Isolation Forest,64.0,310.59,0.7806482682690864,High
transport_cost|Isolation Forest|National Freight Partners|2016-03-02 00:00:00|80652,2016-03-02,National Freight Partners,transport_cost,Isolation Forest,64.0,313.91,0.7806482682690864,High
transport_cost|Isolation Forest|National Freight Partners|2017-03-18 00:00:00|176917,2017-03-18,National Freight Partners,transport_cost,Isolation Forest,64.0,316.29,0.7806482682690864,High
transport_cost|Isolation Forest|National Freight Partners|2017-05-17 00:00:00|117358,2017-05-17,National Freight Partners,transport_cost,Isolation Forest,64.0,313.71,0.7806482682690864,High
transport_cost|Isolation Forest|National Freight Partners|2017-05-15 00:00:00|117334,2017-05-15,National Freight Partners,transport_cost,Isolation Forest,64.0,319.05,0.7806482682690864,High
transport_cost|Isolation Forest|National Freight Partners|2016-01-08 00:00:00|81439,2016-01-08,National Freight Partners,transport_cost,Isolation Forest,64.0,310.89,0.7806482682690864,High
transport_cost|Isolation Forest|National Freight Partners|2015-09-03 00:00:00|117678,2015-09-03,National Freight Partners,transport_cost,Isolation Forest,64.0,312.66,0.7806482682690864,High
transport_cost|Isolation Forest|National Freight Partners|2016-04-01 00:00:00|176979,2016-04-01,National Freight Partners,transport_cost,Isolation Forest,64.0,321.34,0.7806482682690864,High
transport_cost|Isolation Forest|National Freight Partners|2017-03-10 00:00:00|117324,2017-03-10,National Freight Partners,transport_cost,Isolation Forest,64.0,319.71,0.7806482682690864,High
transport_cost|Isolation Forest|National Freight Partners|2017-04-13 00:00:00|117306,2017-04-13,National Freight Partners,transport_cost,Isolation Forest,64.0,315.6,0.7806482682690864,High
transport_cost|Isolation Forest|National Freight Partners|2015-04-30 00:00:00|117305,2015-04-30,National Freight Partners,transport_cost,Isolation Forest,64.0,311.16,0.7806482682690864,High
transport_cost|Isolation Forest|National Freight Partners|2015-07-10 00:00:00|177000,2015-07-10,National Freight Partners,transport_cost,Isolation Forest,64.0,321.43,0.7806482682690864,High
transport_cost|Isolation Forest|National Freight Partners|2017-08-12 00:00:00|117274,2017-08-12,National Freight Partners,transport_cost,Isolation Forest,64.0,321.39,0.7806482682690864,High
transport_cost|Isolation Forest|National Freight Partners|2016-06-06 00:00:00|5652,2016-06-06,National Freight Partners,transport_cost,Isolation Forest,64.0,317.09,0.7806482682690864,High
transport_cost|Isolation Forest|National Freight Partners|2017-03-02 00:00:00|4103,2017-03-02,National Freight Partners,transport_cost,Isolation Forest,64.0,316.41,0.7806482682690864,High
transport_cost|Isolation Forest|National Freight Partners|2017-03-09 00:00:00|4099,2017-03-09,National Freight Partners,transport_cost,Isolation Forest,64.0,311.4,0.7806482682690864,High
transport_cost|Isolation Forest|National Freight Partners|2016-07-03 00:00:00|78823,2016-07-03,National Freight Partners,transport_cost,Isolation Forest,64.0,319.66,0.7806482682690864,High
transport_cost|Isolation Forest|National Freight Partners|2015-03-05 00:00:00|11351,2015-03-05,National Freight Partners,transport_cost,Isolation Forest,64.0,320.06,0.7806482682690864,High
transport_cost|Isolation Forest|National Freight Partners|2017-07-27 00:00:00|78366,2017-07-27,National Freight Partners,transport_cost,Isolation Forest,64.0,321.49,0.7806482682690864,High
transport_cost|Isolation Forest|National Freight Partners|2015-02-15 00:00:00|176775,2015-02-15,National Freight Partners,transport_cost,Isolation Forest,64.0,317.8,0.7806482682690864,High
transport_cost|Isolation Forest|National Freight Partners|2015-04-22 00:00:00|71653,2015-04-22,National Freight Partners,transport_cost,Isolation Forest,64.0,311.05,0.7806482682690864,High
transport_cost|Isolation Forest|National Freight Partners|2017-01-14 00:00:00|17923,2017-01-14,National Freight Partners,transport_cost,Isolation Forest,64.0,318.55,0.7806482682690864,High
transport_cost|Isolation Forest|National Freight Partners|2015-02-22 00:00:00|71659,2015-02-22,National Freight Partners,transport_cost,Isolation Forest,64.0,313.46,0.7806482682690864,High
transport_cost|Isolation Forest|National Freight Partners|2015-03-02 00:00:00|71663,2015-03-02,National Freight Partners,transport_cost,Isolation Forest,64.0,321.25,0.7806482682690864,High
transport_cost|Isolation Forest|National Freight Partners|2016-01-27 00:00:00|71669,2016-01-27,National Freight Partners,transport_cost,Isolation Forest,64.0,315.89,0.7806482682690864,High
transport_cost|Isolation Forest|National Freight Partners|2016-10-26 00:00:00|16191,2016-10-26,National Freight Partners,transport_cost,Isolation Forest,64.0,317.79,0.7806482682690864,High
transport_cost|Isolation Forest|National Freight Partners|2016-01-05 00:00:00|16178,2016-01-05,National Freight Partners,transport_cost,Isolation Forest,64.0,316.59,0.7806482682690864,High
transport_cost|Isolation Forest|National Freight Partners|2017-04-17 00:00:00|63909,2017-04-17,National Freight Partners,transport_cost,Isolation Forest,64.0,315.72,0.7806482682690864,High
transport_cost|Isolation Forest|National Freight Partners|2015-09-28 00:00:00|176678,2015-09-28,National Freight Partners,transport_cost,Isolation Forest,64.0,313.01,0.7806482682690864,High
transport_cost|Isolation Forest|National Freight Partners|2015-01-15 00:00:00|117625,2015-01-15,National Freight Partners,transport_cost,Isolation Forest,64.0,317.29,0.7806482682690864,High
transport_cost|Isolation Forest|National Freight Partners|2017-09-04 00:00:00|71790,2017-09-04,National Freight Partners,transport_cost,Isolation Forest,64.0,311.88,0.7806482682690864,High
transport_cost|Isolation Forest|National Freight Partners|2016-12-16 00:00:00|16123,2016-12-16,National Freight Partners,transport_cost,Isolation Forest,64.0,315.33,0.7806482682690864,High
transport_cost|Isolation Forest|National Freight Partners|2016-07-26 00:00:00|16115,2016-07-26,National Freight Partners,transport_cost,Isolation Forest,64.0,314.18,0.7806482682690864,High
transport_cost|Isolation Forest|National Freight Partners|2017-01-27 00:00:00|72704,2017-01-27,National Freight Partners,transport_cost,Isolation Forest,64.0,318.85,0.7806482682690864,High
transport_cost|Isolation Forest|National Freight Partners|2017-03-03 00:00:00|117605,2017-03-03,National Freight Partners,transport_cost,Isolation Forest,64.0,318.76,0.7806482682690864,High
transport_cost|Isolation Forest|National Freight Partners|2016-08-29 00:00:00|117583,2016-08-29,National Freight Partners,transport_cost,Isolation Forest,64.0,311.73,0.7806482682690864,High
transport_cost|Isolation Forest|National Freight Partners|2015-07-10 00:00:00|176700,2015-07-10,National Freight Partners,transport_cost,Isolation Forest,64.0,312.54,0.7806482682690864,High
transport_cost|Isolation Forest|National Freight Partners|2015-09-06 00:00:00|117536,2015-09-06,National Freight Partners,transport_cost,Isolation Forest,64.0,321.27,0.7806482682690864,High
transport_cost|Isolation Forest|National Freight Partners|2016-07-26 00:00:00|117501,2016-07-26,National Freight Partners,transport_cost,Isolation Forest,64.0,313.95,0.7806482682690864,High
transport_cost|Isolation Forest|National Freight Partners|2016-08-10 00:00:00|20113,2016-08-10,National Freight Partners,transport_cost,Isolation Forest,64.0,314.48,0.7806482682690864,High
transport_cost|Isolation Forest|National Freight Partners|2016-06-17 00:00:00|157360,2016-06-17,National Freight Partners,transport_cost,Isolation Forest,64.0,310.74,0.7806482682690864,High
transport_cost|Isolation Forest|National Freight Partners|2017-03-27 00:00:00|44601,2017-03-27,National Freight Partners,transport_cost,Isolation Forest,64.0,318.62,0.7806482682690864,High
transport_cost|Isolation Forest|National Freight Partners|2016-03-20 00:00:00|153545,2016-03-20,National Freight Partners,transport_cost,Isolation Forest,64.0,313.69,0.7806482682690864,High
transport_cost|Isolation Forest|National Freight Partners|2017-05-18 00:00:00|137629,2017-05-18,National Freight Partners,transport_cost,Isolation Forest,64.0,320.56,0.7806482682690864,High
transport_cost|Isolation Forest|National Freight Partners|2017-03-21 00:00:00|48123,2017-03-21,National Freight Partners,transport_cost,Isolation Forest,64.0,317.07,0.7806482682690864,High
transport_cost|Isolation Forest|National Freight Partners|2017-04-25 00:00:00|48131,2017-04-25,National Freight Partners,transport_cost,Isolation Forest,64.0,318.57,0.7806482682690864,High
transport_cost|Isolation Forest|National Freight Partners|2016-05-11 00:00:00|152668,2016-05-11,National Freight Partners,transport_cost,Isolation Forest,64.0,312.3,0.7806482682690864,High
transport_cost|Isolation Forest|National Freight Partners|2016-05-10 00:00:00|48154,2016-05-10,National Freight Partners,transport_cost,Isolation Forest,64.0,316.08,0.7806482682690864,High
transport_cost|Isolation Forest|National Freight Partners|2015-01-15 00:00:00|39264,2015-01-15,National Freight Partners,transport_cost,Isolation Forest,64.0,311.26,0.7806482682690864,High
transport_cost|Isolation Forest|National Freight Partners|2016-08-21 00:00:00|141763,2016-08-21,National Freight Partners,transport_cost,Isolation Forest,64.0,311.5,0.7806482682690864,High
transport_cost|Isolation Forest|National Freight Partners|2017-02-27 00:00:00|48173,2017-02-27,National Freight Partners,transport_cost,Isolation Forest,64.0,316.49,0.7806482682690864,High
transport_cost|Isolation Forest|National Freight Partners|2015-10-22 00:00:00|142818,2015-10-22,National Freight Partners,transport_cost,Isolation Forest,64.0,312.99,0.7806482682690864,High
transport_cost|Isolation Forest|National Freight Partners|2015-08-30 00:00:00|165802,2015-08-30,National Freight Partners,transport_cost,Isolation Forest,64.0,314.11,0.7806482682690864,High
transport_cost|Isolation Forest|National Freight Partners|2015-09-09 00:00:00|157136,2015-09-09,National Freight Partners,transport_cost,Isolation Forest,64.0,316.62,0.7806482682690864,High
transport_cost|Isolation Forest|National Freight Partners|2017-10-22 00:00:00|157143,2017-10-22,National Freight Partners,transport_cost,Isolation Forest,64.0,313.58,0.7806482682690864,High
transport_cost|Isolation Forest|National Freight Partners|2016-06-09 00:00:00|48264,2016-06-09,National Freight Partners,transport_cost,Isolation Forest,64.0,316.4,0.7806482682690864,High
transport_cost|Isolation Forest|National Freight Partners|2017-04-05 00:00:00|39065,2017-04-05,National Freight Partners,transport_cost,Isolation Forest,64.0,320.2,0.7806482682690864,High
transport_cost|Isolation Forest|National Freight Partners|2016-10-26 00:00:00|48269,2016-10-26,National Freight Partners,transport_cost,Isolation Forest,64.0,321.56,0.7806482682690864,High
transport_cost|Isolation Forest|National Freight Partners|2015-12-19 00:00:00|133012,2015-12-19,National Freight Partners,transport_cost,Isolation Forest,64.0,317.34,0.7806482682690864,High
transport_cost|Isolation Forest|National Freight Partners|2016-05-06 00:00:00|51039,2016-05-06,National Freight Partners,transport_cost,Isolation Forest,64.0,320.06,0.7806482682690864,High
transport_cost|Isolation Forest|National Freight Partners|2016-01-15 00:00:00|132467,2016-01-15,National Freight Partners,transport_cost,Isolation Forest,64.0,313.71,0.7806482682690864,High
transport_cost|Isolation Forest|National Freight Partners|2016-07-12 00:00:00|151576,2016-07-12,National Freight Partners,transport_cost,Isolation Forest,64.0,316.02,0.7806482682690864,High
transport_cost|Isolation Forest|National Freight Partners|2017-05-21 00:00:00|48120,2017-05-21,National Freight Partners,transport_cost,Isolation Forest,64.0,317.77,0.7806482682690864,High
transport_cost|Isolation Forest|National Freight Partners|2016-04-08 00:00:00|44756,2016-04-08,National Freight Partners,transport_cost,Isolation Forest,64.0,313.11,0.7806482682690864,High
transport_cost|Isolation Forest|National Freight Partners|2016-07-24 00:00:00|150929,2016-07-24,National Freight Partners,transport_cost,Isolation Forest,64.0,315.5,0.7806482682690864,High
transport_cost|Isolation Forest|National Freight Partners|2017-07-28 00:00:00|44885,2017-07-28,National Freight Partners,transport_cost,Isolation Forest,64.0,318.74,0.7806482682690864,High
transport_cost|Isolation Forest|National Freight Partners|2015-07-28 00:00:00|144380,2015-07-28,National Freight Partners,transport_cost,Isolation Forest,64.0,318.25,0.7806482682690864,High
transport_cost|Isolation Forest|National Freight Partners|2015-09-23 00:00:00|44786,2015-09-23,National Freight Partners,transport_cost,Isolation Forest,64.0,315.84,0.7806482682690864,High
transport_cost|Isolation Forest|National Freight Partners|2015-06-21 00:00:00|47911,2015-06-21,National Freight Partners,transport_cost,Isolation Forest,64.0,313.8,0.7806482682690864,High
transport_cost|Isolation Forest|National Freight Partners|2017-06-19 00:00:00|140328,2017-06-19,National Freight Partners,transport_cost,Isolation Forest,64.0,317.49,0.7806482682690864,High
transport_cost|Isolation Forest|National Freight Partners|2017-07-21 00:00:00|44782,2017-07-21,National Freight Partners,transport_cost,Isolation Forest,64.0,312.55,0.7806482682690864,High
transport_cost|Isolation Forest|National Freight Partners|2015-10-19 00:00:00|140327,2015-10-19,National Freight Partners,transport_cost,Isolation Forest,64.0,317.91,0.7806482682690864,High
transport_cost|Isolation Forest|National Freight Partners|2015-03-05 00:00:00|47965,2015-03-05,National Freight Partners,transport_cost,Isolation Forest,64.0,321.41,0.7806482682690864,High
transport_cost|Isolation Forest|National Freight Partners|2017-08-15 00:00:00|44105,2017-08-15,National Freight Partners,transport_cost,Isolation Forest,64.0,319.58,0.7806482682690864,High
transport_cost|Isolation Forest|National Freight Partners|2017-08-14 00:00:00|44086,2017-08-14,National Freight Partners,transport_cost,Isolation Forest,64.0,312.41,0.7806482682690864,High
transport_cost|Isolation Forest|National Freight Partners|2015-11-30 00:00:00|48005,2015-11-30,National Freight Partners,transport_cost,Isolation Forest,64.0,319.85,0.7806482682690864,High
transport_cost|Isolation Forest|National Freight Partners|2015-12-28 00:00:00|48027,2015-12-28,National Freight Partners,transport_cost,Isolation Forest,64.0,316.2,0.7806482682690864,High
transport_cost|Isolation Forest|National Freight Partners|2015-12-18 00:00:00|48029,2015-12-18,National Freight Partners,transport_cost,Isolation Forest,64.0,320.91,0.7806482682690864,High
transport_cost|Isolation Forest|National Freight Partners|2016-03-24 00:00:00|48042,2016-03-24,National Freight Partners,transport_cost,Isolation Forest,64.0,314.08,0.7806482682690864,High
transport_cost|Isolation Forest|National Freight Partners|2016-10-29 00:00:00|146854,2016-10-29,National Freight Partners,transport_cost,Isolation Forest,64.0,315.23,0.7806482682690864,High
transport_cost|Isolation Forest|National Freight Partners|2016-01-30 00:00:00|44370,2016-01-30,National Freight Partners,transport_cost,Isolation Forest,64.0,320.42,0.7806482682690864,High
transport_cost|Isolation Forest|National Freight Partners|2016-08-24 00:00:00|48093,2016-08-24,National Freight Partners,transport_cost,Isolation Forest,64.0,318.14,0.7806482682690864,High
transport_cost|Isolation Forest|National Freight Partners|2017-07-17 00:00:00|54001,2017-07-17,National Freight Partners,transport_cost,Isolation Forest,64.0,317.1,0.7806482682690864,High
transport_cost|Isolation Forest|National Freight Partners|2017-07-15 00:00:00|54021,2017-07-15,National Freight Partners,transport_cost,Isolation Forest,64.0,317.86,0.7806482682690864,High
transport_cost|Isolation Forest|National Freight Partners|2016-03-07 00:00:00|131436,2016-03-07,National Freight Partners,transport_cost,Isolation Forest,64.0,312.6,0.7806482682690864,High
transport_cost|Isolation Forest|National Freight Partners|2016-11-25 00:00:00|44659,2016-11-25,National Freight Partners,transport_cost,Isolation Forest,64.0,319.85,0.7806482682690864,High
transport_cost|Isolation Forest|National Freight Partners|2015-02-21 00:00:00|29109,2015-02-21,National Freight Partners,transport_cost,Isolation Forest,64.0,317.69,0.7806482682690864,High
transport_cost|Isolation Forest|National Freight Partners|2015-09-26 00:00:00|44881,2015-09-26,National Freight Partners,transport_cost,Isolation Forest,64.0,313.71,0.7806482682690864,High
transport_cost|Isolation Forest|National Freight Partners|2016-04-27 00:00:00|44643,2016-04-27,National Freight Partners,transport_cost,Isolation Forest,64.0,320.36,0.7806482682690864,High
transport_cost|Isolation Forest|National Freight Partners|2015-02-01 00:00:00|157395,2015-02-01,National Freight Partners,transport_cost,Isolation Forest,64.0,320.9,0.7806482682690864,High
transport_cost|Isolation Forest|National Freight Partners|2015-01-17 00:00:00|157400,2015-01-17,National Freight Partners,transport_cost,Isolation Forest,64.0,319.13,0.7806482682690864,High
transport_cost|Isolation Forest|National Freight Partners|2016-03-23 00:00:00|124984,2016-03-23,National Freight Partners,transport_cost,Isolation Forest,64.0,310.96,0.7806482682690864,High
transport_cost|Isolation Forest|National Freight Partners|2017-03-01 00:00:00|141828,2017-03-01,National Freight Partners,transport_cost,Isolation Forest,64.0,312.1,0.7806482682690864,High
transport_cost|Isolation Forest|National Freight Partners|2017-12-01 00:00:00|124955,2017-12-01,National Freight Partners,transport_cost,Isolation Forest,64.0,312.32,0.7806482682690864,High
transport_cost|Isolation Forest|National Freight Partners|2016-08-24 00:00:00|44546,2016-08-24,National Freight Partners,transport_cost,Isolation Forest,64.0,319.51,0.7806482682690864,High
transport_cost|Isolation Forest|National Freight Partners|2017-03-12 00:00:00|62953,2017-03-12,National Freight Partners,transport_cost,Isolation Forest,64.0,312.37,0.7806482682690864,High
transport_cost|Isolation Forest|National Freight Partners|2016-11-22 00:00:00|157471,2016-11-22,National Freight Partners,transport_cost,Isolation Forest,64.0,315.48,0.7806482682690864,High
transport_cost|Isolation Forest|National Freight Partners|2017-01-13 00:00:00|44556,2017-01-13,National Freight Partners,transport_cost,Isolation Forest,64.0,314.53,0.7806482682690864,High
transport_cost|Isolation Forest|National Freight Partners|2017-06-22 00:00:00|157483,2017-06-22,National Freight Partners,transport_cost,Isolation Forest,64.0,313.89,0.7806482682690864,High
transport_cost|Isolation Forest|National Freight Partners|2016-10-29 00:00:00|62977,2016-10-29,National Freight Partners,transport_cost,Isolation Forest,64.0,316.75,0.7806482682690864,High
transport_cost|Isolation Forest|National Freight Partners|2017-07-27 00:00:00|165733,2017-07-27,National Freight Partners,transport_cost,Isolation Forest,64.0,313.94,0.7806482682690864,High
transport_cost|Isolation Forest|National Freight Partners|2015-07-03 00:00:00|63895,2015-07-03,National Freight Partners,transport_cost,Isolation Forest,64.0,317.87,0.7806482682690864,High
transport_cost|Isolation Forest|National Freight Partners|2017-12-11 00:00:00|165791,2017-12-11,National Freight Partners,transport_cost,Isolation Forest,64.0,314.28,0.7806482682690864,High
transport_cost|Isolation Forest|National Freight Partners|2015-07-01 00:00:00|59482,2015-07-01,National Freight Partners,transport_cost,Isolation Forest,64.0,311.66,0.7806482682690864,High
transport_cost|Isolation Forest|National Freight Partners|2016-02-28 00:00:00|157351,2016-02-28,National Freight Partners,transport_cost,Isolation Forest,64.0,310.9,0.7806482682690864,High
transport_cost|Isolation Forest|National Freight Partners|2017-01-02 00:00:00|33071,2017-01-02,National Freight Partners,transport_cost,Isolation Forest,64.0,313.62,0.7806482682690864,High
transport_cost|Isolation Forest|National Freight Partners|2017-11-03 00:00:00|59446,2017-11-03,National Freight Partners,transport_cost,Isolation Forest,64.0,316.36,0.7806482682690864,High
transport_cost|Isolation Forest|National Freight Partners|2016-10-06 00:00:00|157263,2016-10-06,National Freight Partners,transport_cost,Isolation Forest,64.0,311.75,0.7806482682690864,High
transport_cost|Isolation Forest|National Freight Partners|2016-01-14 00:00:00|157287,2016-01-14,National Freight Partners,transport_cost,Isolation Forest,64.0,313.45,0.7806482682690864,High
transport_cost|Isolation Forest|National Freight Partners|2017-06-03 00:00:00|54695,2017-06-03,National Freight Partners,transport_cost,Isolation Forest,64.0,314.58,0.7806482682690864,High
transport_cost|Isolation Forest|National Freight Partners|2016-04-10 00:00:00|130822,2016-04-10,National Freight Partners,transport_cost,Isolation Forest,64.0,320.11,0.7806482682690864,High
transport_cost|Isolation Forest|National Freight Partners|2016-07-16 00:00:00|157300,2016-07-16,National Freight Partners,transport_cost,Isolation Forest,64.0,311.03,0.7806482682690864,High
transport_cost|Isolation Forest|National Freight Partners|2017-05-03 00:00:00|55172,2017-05-03,National Freight Partners,transport_cost,Isolation Forest,64.0,315.29,0.7806482682690864,High
transport_cost|Isolation Forest|National Freight Partners|2015-03-26 00:00:00|125143,2015-03-26,National Freight Partners,transport_cost,Isolation Forest,64.0,315.19,0.7806482682690864,High
transport_cost|Isolation Forest|National Freight Partners|2016-10-31 00:00:00|29358,2016-10-31,National Freight Partners,transport_cost,Isolation Forest,64.0,320.94,0.7806482682690864,High
transport_cost|Isolation Forest|National Freight Partners|2017-03-21 00:00:00|55871,2017-03-21,National Freight Partners,transport_cost,Isolation Forest,64.0,319.23,0.7806482682690864,High
transport_cost|Isolation Forest|National Freight Partners|2016-11-22 00:00:00|29332,2016-11-22,National Freight Partners,transport_cost,Isolation Forest,64.0,315.76,0.7806482682690864,High
transport_cost|Isolation Forest|National Freight Partners|2016-06-15 00:00:00|29281,2016-06-15,National Freight Partners,transport_cost,Isolation Forest,64.0,316.39,0.7806482682690864,High
transport_cost|Isolation Forest|National Freight Partners|2016-03-23 00:00:00|29274,2016-03-23,National Freight Partners,transport_cost,Isolation Forest,64.0,310.69,0.7806482682690864,High
transport_cost|Isolation Forest|National Freight Partners|2015-10-18 00:00:00|125054,2015-10-18,National Freight Partners,transport_cost,Isolation Forest,64.0,318.6,0.7806482682690864,High
transport_cost|Isolation Forest|National Freight Partners|2017-11-16 00:00:00|44424,2017-11-16,National Freight Partners,transport_cost,Isolation Forest,64.0,321.15,0.7806482682690864,High
transport_cost|Isolation Forest|National Freight Partners|2015-04-24 00:00:00|141841,2015-04-24,National Freight Partners,transport_cost,Isolation Forest,64.0,313.48,0.7806482682690864,High
transport_cost|Isolation Forest|National Freight Partners|2016-10-05 00:00:00|125029,2016-10-05,National Freight Partners,transport_cost,Isolation Forest,64.0,315.35,0.7806482682690864,High
transport_cost|Isolation Forest|National Freight Partners|2017-12-15 00:00:00|29174,2017-12-15,National Freight Partners,transport_cost,Isolation Forest,64.0,321.23,0.7806482682690864,High
transport_cost|Isolation Forest|National Freight Partners|2016-10-09 00:00:00|4096,2016-10-09,National Freight Partners,transport_cost,Isolation Forest,64.0,319.12,0.7806482682690864,High
transport_cost|Isolation Forest|National Freight Partners|2015-02-09 00:00:00|44600,2015-02-09,National Freight Partners,transport_cost,Isolation Forest,64.0,314.98,0.7806482682690864,High
transport_cost|Isolation Forest|National Freight Partners|2015-05-15 00:00:00|178216,2015-05-15,National Freight Partners,transport_cost,Isolation Forest,64.0,312.2,0.7806482682690864,High
transport_cost|Isolation Forest|National Freight Partners|2016-12-29 00:00:00|188,2016-12-29,National Freight Partners,transport_cost,Isolation Forest,64.0,317.83,0.7806482682690864,High
transport_cost|Isolation Forest|National Freight Partners|2016-08-05 00:00:00|97446,2016-08-05,National Freight Partners,transport_cost,Isolation Forest,64.0,313.83,0.7806482682690864,High
transport_cost|Isolation Forest|National Freight Partners|2016-07-16 00:00:00|97344,2016-07-16,National Freight Partners,transport_cost,Isolation Forest,64.0,311.07,0.7806482682690864,High
transport_cost|Isolation Forest|National Freight Partners|2016-10-21 00:00:00|177044,2016-10-21,National Freight Partners,transport_cost,Isolation Forest,64.0,314.22,0.7806482682690864,High
transport_cost|Isolation Forest|National Freight Partners|2015-01-04 00:00:00|114896,2015-01-04,National Freight Partners,transport_cost,Isolation Forest,64.0,310.62,0.7806482682690864,High
transport_cost|Isolation Forest|National Freight Partners|2017-01-05 00:00:00|111326,2017-01-05,National Freight Partners,transport_cost,Isolation Forest,64.0,319.03,0.7806482682690864,High
transport_cost|Isolation Forest|National Freight Partners|2016-12-21 00:00:00|111616,2016-12-21,National Freight Partners,transport_cost,Isolation Forest,64.0,314.8,0.7806482682690864,High
transport_cost|Isolation Forest|National Freight Partners|2016-06-02 00:00:00|100782,2016-06-02,National Freight Partners,transport_cost,Isolation Forest,64.0,316.25,0.7806482682690864,High
transport_cost|Isolation Forest|National Freight Partners|2016-11-17 00:00:00|112272,2016-11-17,National Freight Partners,transport_cost,Isolation Forest,64.0,319.83,0.7806482682690864,High
transport_cost|Isolation Forest|National Freight Partners|2016-03-29 00:00:00|97405,2016-03-29,National Freight Partners,transport_cost,Isolation Forest,64.0,318.91,0.7806482682690864,High
transport_cost|Isolation Forest|National Freight Partners|2017-08-17 00:00:00|177076,2017-08-17,National Freight Partners,transport_cost,Isolation Forest,64.0,320.57,0.7806482682690864,High
transport_cost|Isolation Forest|National Freight Partners|2015-09-15 00:00:00|103447,2015-09-15,National Freight Partners,transport_cost,Isolation Forest,64.0,318.29,0.7806482682690864,High
transport_cost|Isolation Forest|National Freight Partners|2016-04-18 00:00:00|101664,2016-04-18,National Freight Partners,transport_cost,Isolation Forest,64.0,313.49,0.7806482682690864,High
transport_cost|Isolation Forest|National Freight Partners|2015-10-23 00:00:00|102864,2015-10-23,National Freight Partners,transport_cost,Isolation Forest,64.0,311.02,0.7806482682690864,High
transport_cost|Isolation Forest|National Freight Partners|2016-09-28 00:00:00|117206,2016-09-28,National Freight Partners,transport_cost,Isolation Forest,64.0,312.85,0.7806482682690864,High
transport_cost|Isolation Forest|National Freight Partners|2017-06-20 00:00:00|105213,2017-06-20,National Freight Partners,transport_cost,Isolation Forest,64.0,315.04,0.7806482682690864,High
transport_cost|Isolation Forest|National Freight Partners|2016-05-13 00:00:00|101178,2016-05-13,National Freight Partners,transport_cost,Isolation Forest,64.0,318.11,0.7806482682690864,High
transport_cost|Isolation Forest|National Freight Partners|2015-05-25 00:00:00|97272,2015-05-25,National Freight Partners,transport_cost,Isolation Forest,64.0,316.68,0.7806482682690864,High
transport_cost|Isolation Forest|National Freight Partners|2016-06-05 00:00:00|2819,2016-06-05,National Freight Partners,transport_cost,Isolation Forest,64.0,311.56,0.7806482682690864,High
transport_cost|Isolation Forest|National Freight Partners|2015-08-12 00:00:00|117216,2015-08-12,National Freight Partners,transport_cost,Isolation Forest,64.0,318.23,0.7806482682690864,High
transport_cost|Isolation Forest|National Freight Partners|2017-08-18 00:00:00|115787,2017-08-18,National Freight Partners,transport_cost,Isolation Forest,64.0,312.85,0.7806482682690864,High
transport_cost|Isolation Forest|National Freight Partners|2016-04-28 00:00:00|101465,2016-04-28,National Freight Partners,transport_cost,Isolation Forest,64.0,310.61,0.7806482682690864,High
transport_cost|Isolation Forest|National Freight Partners|2017-05-15 00:00:00|97261,2017-05-15,National Freight Partners,transport_cost,Isolation Forest,64.0,316.35,0.7806482682690864,High
transport_cost|Isolation Forest|National Freight Partners|2016-11-17 00:00:00|112273,2016-11-17,National Freight Partners,transport_cost,Isolation Forest,64.0,320.37,0.7806482682690864,High
transport_cost|Isolation Forest|National Freight Partners|2017-07-08 00:00:00|104856,2017-07-08,National Freight Partners,transport_cost,Isolation Forest,64.0,312.67,0.7806482682690864,High
transport_cost|Isolation Forest|National Freight Partners|2017-03-03 00:00:00|107281,2017-03-03,National Freight Partners,transport_cost,Isolation Forest,64.0,319.03,0.7806482682690864,High
transport_cost|Isolation Forest|National Freight Partners|2017-03-10 00:00:00|107177,2017-03-10,National Freight Partners,transport_cost,Isolation Forest,64.0,320.78,0.7806482682690864,High
transport_cost|Isolation Forest|National Freight Partners|2016-08-23 00:00:00|44865,2016-08-23,National Freight Partners,transport_cost,Isolation Forest,64.0,310.08,0.7801202709719055,High
transport_cost|Isolation Forest|National Freight Partners|2016-02-16 00:00:00|71715,2016-02-16,National Freight Partners,transport_cost,Isolation Forest,64.0,306.68,0.7801202709719055,High
transport_cost|Isolation Forest|National Freight Partners|2015-11-28 00:00:00|71603,2015-11-28,National Freight Partners,transport_cost,Isolation Forest,64.0,309.55,0.7801202709719055,High
transport_cost|Isolation Forest|National Freight Partners|2017-09-26 00:00:00|140350,2017-09-26,National Freight Partners,transport_cost,Isolation Forest,64.0,310.11,0.7801202709719055,High
transport_cost|Isolation Forest|National Freight Partners|2015-05-29 00:00:00|71540,2015-05-29,National Freight Partners,transport_cost,Isolation Forest,64.0,306.83,0.7801202709719055,High
transport_cost|Isolation Forest|National Freight Partners|2017-02-23 00:00:00|139047,2017-02-23,National Freight Partners,transport_cost,Isolation Forest,64.0,310.33,0.7801202709719055,High
transport_cost|Isolation Forest|National Freight Partners|2015-03-18 00:00:00|113519,2015-03-18,National Freight Partners,transport_cost,Isolation Forest,64.0,308.14,0.7801202709719055,High
transport_cost|Isolation Forest|National Freight Partners|2017-04-13 00:00:00|55520,2017-04-13,National Freight Partners,transport_cost,Isolation Forest,64.0,309.52,0.7801202709719055,High
transport_cost|Isolation Forest|National Freight Partners|2016-05-30 00:00:00|152340,2016-05-30,National Freight Partners,transport_cost,Isolation Forest,64.0,307.51,0.7801202709719055,High
transport_cost|Isolation Forest|National Freight Partners|2016-07-23 00:00:00|2802,2016-07-23,National Freight Partners,transport_cost,Isolation Forest,64.0,309.9,0.7801202709719055,High
transport_cost|Isolation Forest|National Freight Partners|2015-11-17 00:00:00|176797,2015-11-17,National Freight Partners,transport_cost,Isolation Forest,64.0,309.53,0.7801202709719055,High
transport_cost|Isolation Forest|National Freight Partners|2016-02-11 00:00:00|131944,2016-02-11,National Freight Partners,transport_cost,Isolation Forest,64.0,307.56,0.7801202709719055,High
transport_cost|Isolation Forest|National Freight Partners|2016-10-23 00:00:00|146948,2016-10-23,National Freight Partners,transport_cost,Isolation Forest,64.0,307.53,0.7801202709719055,High
transport_cost|Isolation Forest|National Freight Partners|2015-12-16 00:00:00|117644,2015-12-16,National Freight Partners,transport_cost,Isolation Forest,64.0,306.69,0.7801202709719055,High
transport_cost|Isolation Forest|National Freight Partners|2017-05-07 00:00:00|16238,2017-05-07,National Freight Partners,transport_cost,Isolation Forest,64.0,309.24,0.7801202709719055,High
transport_cost|Isolation Forest|National Freight Partners|2017-02-18 00:00:00|16166,2017-02-18,National Freight Partners,transport_cost,Isolation Forest,64.0,310.54,0.7801202709719055,High
transport_cost|Isolation Forest|National Freight Partners|2015-11-28 00:00:00|71767,2015-11-28,National Freight Partners,transport_cost,Isolation Forest,64.0,308.52,0.7801202709719055,High
transport_cost|Isolation Forest|National Freight Partners|2017-03-06 00:00:00|44309,2017-03-06,National Freight Partners,transport_cost,Isolation Forest,64.0,308.71,0.7801202709719055,High
transport_cost|Isolation Forest|National Freight Partners|2017-02-03 00:00:00|16135,2017-02-03,National Freight Partners,transport_cost,Isolation Forest,64.0,308.04,0.7801202709719055,High
transport_cost|Isolation Forest|National Freight Partners|2015-12-06 00:00:00|71667,2015-12-06,National Freight Partners,transport_cost,Isolation Forest,64.0,307.63,0.7801202709719055,High
transport_cost|Isolation Forest|National Freight Partners|2016-06-21 00:00:00|125007,2016-06-21,National Freight Partners,transport_cost,Isolation Forest,64.0,307.93,0.7801202709719055,High
transport_cost|Isolation Forest|National Freight Partners|2015-08-29 00:00:00|143866,2015-08-29,National Freight Partners,transport_cost,Isolation Forest,64.0,307.49,0.7801202709719055,High
transport_cost|Isolation Forest|National Freight Partners|2015-12-18 00:00:00|48135,2015-12-18,National Freight Partners,transport_cost,Isolation Forest,64.0,307.69,0.7801202709719055,High
transport_cost|Isolation Forest|National Freight Partners|2015-01-12 00:00:00|36341,2015-01-12,National Freight Partners,transport_cost,Isolation Forest,64.0,308.75,0.7801202709719055,High
transport_cost|Isolation Forest|National Freight Partners|2015-02-15 00:00:00|172816,2015-02-15,National Freight Partners,transport_cost,Isolation Forest,64.0,306.93,0.7801202709719055,High
transport_cost|Isolation Forest|National Freight Partners|2017-05-30 00:00:00|54768,2017-05-30,National Freight Partners,transport_cost,Isolation Forest,64.0,310.07,0.7801202709719055,High
transport_cost|Isolation Forest|National Freight Partners|2016-02-29 00:00:00|172810,2016-02-29,National Freight Partners,transport_cost,Isolation Forest,64.0,307.69,0.7801202709719055,High
transport_cost|Isolation Forest|National Freight Partners|2017-03-14 00:00:00|29105,2017-03-14,National Freight Partners,transport_cost,Isolation Forest,64.0,310.25,0.7801202709719055,High
transport_cost|Isolation Forest|National Freight Partners|2016-02-21 00:00:00|179878,2016-02-21,National Freight Partners,transport_cost,Isolation Forest,64.0,306.72,0.7801202709719055,High
transport_cost|Isolation Forest|National Freight Partners|2016-01-05 00:00:00|157353,2016-01-05,National Freight Partners,transport_cost,Isolation Forest,64.0,310.4,0.7801202709719055,High
transport_cost|Isolation Forest|National Freight Partners|2015-11-04 00:00:00|142557,2015-11-04,National Freight Partners,transport_cost,Isolation Forest,64.0,310.09,0.7801202709719055,High
transport_cost|Isolation Forest|National Freight Partners|2015-12-16 00:00:00|71720,2015-12-16,National Freight Partners,transport_cost,Isolation Forest,64.0,308.5,0.7801202709719055,High
transport_cost|Isolation Forest|National Freight Partners|2016-02-28 00:00:00|20069,2016-02-28,National Freight Partners,transport_cost,Isolation Forest,64.0,310.55,0.7801202709719055,High
transport_cost|Isolation Forest|National Freight Partners|2015-03-28 00:00:00|69208,2015-03-28,National Freight Partners,transport_cost,Isolation Forest,64.0,308.91,0.7801202709719055,High
transport_cost|Isolation Forest|National Freight Partners|2015-01-09 00:00:00|97401,2015-01-09,National Freight Partners,transport_cost,Isolation Forest,64.0,307.77,0.7801202709719055,High
transport_cost|Isolation Forest|National Freight Partners|2016-07-06 00:00:00|151689,2016-07-06,National Freight Partners,transport_cost,Isolation Forest,64.0,307.74,0.7801202709719055,High
transport_cost|Isolation Forest|National Freight Partners|2015-08-30 00:00:00|19941,2015-08-30,National Freight Partners,transport_cost,Isolation Forest,64.0,308.57,0.7801202709719055,High
transport_cost|Isolation Forest|National Freight Partners|2015-07-01 00:00:00|48274,2015-07-01,National Freight Partners,transport_cost,Isolation Forest,64.0,308.32,0.7801202709719055,High
transport_cost|Isolation Forest|National Freight Partners|2016-09-27 00:00:00|113312,2016-09-27,National Freight Partners,transport_cost,Isolation Forest,64.0,307.97,0.7801202709719055,High
transport_cost|Isolation Forest|National Freight Partners|2016-03-25 00:00:00|80320,2016-03-25,National Freight Partners,transport_cost,Isolation Forest,64.0,310.44,0.7801202709719055,High
transport_cost|Isolation Forest|National Freight Partners|2017-08-21 00:00:00|125016,2017-08-21,National Freight Partners,transport_cost,Isolation Forest,64.0,309.88,0.7801202709719055,High
transport_cost|Isolation Forest|National Freight Partners|2017-07-19 00:00:00|53965,2017-07-19,National Freight Partners,transport_cost,Isolation Forest,64.0,309.68,0.7801202709719055,High
transport_cost|Isolation Forest|National Freight Partners|2018-01-15 00:00:00|31,2018-01-15,National Freight Partners,transport_cost,Isolation Forest,64.0,309.01,0.7801202709719055,High
transport_cost|Isolation Forest|National Freight Partners|2015-07-17 00:00:00|122178,2015-07-17,National Freight Partners,transport_cost,Isolation Forest,64.0,307.21,0.7801202709719055,High
transport_cost|Isolation Forest|National Freight Partners|2015-11-26 00:00:00|176816,2015-11-26,National Freight Partners,transport_cost,Isolation Forest,64.0,306.63,0.7801202709719055,High
transport_cost|Isolation Forest|National Freight Partners|2016-12-21 00:00:00|44684,2016-12-21,National Freight Partners,transport_cost,Isolation Forest,64.0,307.17,0.7801202709719055,High
transport_cost|Isolation Forest|National Freight Partners|2016-10-29 00:00:00|4066,2016-10-29,National Freight Partners,transport_cost,Isolation Forest,64.0,309.07,0.7801202709719055,High
transport_cost|Isolation Forest|National Freight Partners|2016-10-23 00:00:00|4030,2016-10-23,National Freight Partners,transport_cost,Isolation Forest,64.0,308.33,0.7801202709719055,High
transport_cost|Isolation Forest|National Freight Partners|2016-08-13 00:00:00|44649,2016-08-13,National Freight Partners,transport_cost,Isolation Forest,64.0,308.67,0.7801202709719055,High
transport_cost|Isolation Forest|National Freight Partners|2017-05-30 00:00:00|125062,2017-05-30,National Freight Partners,transport_cost,Isolation Forest,64.0,305.99,0.7795926307896472,High
transport_cost|Isolation Forest|National Freight Partners|2015-12-12 00:00:00|29140,2015-12-12,National Freight Partners,transport_cost,Isolation Forest,64.0,306.39,0.7795926307896472,High
transport_cost|Isolation Forest|National Freight Partners|2015-05-13 00:00:00|44358,2015-05-13,National Freight Partners,transport_cost,Isolation Forest,64.0,306.54,0.7795926307896472,High
transport_cost|Isolation Forest|National Freight Partners|2016-12-21 00:00:00|44400,2016-12-21,National Freight Partners,transport_cost,Isolation Forest,64.0,305.82,0.7795926307896472,High
transport_cost|Isolation Forest|National Freight Partners|2015-02-21 00:00:00|44308,2015-02-21,National Freight Partners,transport_cost,Isolation Forest,64.0,305.8,0.7795926307896472,High
transport_cost|Isolation Forest|National Freight Partners|2015-08-15 00:00:00|44705,2015-08-15,National Freight Partners,transport_cost,Isolation Forest,64.0,306.01,0.7795926307896472,High
transport_cost|Isolation Forest|National Freight Partners|2015-07-10 00:00:00|48217,2015-07-10,National Freight Partners,transport_cost,Isolation Forest,64.0,306.39,0.7795926307896472,High
transport_cost|Isolation Forest|National Freight Partners|2015-04-13 00:00:00|44305,2015-04-13,National Freight Partners,transport_cost,Isolation Forest,64.0,305.99,0.7795926307896472,High
transport_cost|Isolation Forest|National Freight Partners|2016-09-01 00:00:00|99126,2016-09-01,National Freight Partners,transport_cost,Isolation Forest,64.0,306.42,0.7795926307896472,High
transport_cost|Isolation Forest|National Freight Partners|2015-02-28 00:00:00|63907,2015-02-28,National Freight Partners,transport_cost,Isolation Forest,64.0,306.53,0.7795926307896472,High
transport_cost|Isolation Forest|National Freight Partners|2015-03-25 00:00:00|18085,2015-03-25,National Freight Partners,transport_cost,Isolation Forest,64.0,305.88,0.7795926307896472,High
transport_cost|Isolation Forest|National Freight Partners|2017-09-16 00:00:00|47887,2017-09-16,National Freight Partners,transport_cost,Isolation Forest,64.0,305.94,0.7795926307896472,High
transport_cost|Isolation Forest|National Freight Partners|2017-02-05 00:00:00|19991,2017-02-05,National Freight Partners,transport_cost,Isolation Forest,64.0,306.2,0.7795926307896472,High
transport_cost|Isolation Forest|National Freight Partners|2017-02-27 00:00:00|71752,2017-02-27,National Freight Partners,transport_cost,Isolation Forest,64.0,306.52,0.7795926307896472,High
transport_cost|Isolation Forest|National Freight Partners|2015-10-08 00:00:00|157332,2015-10-08,National Freight Partners,transport_cost,Isolation Forest,64.0,306.03,0.7795926307896472,High
transport_cost|Isolation Forest|National Freight Partners|2016-03-13 00:00:00|16213,2016-03-13,National Freight Partners,transport_cost,Isolation Forest,64.0,302.14,0.7774856363815418,High
transport_cost|Isolation Forest|National Freight Partners|2016-09-19 00:00:00|122235,2016-09-19,National Freight Partners,transport_cost,Isolation Forest,64.0,301.44,0.7774856363815418,High
transport_cost|Isolation Forest|National Freight Partners|2015-01-22 00:00:00|20037,2015-01-22,National Freight Partners,transport_cost,Isolation Forest,64.0,301.4,0.7774856363815418,High
transport_cost|Isolation Forest|National Freight Partners|2016-12-29 00:00:00|29063,2016-12-29,National Freight Partners,transport_cost,Isolation Forest,64.0,301.64,0.7774856363815418,High
transport_cost|Isolation Forest|National Freight Partners|2016-10-30 00:00:00|112610,2016-10-30,National Freight Partners,transport_cost,Isolation Forest,64.0,302.03,0.7774856363815418,High
transport_cost|Isolation Forest|National Freight Partners|2016-08-11 00:00:00|150930,2016-08-11,National Freight Partners,transport_cost,Isolation Forest,64.0,301.48,0.7774856363815418,High
transport_cost|Isolation Forest|National Freight Partners|2015-06-21 00:00:00|61280,2015-06-21,National Freight Partners,transport_cost,Isolation Forest,64.0,302.36,0.7774856363815418,High
transport_cost|Isolation Forest|National Freight Partners|2015-10-26 00:00:00|117652,2015-10-26,National Freight Partners,transport_cost,Isolation Forest,64.0,302.11,0.7774856363815418,High
transport_cost|Isolation Forest|National Freight Partners|2017-11-02 00:00:00|19915,2017-11-02,National Freight Partners,transport_cost,Isolation Forest,64.0,301.5,0.7774856363815418,High
transport_cost|Isolation Forest|National Freight Partners|2015-01-19 00:00:00|114607,2015-01-19,National Freight Partners,transport_cost,Isolation Forest,64.0,301.79,0.7774856363815418,High
transport_cost|Isolation Forest|National Freight Partners|2017-05-31 00:00:00|69154,2017-05-31,National Freight Partners,transport_cost,Isolation Forest,64.0,301.45,0.7774856363815418,High
transport_cost|Isolation Forest|National Freight Partners|2016-07-24 00:00:00|151378,2016-07-24,National Freight Partners,transport_cost,Isolation Forest,64.0,301.55,0.7774856363815418,High
transport_cost|Isolation Forest|National Freight Partners|2016-01-29 00:00:00|36440,2016-01-29,National Freight Partners,transport_cost,Isolation Forest,64.0,301.71,0.7774856363815418,High
transport_cost|Isolation Forest|National Freight Partners|2015-08-29 00:00:00|19968,2015-08-29,National Freight Partners,transport_cost,Isolation Forest,64.0,302.25,0.7774856363815418,High
transport_cost|Isolation Forest|National Freight Partners|2017-07-23 00:00:00|53894,2017-07-23,National Freight Partners,transport_cost,Isolation Forest,64.0,302.49,0.7774856363815418,High
transport_cost|Isolation Forest|National Freight Partners|2017-08-08 00:00:00|115980,2017-08-08,National Freight Partners,transport_cost,Isolation Forest,64.0,301.58,0.7774856363815418,High
transport_cost|Isolation Forest|National Freight Partners|2015-06-17 00:00:00|54,2015-06-17,National Freight Partners,transport_cost,Isolation Forest,64.0,302.75,0.7774856363815418,High
transport_cost|Isolation Forest|National Freight Partners|2016-11-20 00:00:00|48099,2016-11-20,National Freight Partners,transport_cost,Isolation Forest,64.0,301.88,0.7774856363815418,High
transport_cost|Isolation Forest|National Freight Partners|2015-12-17 00:00:00|133054,2015-12-17,National Freight Partners,transport_cost,Isolation Forest,64.0,302.8,0.7774856363815418,High
transport_cost|Isolation Forest|National Freight Partners|2016-10-05 00:00:00|74418,2016-10-05,National Freight Partners,transport_cost,Isolation Forest,64.0,301.45,0.7774856363815418,High
transport_cost|Isolation Forest|National Freight Partners|2015-07-27 00:00:00|144419,2015-07-27,National Freight Partners,transport_cost,Isolation Forest,64.0,301.94,0.7774856363815418,High
transport_cost|Isolation Forest|National Freight Partners|2016-08-22 00:00:00|157355,2016-08-22,National Freight Partners,transport_cost,Isolation Forest,64.0,302.15,0.7774856363815418,High
transport_cost|Isolation Forest|National Freight Partners|2015-04-25 00:00:00|169114,2015-04-25,National Freight Partners,transport_cost,Isolation Forest,64.0,302.7,0.7774856363815418,High
transport_cost|Isolation Forest|National Freight Partners|2015-07-24 00:00:00|18034,2015-07-24,National Freight Partners,transport_cost,Isolation Forest,64.0,304.56,0.7769597781541013,High
transport_cost|Isolation Forest|National Freight Partners|2015-10-31 00:00:00|172757,2015-10-31,National Freight Partners,transport_cost,Isolation Forest,64.0,304.64,0.7769597781541013,High
transport_cost|Isolation Forest|National Freight Partners|2017-01-17 00:00:00|157441,2017-01-17,National Freight Partners,transport_cost,Isolation Forest,64.0,302.96,0.7769597781541013,High
transport_cost|Isolation Forest|National Freight Partners|2015-07-16 00:00:00|165731,2015-07-16,National Freight Partners,transport_cost,Isolation Forest,64.0,304.77,0.7769597781541013,High
transport_cost|Isolation Forest|National Freight Partners|2016-02-04 00:00:00|172754,2016-02-04,National Freight Partners,transport_cost,Isolation Forest,64.0,305.65,0.7769597781541013,High
transport_cost|Isolation Forest|National Freight Partners|2017-07-04 00:00:00|157196,2017-07-04,National Freight Partners,transport_cost,Isolation Forest,64.0,302.98,0.7769597781541013,High
transport_cost|Isolation Forest|National Freight Partners|2017-09-10 00:00:00|115405,2017-09-10,National Freight Partners,transport_cost,Isolation Forest,64.0,300.58,0.7769597781541013,High
transport_cost|Isolation Forest|National Freight Partners|2015-07-26 00:00:00|144437,2015-07-26,National Freight Partners,transport_cost,Isolation Forest,64.0,305.21,0.7769597781541013,High
transport_cost|Isolation Forest|National Freight Partners|2015-07-26 00:00:00|144434,2015-07-26,National Freight Partners,transport_cost,Isolation Forest,64.0,303.96,0.7769597781541013,High
transport_cost|Isolation Forest|National Freight Partners|2015-01-28 00:00:00|157244,2015-01-28,National Freight Partners,transport_cost,Isolation Forest,64.0,303.43,0.7769597781541013,High
transport_cost|Isolation Forest|National Freight Partners|2017-07-27 00:00:00|16236,2017-07-27,National Freight Partners,transport_cost,Isolation Forest,64.0,304.85,0.7769597781541013,High
transport_cost|Isolation Forest|National Freight Partners|2015-03-13 00:00:00|63924,2015-03-13,National Freight Partners,transport_cost,Isolation Forest,64.0,300.75,0.7769597781541013,High
transport_cost|Isolation Forest|National Freight Partners|2016-02-08 00:00:00|117705,2016-02-08,National Freight Partners,transport_cost,Isolation Forest,64.0,301.03,0.7769597781541013,High
transport_cost|Isolation Forest|National Freight Partners|2016-08-16 00:00:00|99414,2016-08-16,National Freight Partners,transport_cost,Isolation Forest,64.0,303.12,0.7769597781541013,High
transport_cost|Isolation Forest|National Freight Partners|2018-01-07 00:00:00|47995,2018-01-07,National Freight Partners,transport_cost,Isolation Forest,64.0,300.46,0.7769597781541013,High
transport_cost|Isolation Forest|National Freight Partners|2016-09-10 00:00:00|122278,2016-09-10,National Freight Partners,transport_cost,Isolation Forest,64.0,301.13,0.7769597781541013,High
transport_cost|Isolation Forest|National Freight Partners|2015-03-22 00:00:00|122327,2015-03-22,National Freight Partners,transport_cost,Isolation Forest,64.0,305.62,0.7769597781541013,High
transport_cost|Isolation Forest|National Freight Partners|2016-09-21 00:00:00|17932,2016-09-21,National Freight Partners,transport_cost,Isolation Forest,64.0,301.11,0.7769597781541013,High
transport_cost|Isolation Forest|National Freight Partners|2017-09-01 00:00:00|115528,2017-09-01,National Freight Partners,transport_cost,Isolation Forest,64.0,305.25,0.7769597781541013,High
transport_cost|Isolation Forest|National Freight Partners|2016-01-09 00:00:00|20094,2016-01-09,National Freight Partners,transport_cost,Isolation Forest,64.0,305.11,0.7769597781541013,High
transport_cost|Isolation Forest|National Freight Partners|2016-07-23 00:00:00|18003,2016-07-23,National Freight Partners,transport_cost,Isolation Forest,64.0,303.78,0.7769597781541013,High
transport_cost|Isolation Forest|National Freight Partners|2016-03-28 00:00:00|169087,2016-03-28,National Freight Partners,transport_cost,Isolation Forest,64.0,305.28,0.7769597781541013,High
transport_cost|Isolation Forest|National Freight Partners|2016-02-28 00:00:00|131591,2016-02-28,National Freight Partners,transport_cost,Isolation Forest,64.0,301.3,0.7769597781541013,High
transport_cost|Isolation Forest|National Freight Partners|2015-05-15 00:00:00|117682,2015-05-15,National Freight Partners,transport_cost,Isolation Forest,64.0,303.68,0.7769597781541013,High
transport_cost|Isolation Forest|National Freight Partners|2017-04-04 00:00:00|106650,2017-04-04,National Freight Partners,transport_cost,Isolation Forest,64.0,300.27,0.7769597781541013,High
transport_cost|Isolation Forest|National Freight Partners|2017-04-03 00:00:00|44271,2017-04-03,National Freight Partners,transport_cost,Isolation Forest,64.0,303.25,0.7769597781541013,High
transport_cost|Isolation Forest|National Freight Partners|2016-10-06 00:00:00|124949,2016-10-06,National Freight Partners,transport_cost,Isolation Forest,64.0,304.51,0.7769597781541013,High
transport_cost|Isolation Forest|National Freight Partners|2015-04-16 00:00:00|178762,2015-04-16,National Freight Partners,transport_cost,Isolation Forest,64.0,305.45,0.7769597781541013,High
transport_cost|Isolation Forest|National Freight Partners|2016-12-19 00:00:00|157256,2016-12-19,National Freight Partners,transport_cost,Isolation Forest,64.0,300.25,0.7769597781541013,High
transport_cost|Isolation Forest|National Freight Partners|2016-12-09 00:00:00|157469,2016-12-09,National Freight Partners,transport_cost,Isolation Forest,64.0,304.14,0.7769597781541013,High
transport_cost|Isolation Forest|National Freight Partners|2015-06-09 00:00:00|122203,2015-06-09,National Freight Partners,transport_cost,Isolation Forest,64.0,300.3,0.7769597781541013,High
transport_cost|Isolation Forest|National Freight Partners|2016-01-29 00:00:00|71761,2016-01-29,National Freight Partners,transport_cost,Isolation Forest,64.0,300.57,0.7769597781541013,High
transport_cost|Isolation Forest|National Freight Partners|2015-12-19 00:00:00|133010,2015-12-19,National Freight Partners,transport_cost,Isolation Forest,64.0,304.31,0.7769597781541013,High
transport_cost|Isolation Forest|National Freight Partners|2016-10-06 00:00:00|125026,2016-10-06,National Freight Partners,transport_cost,Isolation Forest,64.0,304.35,0.7769597781541013,High
transport_cost|Isolation Forest|National Freight Partners|2016-01-15 00:00:00|44382,2016-01-15,National Freight Partners,transport_cost,Isolation Forest,64.0,300.63,0.7769597781541013,High
transport_cost|Isolation Forest|National Freight Partners|2017-01-15 00:00:00|176886,2017-01-15,National Freight Partners,transport_cost,Isolation Forest,64.0,305.31,0.7769597781541013,High
transport_cost|Isolation Forest|National Freight Partners|2016-07-06 00:00:00|29187,2016-07-06,National Freight Partners,transport_cost,Isolation Forest,64.0,304.34,0.7769597781541013,High
transport_cost|Isolation Forest|National Freight Partners|2017-03-25 00:00:00|16046,2017-03-25,National Freight Partners,transport_cost,Isolation Forest,64.0,300.5,0.7769597781541013,High
transport_cost|Isolation Forest|National Freight Partners|2015-08-20 00:00:00|150915,2015-08-20,National Freight Partners,transport_cost,Isolation Forest,64.0,305.71,0.7769597781541013,High
transport_cost|Isolation Forest|National Freight Partners|2015-02-15 00:00:00|36360,2015-02-15,National Freight Partners,transport_cost,Isolation Forest,64.0,300.12,0.7769597781541013,High
transport_cost|Isolation Forest|National Freight Partners|2015-07-21 00:00:00|125013,2015-07-21,National Freight Partners,transport_cost,Isolation Forest,64.0,301.36,0.7769597781541013,High
transport_cost|Isolation Forest|National Freight Partners|2017-03-10 00:00:00|3023,2017-03-10,National Freight Partners,transport_cost,Isolation Forest,64.0,305.25,0.7769597781541013,High
transport_cost|Isolation Forest|National Freight Partners|2015-01-29 00:00:00|50747,2015-01-29,National Freight Partners,transport_cost,Isolation Forest,64.0,304.78,0.7769597781541013,High
transport_cost|Isolation Forest|National Freight Partners|2016-02-21 00:00:00|80792,2016-02-21,National Freight Partners,transport_cost,Isolation Forest,64.0,304.06,0.7769597781541013,High
transport_cost|Isolation Forest|National Freight Partners|2015-08-12 00:00:00|44679,2015-08-12,National Freight Partners,transport_cost,Isolation Forest,64.0,305.47,0.7769597781541013,High
transport_cost|Isolation Forest|National Freight Partners|2015-12-19 00:00:00|141845,2015-12-19,National Freight Partners,transport_cost,Isolation Forest,64.0,304.91,0.7769597781541013,High
transport_cost|Isolation Forest|National Freight Partners|2016-04-13 00:00:00|97411,2016-04-13,National Freight Partners,transport_cost,Isolation Forest,64.0,300.14,0.7769597781541013,High
transport_cost|Isolation Forest|National Freight Partners|2015-04-07 00:00:00|48241,2015-04-07,National Freight Partners,transport_cost,Isolation Forest,64.0,305.58,0.7769597781541013,High
transport_cost|Isolation Forest|National Freight Partners|2015-01-27 00:00:00|125141,2015-01-27,National Freight Partners,transport_cost,Isolation Forest,64.0,305.5,0.7769597781541013,High
transport_cost|Isolation Forest|National Freight Partners|2015-05-12 00:00:00|11320,2015-05-12,National Freight Partners,transport_cost,Isolation Forest,64.0,300.48,0.7769597781541013,High
transport_cost|Isolation Forest|National Freight Partners|2015-06-22 00:00:00|2945,2015-06-22,National Freight Partners,transport_cost,Isolation Forest,64.0,303.38,0.7769597781541013,High
transport_cost|Isolation Forest|National Freight Partners|2017-01-29 00:00:00|44709,2017-01-29,National Freight Partners,transport_cost,Isolation Forest,64.0,300.28,0.7769597781541013,High
transport_cost|Isolation Forest|National Freight Partners|2015-02-14 00:00:00|29126,2015-02-14,National Freight Partners,transport_cost,Isolation Forest,64.0,303.85,0.7769597781541013,High
transport_cost|Isolation Forest|National Freight Partners|2016-01-27 00:00:00|44428,2016-01-27,National Freight Partners,transport_cost,Isolation Forest,64.0,300.93,0.7769597781541013,High
transport_cost|Isolation Forest|National Freight Partners|2017-07-18 00:00:00|136594,2017-07-18,National Freight Partners,transport_cost,Isolation Forest,64.0,303.64,0.7769597781541013,High
transport_cost|Isolation Forest|National Freight Partners|2016-08-29 00:00:00|117210,2016-08-29,National Freight Partners,transport_cost,Isolation Forest,64.0,300.13,0.7769597781541013,High
transport_cost|Isolation Forest|National Freight Partners|2015-03-27 00:00:00|104617,2015-03-27,National Freight Partners,transport_cost,Isolation Forest,64.0,302.97,0.7769597781541013,High
transport_cost|Isolation Forest|National Freight Partners|2016-03-25 00:00:00|117638,2016-03-25,National Freight Partners,transport_cost,Isolation Forest,64.0,303.56,0.7769597781541013,High
transport_cost|Isolation Forest|National Freight Partners|2016-12-16 00:00:00|117208,2016-12-16,National Freight Partners,transport_cost,Isolation Forest,64.0,300.23,0.7769597781541013,High
transport_cost|Isolation Forest|National Freight Partners|2015-03-18 00:00:00|44811,2015-03-18,National Freight Partners,transport_cost,Isolation Forest,64.0,305.38,0.7769597781541013,High
transport_cost|Isolation Forest|National Freight Partners|2016-02-21 00:00:00|29275,2016-02-21,National Freight Partners,transport_cost,Isolation Forest,64.0,303.04,0.7769597781541013,High
transport_cost|Isolation Forest|National Freight Partners|2017-11-13 00:00:00|4056,2017-11-13,National Freight Partners,transport_cost,Isolation Forest,64.0,305.35,0.7769597781541013,High
transport_cost|Isolation Forest|National Freight Partners|2015-06-25 00:00:00|61209,2015-06-25,National Freight Partners,transport_cost,Isolation Forest,64.0,301.06,0.7769597781541013,High
transport_cost|Isolation Forest|National Freight Partners|2016-10-10 00:00:00|117199,2016-10-10,National Freight Partners,transport_cost,Isolation Forest,64.0,304.68,0.7769597781541013,High
transport_cost|Isolation Forest|National Freight Partners|2017-07-14 00:00:00|51248,2017-07-14,National Freight Partners,transport_cost,Isolation Forest,64.0,301.1,0.7769597781541013,High
transport_cost|Isolation Forest|National Freight Partners|2016-07-16 00:00:00|44644,2016-07-16,National Freight Partners,transport_cost,Isolation Forest,64.0,304.43,0.7769597781541013,High
transport_cost|Isolation Forest|National Freight Partners|2016-08-24 00:00:00|48091,2016-08-24,National Freight Partners,transport_cost,Isolation Forest,64.0,305.65,0.7769597781541013,High
transport_cost|Isolation Forest|National Freight Partners|2017-09-04 00:00:00|53241,2017-09-04,National Freight Partners,transport_cost,Isolation Forest,64.0,299.27,0.7764342755948077,High
transport_cost|Isolation Forest|National Freight Partners|2017-10-10 00:00:00|17926,2017-10-10,National Freight Partners,transport_cost,Isolation Forest,64.0,299.09,0.7764342755948077,High
transport_cost|Isolation Forest|National Freight Partners|2016-11-14 00:00:00|146570,2016-11-14,National Freight Partners,transport_cost,Isolation Forest,64.0,299.72,0.7764342755948077,High
transport_cost|Isolation Forest|National Freight Partners|2017-09-04 00:00:00|47910,2017-09-04,National Freight Partners,transport_cost,Isolation Forest,64.0,299.95,0.7764342755948077,High
transport_cost|Isolation Forest|National Freight Partners|2015-08-04 00:00:00|168989,2015-08-04,National Freight Partners,transport_cost,Isolation Forest,64.0,299.14,0.7764342755948077,High
transport_cost|Isolation Forest|National Freight Partners|2015-09-11 00:00:00|11340,2015-09-11,National Freight Partners,transport_cost,Isolation Forest,64.0,300.0,0.7764342755948077,High
transport_cost|Isolation Forest|National Freight Partners|2016-01-07 00:00:00|81454,2016-01-07,National Freight Partners,transport_cost,Isolation Forest,64.0,299.81,0.7764342755948077,High
transport_cost|Isolation Forest|National Freight Partners|2016-06-25 00:00:00|71625,2016-06-25,National Freight Partners,transport_cost,Isolation Forest,64.0,299.24,0.7764342755948077,High
transport_cost|Isolation Forest|National Freight Partners|2017-09-26 00:00:00|36270,2017-09-26,National Freight Partners,transport_cost,Isolation Forest,64.0,299.06,0.7764342755948077,High
transport_cost|Isolation Forest|National Freight Partners|2017-04-10 00:00:00|44266,2017-04-10,National Freight Partners,transport_cost,Isolation Forest,64.0,299.14,0.7764342755948077,High
transport_cost|Isolation Forest|National Freight Partners|2017-07-13 00:00:00|36211,2017-07-13,National Freight Partners,transport_cost,Isolation Forest,64.0,299.48,0.7764342755948077,High
transport_cost|Isolation Forest|National Freight Partners|2017-08-14 00:00:00|157473,2017-08-14,National Freight Partners,transport_cost,Isolation Forest,64.0,299.11,0.7764342755948077,High
transport_cost|Isolation Forest|National Freight Partners|2016-05-13 00:00:00|101184,2016-05-13,National Freight Partners,transport_cost,Isolation Forest,64.0,299.5,0.7764342755948077,High
transport_cost|Isolation Forest|National Freight Partners|2016-08-18 00:00:00|99372,2016-08-18,National Freight Partners,transport_cost,Isolation Forest,64.0,299.93,0.7764342755948077,High
transport_cost|Isolation Forest|National Freight Partners|2017-06-26 00:00:00|177066,2017-06-26,National Freight Partners,transport_cost,Isolation Forest,64.0,299.08,0.7764342755948077,High
transport_cost|Isolation Forest|National Freight Partners|2016-09-07 00:00:00|117732,2016-09-07,National Freight Partners,transport_cost,Isolation Forest,64.0,298.21,0.7759091284631018,High
transport_cost|Isolation Forest|National Freight Partners|2017-09-24 00:00:00|141782,2017-09-24,National Freight Partners,transport_cost,Isolation Forest,64.0,298.08,0.7759091284631018,High
transport_cost|Isolation Forest|National Freight Partners|2016-07-07 00:00:00|20125,2016-07-07,National Freight Partners,transport_cost,Isolation Forest,64.0,297.89,0.7759091284631018,High
transport_cost|Isolation Forest|National Freight Partners|2016-08-22 00:00:00|4105,2016-08-22,National Freight Partners,transport_cost,Isolation Forest,64.0,297.81,0.7759091284631018,High
transport_cost|Isolation Forest|National Freight Partners|2016-04-26 00:00:00|125122,2016-04-26,National Freight Partners,transport_cost,Isolation Forest,64.0,297.6,0.7759091284631018,High
transport_cost|Isolation Forest|National Freight Partners|2017-08-14 00:00:00|44179,2017-08-14,National Freight Partners,transport_cost,Isolation Forest,64.0,298.59,0.7759091284631018,High
transport_cost|Isolation Forest|National Freight Partners|2015-03-19 00:00:00|176964,2015-03-19,National Freight Partners,transport_cost,Isolation Forest,64.0,297.86,0.7759091284631018,High
transport_cost|Isolation Forest|National Freight Partners|2016-10-15 00:00:00|150924,2016-10-15,National Freight Partners,transport_cost,Isolation Forest,64.0,297.54,0.7759091284631018,High
transport_cost|Isolation Forest|National Freight Partners|2017-06-22 00:00:00|48290,2017-06-22,National Freight Partners,transport_cost,Isolation Forest,64.0,298.73,0.7759091284631018,High
transport_cost|Isolation Forest|National Freight Partners|2015-10-06 00:00:00|141803,2015-10-06,National Freight Partners,transport_cost,Isolation Forest,64.0,298.18,0.7759091284631018,High
transport_cost|Isolation Forest|National Freight Partners|2016-07-23 00:00:00|99848,2016-07-23,National Freight Partners,transport_cost,Isolation Forest,64.0,298.72,0.7759091284631018,High
transport_cost|Isolation Forest|National Freight Partners|2015-02-21 00:00:00|169010,2015-02-21,National Freight Partners,transport_cost,Isolation Forest,64.0,298.0,0.7759091284631018,High
transport_cost|Isolation Forest|National Freight Partners|2016-01-23 00:00:00|29147,2016-01-23,National Freight Partners,transport_cost,Isolation Forest,64.0,297.24,0.7759091284631018,High
transport_cost|Isolation Forest|National Freight Partners|2017-08-28 00:00:00|77794,2017-08-28,National Freight Partners,transport_cost,Isolation Forest,64.0,298.17,0.7759091284631018,High
transport_cost|Isolation Forest|National Freight Partners|2017-04-21 00:00:00|138113,2017-04-21,National Freight Partners,transport_cost,Isolation Forest,64.0,297.68,0.7759091284631018,High
transport_cost|Isolation Forest|National Freight Partners|2015-10-22 00:00:00|157185,2015-10-22,National Freight Partners,transport_cost,Isolation Forest,64.0,297.35,0.7759091284631018,High
transport_cost|Isolation Forest|National Freight Partners|2016-02-02 00:00:00|132113,2016-02-02,National Freight Partners,transport_cost,Isolation Forest,64.0,297.19,0.7759091284631018,High
transport_cost|Isolation Forest|National Freight Partners|2016-10-06 00:00:00|74409,2016-10-06,National Freight Partners,transport_cost,Isolation Forest,64.0,298.95,0.7759091284631018,High
transport_cost|Isolation Forest|National Freight Partners|2017-03-28 00:00:00|176731,2017-03-28,National Freight Partners,transport_cost,Isolation Forest,64.0,298.58,0.7759091284631018,High
transport_cost|Isolation Forest|National Freight Partners|2015-12-18 00:00:00|133046,2015-12-18,National Freight Partners,transport_cost,Isolation Forest,64.0,297.44,0.7759091284631018,High
transport_cost|Isolation Forest|National Freight Partners|2016-07-13 00:00:00|117490,2016-07-13,National Freight Partners,transport_cost,Isolation Forest,64.0,299.01,0.7759091284631018,High
transport_cost|Isolation Forest|National Freight Partners|2017-09-01 00:00:00|77702,2017-09-01,National Freight Partners,transport_cost,Isolation Forest,64.0,298.95,0.7759091284631018,High
transport_cost|Isolation Forest|National Freight Partners|2015-03-02 00:00:00|113802,2015-03-02,National Freight Partners,transport_cost,Isolation Forest,64.0,298.04,0.7759091284631018,High
transport_cost|Isolation Forest|National Freight Partners|2016-03-09 00:00:00|117437,2016-03-09,National Freight Partners,transport_cost,Isolation Forest,64.0,297.26,0.7759091284631018,High
transport_cost|Isolation Forest|National Freight Partners|2017-12-18 00:00:00|165775,2017-12-18,National Freight Partners,transport_cost,Isolation Forest,64.0,297.18,0.7759091284631018,High
transport_cost|Isolation Forest|National Freight Partners|2016-06-06 00:00:00|71733,2016-06-06,National Freight Partners,transport_cost,Isolation Forest,64.0,298.68,0.7759091284631018,High
transport_cost|Isolation Forest|Regional Express Co.|2015-09-03 00:00:00|48164,2015-09-03,Regional Express Co.,transport_cost,Isolation Forest,64.0,294.52,0.7753843365185877,High
transport_cost|Isolation Forest|Regional Express Co.|2016-05-26 00:00:00|71775,2016-05-26,Regional Express Co.,transport_cost,Isolation Forest,64.0,294.54,0.7753843365185877,High
transport_cost|Isolation Forest|National Freight Partners|2015-07-28 00:00:00|69144,2015-07-28,National Freight Partners,transport_cost,Isolation Forest,64.0,294.48,0.7753843365185877,High
transport_cost|Isolation Forest|Regional Express Co.|2017-07-18 00:00:00|172813,2017-07-18,Regional Express Co.,transport_cost,Isolation Forest,64.0,294.87,0.7753843365185877,High
transport_cost|Isolation Forest|National Freight Partners|2017-04-09 00:00:00|20044,2017-04-09,National Freight Partners,transport_cost,Isolation Forest,64.0,294.58,0.7753843365185877,High
transport_cost|Isolation Forest|Regional Express Co.|2016-03-02 00:00:00|131548,2016-03-02,Regional Express Co.,transport_cost,Isolation Forest,64.0,294.48,0.7753843365185877,High
transport_cost|Isolation Forest|National Freight Partners|2017-02-22 00:00:00|125063,2017-02-22,National Freight Partners,transport_cost,Isolation Forest,64.0,294.6,0.7753843365185877,High
transport_cost|Isolation Forest|National Freight Partners|2016-11-09 00:00:00|73863,2016-11-09,National Freight Partners,transport_cost,Isolation Forest,64.0,294.57,0.7753843365185877,High
transport_cost|Isolation Forest|Regional Express Co.|2016-12-09 00:00:00|111846,2016-12-09,Regional Express Co.,transport_cost,Isolation Forest,64.0,294.8,0.7753843365185877,High
transport_cost|Isolation Forest|National Freight Partners|2016-06-25 00:00:00|141870,2016-06-25,National Freight Partners,transport_cost,Isolation Forest,64.0,294.48,0.7753843365185877,High
transport_cost|Isolation Forest|National Freight Partners|2016-02-04 00:00:00|71590,2016-02-04,National Freight Partners,transport_cost,Isolation Forest,64.0,294.86,0.7753843365185877,High
transport_cost|Isolation Forest|Regional Express Co.|2015-11-28 00:00:00|63016,2015-11-28,Regional Express Co.,transport_cost,Isolation Forest,64.0,294.68,0.7753843365185877,High
transport_cost|Isolation Forest|National Freight Partners|2015-07-26 00:00:00|140372,2015-07-26,National Freight Partners,transport_cost,Isolation Forest,64.0,294.64,0.7753843365185877,High
transport_cost|Isolation Forest|National Freight Partners|2016-12-29 00:00:00|36390,2016-12-29,National Freight Partners,transport_cost,Isolation Forest,64.0,294.55,0.7753843365185877,High
transport_cost|Isolation Forest|Regional Express Co.|2016-11-22 00:00:00|150880,2016-11-22,Regional Express Co.,transport_cost,Isolation Forest,64.0,294.69,0.7753843365185877,High
inventory_change|Isolation Forest|Ras Al Khaimah Distribution Center|2018-08-07 00:00:00|1311,2018-08-07,Ras Al Khaimah Distribution Center,inventory_change,Isolation Forest,0.0,-14.0,0.7752251835716105,High
transport_cost|Isolation Forest|Regional Express Co.|2016-08-05 00:00:00|151190,2016-08-05,Regional Express Co.,transport_cost,Isolation Forest,64.0,295.19,0.774859899521032,High
transport_cost|Isolation Forest|National Freight Partners|2016-06-09 00:00:00|48151,2016-06-09,National Freight Partners,transport_cost,Isolation Forest,64.0,296.71,0.774859899521032,High
transport_cost|Isolation Forest|National Freight Partners|2017-07-25 00:00:00|27399,2017-07-25,National Freight Partners,transport_cost,Isolation Forest,64.0,295.98,0.774859899521032,High
transport_cost|Isolation Forest|Regional Express Co.|2017-03-28 00:00:00|122330,2017-03-28,Regional Express Co.,transport_cost,Isolation Forest,64.0,294.97,0.774859899521032,High
transport_cost|Isolation Forest|National Freight Partners|2017-05-30 00:00:00|137439,2017-05-30,National Freight Partners,transport_cost,Isolation Forest,64.0,296.3,0.774859899521032,High
transport_cost|Isolation Forest|National Freight Partners|2015-11-15 00:00:00|157406,2015-11-15,National Freight Partners,transport_cost,Isolation Forest,64.0,296.06,0.774859899521032,High
transport_cost|Isolation Forest|Regional Express Co.|2015-08-15 00:00:00|32560,2015-08-15,Regional Express Co.,transport_cost,Isolation Forest,64.0,296.02,0.774859899521032,High
transport_cost|Isolation Forest|National Freight Partners|2017-09-10 00:00:00|150816,2017-09-10,National Freight Partners,transport_cost,Isolation Forest,64.0,295.21,0.774859899521032,High
transport_cost|Isolation Forest|Regional Express Co.|2016-03-29 00:00:00|157274,2016-03-29,Regional Express Co.,transport_cost,Isolation Forest,64.0,295.83,0.774859899521032,High
transport_cost|Isolation Forest|National Freight Partners|2017-08-07 00:00:00|53732,2017-08-07,National Freight Partners,transport_cost,Isolation Forest,64.0,295.66,0.774859899521032,High
transport_cost|Isolation Forest|Regional Express Co.|2016-05-22 00:00:00|101003,2016-05-22,Regional Express Co.,transport_cost,Isolation Forest,64.0,295.74,0.774859899521032,High
transport_cost|Isolation Forest|National Freight Partners|2016-07-23 00:00:00|151395,2016-07-23,National Freight Partners,transport_cost,Isolation Forest,64.0,296.44,0.774859899521032,High
transport_cost|Isolation Forest|National Freight Partners|2016-03-24 00:00:00|131132,2016-03-24,National Freight Partners,transport_cost,Isolation Forest,64.0,295.44,0.774859899521032,High
transport_cost|Isolation Forest|National Freight Partners|2017-07-08 00:00:00|104866,2017-07-08,National Freight Partners,transport_cost,Isolation Forest,64.0,296.15,0.774859899521032,High
transport_cost|Isolation Forest|National Freight Partners|2017-01-08 00:00:00|111281,2017-01-08,National Freight Partners,transport_cost,Isolation Forest,64.0,295.73,0.774859899521032,High
transport_cost|Isolation Forest|Regional Express Co.|2015-10-28 00:00:00|20107,2015-10-28,Regional Express Co.,transport_cost,Isolation Forest,64.0,296.13,0.774859899521032,High
transport_cost|Isolation Forest|National Freight Partners|2015-11-03 00:00:00|29172,2015-11-03,National Freight Partners,transport_cost,Isolation Forest,64.0,296.29,0.774859899521032,High
transport_cost|Isolation Forest|Regional Express Co.|2017-08-02 00:00:00|59442,2017-08-02,Regional Express Co.,transport_cost,Isolation Forest,64.0,295.82,0.774859899521032,High
transport_cost|Isolation Forest|National Freight Partners|2015-08-30 00:00:00|165813,2015-08-30,National Freight Partners,transport_cost,Isolation Forest,64.0,296.62,0.774859899521032,High
transport_cost|Isolation Forest|National Freight Partners|2017-06-12 00:00:00|39270,2017-06-12,National Freight Partners,transport_cost,Isolation Forest,64.0,296.82,0.774859899521032,High
transport_cost|Isolation Forest|National Freight Partners|2017-03-09 00:00:00|165824,2017-03-09,National Freight Partners,transport_cost,Isolation Forest,64.0,295.28,0.774859899521032,High
transport_cost|Isolation Forest|National Freight Partners|2016-07-08 00:00:00|100141,2016-07-08,National Freight Partners,transport_cost,Isolation Forest,64.0,295.79,0.774859899521032,High
transport_cost|Isolation Forest|Regional Express Co.|2017-04-04 00:00:00|31699,2017-04-04,Regional Express Co.,transport_cost,Isolation Forest,64.0,294.96,0.774859899521032,High
transport_cost|Isolation Forest|National Freight Partners|2016-06-02 00:00:00|63963,2016-06-02,National Freight Partners,transport_cost,Isolation Forest,64.0,294.41,0.774859899521032,High
transport_cost|Isolation Forest|Regional Express Co.|2016-06-02 00:00:00|125085,2016-06-02,Regional Express Co.,transport_cost,Isolation Forest,64.0,295.16,0.774859899521032,High
transport_cost|Isolation Forest|National Freight Partners|2015-08-04 00:00:00|29215,2015-08-04,National Freight Partners,transport_cost,Isolation Forest,64.0,295.55,0.774859899521032,High
transport_cost|Isolation Forest|Regional Express Co.|2015-05-02 00:00:00|165858,2015-05-02,Regional Express Co.,transport_cost,Isolation Forest,64.0,295.45,0.774859899521032,High
transport_cost|Isolation Forest|Regional Express Co.|2015-01-28 00:00:00|157233,2015-01-28,Regional Express Co.,transport_cost,Isolation Forest,64.0,295.71,0.774859899521032,High
transport_cost|Isolation Forest|National Freight Partners|2016-08-21 00:00:00|48065,2016-08-21,National Freight Partners,transport_cost,Isolation Forest,64.0,296.96,0.774859899521032,High
transport_cost|Isolation Forest|Regional Express Co.|2015-03-23 00:00:00|29352,2015-03-23,Regional Express Co.,transport_cost,Isolation Forest,64.0,295.17,0.774859899521032,High
transport_cost|Isolation Forest|National Freight Partners|2016-03-27 00:00:00|150875,2016-03-27,National Freight Partners,transport_cost,Isolation Forest,64.0,296.14,0.774859899521032,High
transport_cost|Isolation Forest|Regional Express Co.|2015-05-13 00:00:00|124936,2015-05-13,Regional Express Co.,transport_cost,Isolation Forest,64.0,295.48,0.774859899521032,High
transport_cost|Isolation Forest|Regional Express Co.|2016-03-23 00:00:00|131152,2016-03-23,Regional Express Co.,transport_cost,Isolation Forest,64.0,295.91,0.774859899521032,High
transport_cost|Isolation Forest|National Freight Partners|2017-03-10 00:00:00|56050,2017-03-10,National Freight Partners,transport_cost,Isolation Forest,64.0,296.76,0.774859899521032,High
transport_cost|Isolation Forest|National Freight Partners|2015-03-28 00:00:00|69159,2015-03-28,National Freight Partners,transport_cost,Isolation Forest,64.0,296.99,0.774859899521032,High
transport_cost|Isolation Forest|Regional Express Co.|2015-08-30 00:00:00|117516,2015-08-30,Regional Express Co.,transport_cost,Isolation Forest,64.0,295.94,0.774859899521032,High
transport_cost|Isolation Forest|Regional Express Co.|2017-09-03 00:00:00|17936,2017-09-03,Regional Express Co.,transport_cost,Isolation Forest,64.0,294.46,0.774859899521032,High
transport_cost|Isolation Forest|National Freight Partners|2016-09-17 00:00:00|74695,2016-09-17,National Freight Partners,transport_cost,Isolation Forest,64.0,296.93,0.774859899521032,High
transport_cost|Isolation Forest|National Freight Partners|2017-04-30 00:00:00|48231,2017-04-30,National Freight Partners,transport_cost,Isolation Forest,64.0,295.1,0.774859899521032,High
transport_cost|Isolation Forest|Regional Express Co.|2015-07-16 00:00:00|144631,2015-07-16,Regional Express Co.,transport_cost,Isolation Forest,64.0,295.67,0.774859899521032,High
transport_cost|Isolation Forest|National Freight Partners|2015-09-28 00:00:00|44171,2015-09-28,National Freight Partners,transport_cost,Isolation Forest,64.0,295.4,0.774859899521032,High
transport_cost|Isolation Forest|National Freight Partners|2017-10-21 00:00:00|97238,2017-10-21,National Freight Partners,transport_cost,Isolation Forest,64.0,295.14,0.774859899521032,High
transport_cost|Isolation Forest|National Freight Partners|2016-10-04 00:00:00|113147,2016-10-04,National Freight Partners,transport_cost,Isolation Forest,64.0,296.34,0.774859899521032,High
transport_cost|Isolation Forest|National Freight Partners|2015-06-11 00:00:00|44185,2015-06-11,National Freight Partners,transport_cost,Isolation Forest,64.0,295.6,0.774859899521032,High
transport_cost|Isolation Forest|National Freight Partners|2017-09-23 00:00:00|37,2017-09-23,National Freight Partners,transport_cost,Isolation Forest,64.0,295.3,0.774859899521032,High
transport_cost|Isolation Forest|Regional Express Co.|2016-02-16 00:00:00|131830,2016-02-16,Regional Express Co.,transport_cost,Isolation Forest,64.0,296.12,0.774859899521032,High
transport_cost|Isolation Forest|Regional Express Co.|2017-04-20 00:00:00|48228,2017-04-20,Regional Express Co.,transport_cost,Isolation Forest,64.0,296.11,0.774859899521032,High
transport_cost|Isolation Forest|Regional Express Co.|2015-10-06 00:00:00|143106,2015-10-06,Regional Express Co.,transport_cost,Isolation Forest,64.0,295.11,0.774859899521032,High
transport_cost|Isolation Forest|National Freight Partners|2016-02-21 00:00:00|179874,2016-02-21,National Freight Partners,transport_cost,Isolation Forest,64.0,294.99,0.774859899521032,High
transport_cost|Isolation Forest|Regional Express Co.|2015-09-24 00:00:00|143335,2015-09-24,Regional Express Co.,transport_cost,Isolation Forest,64.0,296.18,0.774859899521032,High
transport_cost|Isolation Forest|National Freight Partners|2015-08-15 00:00:00|44217,2015-08-15,National Freight Partners,transport_cost,Isolation Forest,64.0,296.5,0.774859899521032,High
transport_cost|Isolation Forest|National Freight Partners|2015-12-03 00:00:00|71805,2015-12-03,National Freight Partners,transport_cost,Isolation Forest,64.0,296.1,0.774859899521032,High
transport_cost|Isolation Forest|Regional Express Co.|2017-04-11 00:00:00|97257,2017-04-11,Regional Express Co.,transport_cost,Isolation Forest,64.0,296.35,0.774859899521032,High
transport_cost|Isolation Forest|National Freight Partners|2016-01-05 00:00:00|132660,2016-01-05,National Freight Partners,transport_cost,Isolation Forest,64.0,297.13,0.774859899521032,High
transport_cost|Isolation Forest|National Freight Partners|2017-02-23 00:00:00|39190,2017-02-23,National Freight Partners,transport_cost,Isolation Forest,64.0,295.68,0.774859899521032,High
transport_cost|Isolation Forest|National Freight Partners|2015-02-25 00:00:00|39198,2015-02-25,National Freight Partners,transport_cost,Isolation Forest,64.0,296.72,0.774859899521032,High
transport_cost|Isolation Forest|National Freight Partners|2016-05-30 00:00:00|16152,2016-05-30,National Freight Partners,transport_cost,Isolation Forest,64.0,296.49,0.774859899521032,High
transport_cost|Isolation Forest|Regional Express Co.|2016-12-11 00:00:00|71736,2016-12-11,Regional Express Co.,transport_cost,Isolation Forest,64.0,296.01,0.774859899521032,High
transport_cost|Isolation Forest|National Freight Partners|2015-05-22 00:00:00|117685,2015-05-22,National Freight Partners,transport_cost,Isolation Forest,64.0,296.43,0.774859899521032,High
transport_cost|Isolation Forest|National Freight Partners|2016-12-17 00:00:00|71611,2016-12-17,National Freight Partners,transport_cost,Isolation Forest,64.0,294.97,0.774859899521032,High
transport_cost|Isolation Forest|Regional Express Co.|2015-06-03 00:00:00|17929,2015-06-03,Regional Express Co.,transport_cost,Isolation Forest,64.0,296.26,0.774859899521032,High
transport_cost|Isolation Forest|National Freight Partners|2017-07-22 00:00:00|177074,2017-07-22,National Freight Partners,transport_cost,Isolation Forest,64.0,295.76,0.774859899521032,High
transport_cost|Isolation Forest|National Freight Partners|2016-03-05 00:00:00|14,2016-03-05,National Freight Partners,transport_cost,Isolation Forest,64.0,296.12,0.774859899521032,High
transport_cost|Isolation Forest|Regional Express Co.|2016-02-29 00:00:00|36369,2016-02-29,Regional Express Co.,transport_cost,Isolation Forest,64.0,295.62,0.774859899521032,High
transport_cost|Isolation Forest|National Freight Partners|2017-01-27 00:00:00|145310,2017-01-27,National Freight Partners,transport_cost,Isolation Forest,64.0,296.47,0.774859899521032,High
transport_cost|Isolation Forest|Regional Express Co.|2015-06-11 00:00:00|44092,2015-06-11,Regional Express Co.,transport_cost,Isolation Forest,64.0,296.38,0.774859899521032,High
transport_cost|Isolation Forest|Regional Express Co.|2016-08-01 00:00:00|36451,2016-08-01,Regional Express Co.,transport_cost,Isolation Forest,64.0,295.71,0.774859899521032,High
transport_cost|Isolation Forest|National Freight Partners|2015-06-24 00:00:00|44102,2015-06-24,National Freight Partners,transport_cost,Isolation Forest,64.0,296.13,0.774859899521032,High
transport_cost|Isolation Forest|Regional Express Co.|2016-10-29 00:00:00|141801,2016-10-29,Regional Express Co.,transport_cost,Isolation Forest,64.0,295.22,0.774859899521032,High
transport_cost|Isolation Forest|National Freight Partners|2015-12-13 00:00:00|4058,2015-12-13,National Freight Partners,transport_cost,Isolation Forest,64.0,296.23,0.774859899521032,High
transport_cost|Isolation Forest|National Freight Partners|2015-08-23 00:00:00|122285,2015-08-23,National Freight Partners,transport_cost,Isolation Forest,64.0,297.13,0.774859899521032,High
transport_cost|Isolation Forest|Regional Express Co.|2015-07-28 00:00:00|44558,2015-07-28,Regional Express Co.,transport_cost,Isolation Forest,64.0,295.78,0.774859899521032,High
transport_cost|Isolation Forest|National Freight Partners|2016-04-11 00:00:00|44504,2016-04-11,National Freight Partners,transport_cost,Isolation Forest,64.0,296.15,0.774859899521032,High
transport_cost|Isolation Forest|National Freight Partners|2017-04-30 00:00:00|47961,2017-04-30,National Freight Partners,transport_cost,Isolation Forest,64.0,296.58,0.774859899521032,High
transport_cost|Isolation Forest|Regional Express Co.|2016-01-20 00:00:00|81263,2016-01-20,Regional Express Co.,transport_cost,Isolation Forest,64.0,295.67,0.774859899521032,High
transport_cost|Isolation Forest|National Freight Partners|2015-10-30 00:00:00|141830,2015-10-30,National Freight Partners,transport_cost,Isolation Forest,64.0,296.3,0.774859899521032,High
transport_cost|Isolation Forest|National Freight Partners|2016-05-13 00:00:00|44491,2016-05-13,National Freight Partners,transport_cost,Isolation Forest,64.0,295.21,0.774859899521032,High
transport_cost|Isolation Forest|National Freight Partners|2017-11-02 00:00:00|140326,2017-11-02,National Freight Partners,transport_cost,Isolation Forest,64.0,296.85,0.774859899521032,High
transport_cost|Isolation Forest|National Freight Partners|2017-02-23 00:00:00|107421,2017-02-23,National Freight Partners,transport_cost,Isolation Forest,64.0,296.82,0.774859899521032,High
transport_cost|Isolation Forest|Regional Express Co.|2016-04-10 00:00:00|80079,2016-04-10,Regional Express Co.,transport_cost,Isolation Forest,64.0,296.12,0.774859899521032,High
transport_cost|Isolation Forest|National Freight Partners|2017-09-26 00:00:00|77246,2017-09-26,National Freight Partners,transport_cost,Isolation Forest,64.0,296.59,0.774859899521032,High
transport_cost|Isolation Forest|National Freight Partners|2017-09-13 00:00:00|157135,2017-09-13,National Freight Partners,transport_cost,Isolation Forest,64.0,295.3,0.774859899521032,High
transport_cost|Isolation Forest|National Freight Partners|2016-04-01 00:00:00|176836,2016-04-01,National Freight Partners,transport_cost,Isolation Forest,64.0,296.27,0.774859899521032,High
transport_cost|Isolation Forest|National Freight Partners|2017-07-04 00:00:00|157195,2017-07-04,National Freight Partners,transport_cost,Isolation Forest,64.0,295.02,0.774859899521032,High
transport_cost|Isolation Forest|Regional Express Co.|2015-04-07 00:00:00|122206,2015-04-07,Regional Express Co.,transport_cost,Isolation Forest,64.0,296.14,0.774859899521032,High
transport_cost|Isolation Forest|Regional Express Co.|2015-07-28 00:00:00|44667,2015-07-28,Regional Express Co.,transport_cost,Isolation Forest,64.0,293.98,0.7743358172303634,High
transport_cost|Isolation Forest|Regional Express Co.|2016-04-15 00:00:00|153084,2016-04-15,Regional Express Co.,transport_cost,Isolation Forest,64.0,293.87,0.7743358172303634,High
transport_cost|Isolation Forest|Regional Express Co.|2017-04-04 00:00:00|117552,2017-04-04,Regional Express Co.,transport_cost,Isolation Forest,64.0,293.92,0.7743358172303634,High
transport_cost|Isolation Forest|Regional Express Co.|2017-08-17 00:00:00|77985,2017-08-17,Regional Express Co.,transport_cost,Isolation Forest,64.0,294.27,0.7743358172303634,High
transport_cost|Isolation Forest|Regional Express Co.|2015-10-10 00:00:00|143035,2015-10-10,Regional Express Co.,transport_cost,Isolation Forest,64.0,294.23,0.7743358172303634,High
transport_cost|Isolation Forest|National Freight Partners|2016-01-22 00:00:00|29359,2016-01-22,National Freight Partners,transport_cost,Isolation Forest,64.0,294.08,0.7743358172303634,High
transport_cost|Isolation Forest|Regional Express Co.|2017-09-13 00:00:00|115319,2017-09-13,Regional Express Co.,transport_cost,Isolation Forest,64.0,294.12,0.7743358172303634,High
transport_cost|Isolation Forest|National Freight Partners|2015-08-04 00:00:00|144262,2015-08-04,National Freight Partners,transport_cost,Isolation Forest,64.0,293.9,0.7743358172303634,High
transport_cost|Isolation Forest|National Freight Partners|2015-04-13 00:00:00|62359,2015-04-13,National Freight Partners,transport_cost,Isolation Forest,64.0,294.07,0.7743358172303634,High
transport_cost|Isolation Forest|Regional Express Co.|2016-08-25 00:00:00|157359,2016-08-25,Regional Express Co.,transport_cost,Isolation Forest,64.0,294.05,0.7743358172303634,High
transport_cost|Isolation Forest|Regional Express Co.|2017-01-25 00:00:00|48293,2017-01-25,Regional Express Co.,transport_cost,Isolation Forest,64.0,293.83,0.7743358172303634,High
transport_cost|Isolation Forest|Regional Express Co.|2015-05-16 00:00:00|61829,2015-05-16,Regional Express Co.,transport_cost,Isolation Forest,64.0,293.98,0.7743358172303634,High
transport_cost|Isolation Forest|National Freight Partners|2017-09-13 00:00:00|53079,2017-09-13,National Freight Partners,transport_cost,Isolation Forest,64.0,294.24,0.7743358172303634,High
transport_cost|Isolation Forest|National Freight Partners|2016-02-21 00:00:00|131727,2016-02-21,National Freight Partners,transport_cost,Isolation Forest,64.0,294.29,0.7743358172303634,High
transport_cost|Isolation Forest|Regional Express Co.|2017-12-01 00:00:00|169032,2017-12-01,Regional Express Co.,transport_cost,Isolation Forest,64.0,293.9,0.7743358172303634,High
transport_cost|Isolation Forest|Regional Express Co.|2018-01-13 00:00:00|17,2018-01-13,Regional Express Co.,transport_cost,Isolation Forest,64.0,293.91,0.7743358172303634,High
transport_cost|Isolation Forest|Regional Express Co.|2015-09-24 00:00:00|44151,2015-09-24,Regional Express Co.,transport_cost,Isolation Forest,64.0,293.97,0.7743358172303634,High
transport_cost|Isolation Forest|National Freight Partners|2016-12-09 00:00:00|146117,2016-12-09,National Freight Partners,transport_cost,Isolation Forest,64.0,293.08,0.7738120894066733,High
transport_cost|Isolation Forest|Regional Express Co.|2016-10-30 00:00:00|117417,2016-10-30,Regional Express Co.,transport_cost,Isolation Forest,64.0,293.46,0.7738120894066733,High
transport_cost|Isolation Forest|Regional Express Co.|2017-11-26 00:00:00|29178,2017-11-26,Regional Express Co.,transport_cost,Isolation Forest,64.0,293.32,0.7738120894066733,High
transport_cost|Isolation Forest|Regional Express Co.|2015-02-09 00:00:00|11367,2015-02-09,Regional Express Co.,transport_cost,Isolation Forest,64.0,293.1,0.7738120894066733,High
transport_cost|Isolation Forest|Regional Express Co.|2015-08-29 00:00:00|122175,2015-08-29,Regional Express Co.,transport_cost,Isolation Forest,64.0,292.85,0.7738120894066733,High
transport_cost|Isolation Forest|National Freight Partners|2015-05-05 00:00:00|16051,2015-05-05,National Freight Partners,transport_cost,Isolation Forest,64.0,292.68,0.7738120894066733,High
transport_cost|Isolation Forest|National Freight Partners|2017-07-08 00:00:00|97214,2017-07-08,National Freight Partners,transport_cost,Isolation Forest,64.0,292.91,0.7738120894066733,High
transport_cost|Isolation Forest|Regional Express Co.|2016-02-29 00:00:00|48257,2016-02-29,Regional Express Co.,transport_cost,Isolation Forest,64.0,292.69,0.7738120894066733,High
transport_cost|Isolation Forest|National Freight Partners|2016-03-30 00:00:00|165829,2016-03-30,National Freight Partners,transport_cost,Isolation Forest,64.0,292.76,0.7738120894066733,High
transport_cost|Isolation Forest|Regional Express Co.|2015-08-14 00:00:00|71466,2015-08-14,Regional Express Co.,transport_cost,Isolation Forest,64.0,293.59,0.7738120894066733,High
transport_cost|Isolation Forest|National Freight Partners|2015-08-19 00:00:00|59485,2015-08-19,National Freight Partners,transport_cost,Isolation Forest,64.0,292.94,0.7738120894066733,High
transport_cost|Isolation Forest|National Freight Partners|2015-08-19 00:00:00|150864,2015-08-19,National Freight Partners,transport_cost,Isolation Forest,64.0,293.52,0.7738120894066733,High
transport_cost|Isolation Forest|Regional Express Co.|2017-08-16 00:00:00|11361,2017-08-16,Regional Express Co.,transport_cost,Isolation Forest,64.0,292.97,0.7738120894066733,High
transport_cost|Isolation Forest|National Freight Partners|2015-11-04 00:00:00|176825,2015-11-04,National Freight Partners,transport_cost,Isolation Forest,64.0,293.31,0.7738120894066733,High
transport_cost|Isolation Forest|Regional Express Co.|2017-07-14 00:00:00|122197,2017-07-14,Regional Express Co.,transport_cost,Isolation Forest,64.0,293.42,0.7738120894066733,High
transport_cost|Isolation Forest|National Freight Partners|2017-06-09 00:00:00|105378,2017-06-09,National Freight Partners,transport_cost,Isolation Forest,64.0,292.84,0.7738120894066733,High
transport_cost|Isolation Forest|Regional Express Co.|2015-09-03 00:00:00|48101,2015-09-03,Regional Express Co.,transport_cost,Isolation Forest,64.0,293.65,0.7738120894066733,High
transport_cost|Isolation Forest|Regional Express Co.|2016-12-16 00:00:00|168964,2016-12-16,Regional Express Co.,transport_cost,Isolation Forest,64.0,293.63,0.7738120894066733,High
transport_cost|Isolation Forest|National Freight Partners|2015-03-27 00:00:00|20045,2015-03-27,National Freight Partners,transport_cost,Isolation Forest,64.0,293.3,0.7738120894066733,High
transport_cost|Isolation Forest|Regional Express Co.|2015-04-25 00:00:00|157334,2015-04-25,Regional Express Co.,transport_cost,Isolation Forest,64.0,293.57,0.7738120894066733,High
transport_cost|Isolation Forest|Regional Express Co.|2017-02-03 00:00:00|145173,2017-02-03,Regional Express Co.,transport_cost,Isolation Forest,64.0,292.89,0.7738120894066733,High
transport_cost|Isolation Forest|Regional Express Co.|2016-10-04 00:00:00|122251,2016-10-04,Regional Express Co.,transport_cost,Isolation Forest,64.0,293.18,0.7738120894066733,High
transport_cost|Isolation Forest|Regional Express Co.|2016-11-04 00:00:00|177049,2016-11-04,Regional Express Co.,transport_cost,Isolation Forest,64.0,293.31,0.7738120894066733,High
transport_cost|Isolation Forest|Regional Express Co.|2016-07-16 00:00:00|125084,2016-07-16,Regional Express Co.,transport_cost,Isolation Forest,64.0,292.78,0.7738120894066733,High
transport_cost|Isolation Forest|National Freight Partners|2015-03-03 00:00:00|117330,2015-03-03,National Freight Partners,transport_cost,Isolation Forest,64.0,293.57,0.7738120894066733,High
transport_cost|Isolation Forest|Regional Express Co.|2017-06-20 00:00:00|157145,2017-06-20,Regional Express Co.,transport_cost,Isolation Forest,64.0,293.11,0.7738120894066733,High
transport_cost|Isolation Forest|National Freight Partners|2017-11-26 00:00:00|4061,2017-11-26,National Freight Partners,transport_cost,Isolation Forest,64.0,292.74,0.7738120894066733,High
transport_cost|Isolation Forest|Regional Express Co.|2015-06-02 00:00:00|117262,2015-06-02,Regional Express Co.,transport_cost,Isolation Forest,64.0,293.06,0.7738120894066733,High
transport_cost|Isolation Forest|Regional Express Co.|2016-03-23 00:00:00|125115,2016-03-23,Regional Express Co.,transport_cost,Isolation Forest,64.0,292.91,0.7738120894066733,High
transport_cost|Isolation Forest|Regional Express Co.|2017-05-18 00:00:00|169170,2017-05-18,Regional Express Co.,transport_cost,Isolation Forest,64.0,293.29,0.7738120894066733,High
transport_cost|Isolation Forest|Regional Express Co.|2015-09-11 00:00:00|47904,2015-09-11,Regional Express Co.,transport_cost,Isolation Forest,64.0,293.25,0.7738120894066733,High
transport_cost|Isolation Forest|Regional Express Co.|2016-03-12 00:00:00|124962,2016-03-12,Regional Express Co.,transport_cost,Isolation Forest,64.0,293.61,0.7738120894066733,High
transport_cost|Isolation Forest|National Freight Partners|2017-06-19 00:00:00|160,2017-06-19,National Freight Partners,transport_cost,Isolation Forest,64.0,293.42,0.7738120894066733,High
transport_cost|Isolation Forest|Regional Express Co.|2016-11-01 00:00:00|18048,2016-11-01,Regional Express Co.,transport_cost,Isolation Forest,64.0,293.55,0.7738120894066733,High
transport_cost|Isolation Forest|Regional Express Co.|2017-05-06 00:00:00|164,2017-05-06,Regional Express Co.,transport_cost,Isolation Forest,64.0,293.17,0.7738120894066733,High
transport_cost|Isolation Forest|Regional Express Co.|2017-07-30 00:00:00|71703,2017-07-30,Regional Express Co.,transport_cost,Isolation Forest,64.0,292.71,0.7738120894066733,High
transport_cost|Isolation Forest|National Freight Partners|2015-04-22 00:00:00|16243,2015-04-22,National Freight Partners,transport_cost,Isolation Forest,64.0,292.91,0.7738120894066733,High
transport_cost|Isolation Forest|Regional Express Co.|2016-10-26 00:00:00|112693,2016-10-26,Regional Express Co.,transport_cost,Isolation Forest,64.0,292.79,0.7738120894066733,High
transport_cost|Isolation Forest|Regional Express Co.|2016-09-05 00:00:00|18060,2016-09-05,Regional Express Co.,transport_cost,Isolation Forest,64.0,292.86,0.7738120894066733,High
transport_cost|Isolation Forest|Regional Express Co.|2016-01-08 00:00:00|44366,2016-01-08,Regional Express Co.,transport_cost,Isolation Forest,64.0,293.56,0.7738120894066733,High
transport_cost|Isolation Forest|National Freight Partners|2017-09-04 00:00:00|115490,2017-09-04,National Freight Partners,transport_cost,Isolation Forest,64.0,293.26,0.7738120894066733,High
transport_cost|Isolation Forest|Regional Express Co.|2015-12-18 00:00:00|141742,2015-12-18,Regional Express Co.,transport_cost,Isolation Forest,64.0,293.4,0.7738120894066733,High
transport_cost|Isolation Forest|National Freight Partners|2015-11-04 00:00:00|97292,2015-11-04,National Freight Partners,transport_cost,Isolation Forest,64.0,292.97,0.7738120894066733,High
transport_cost|Isolation Forest|Regional Express Co.|2015-08-30 00:00:00|29077,2015-08-30,Regional Express Co.,transport_cost,Isolation Forest,64.0,292.74,0.7738120894066733,High
transport_cost|Isolation Forest|National Freight Partners|2015-06-17 00:00:00|177594,2015-06-17,National Freight Partners,transport_cost,Isolation Forest,64.0,291.99,0.7732887158102155,High
transport_cost|Isolation Forest|Regional Express Co.|2017-06-27 00:00:00|52033,2017-06-27,Regional Express Co.,transport_cost,Isolation Forest,64.0,292.65,0.7732887158102155,High
transport_cost|Isolation Forest|Regional Express Co.|2015-08-16 00:00:00|69118,2015-08-16,Regional Express Co.,transport_cost,Isolation Forest,64.0,292.5,0.7732887158102155,High
transport_cost|Isolation Forest|National Freight Partners|2015-10-18 00:00:00|19935,2015-10-18,National Freight Partners,transport_cost,Isolation Forest,64.0,292.47,0.7732887158102155,High
transport_cost|Isolation Forest|National Freight Partners|2018-01-20 00:00:00|124990,2018-01-20,National Freight Partners,transport_cost,Isolation Forest,64.0,291.96,0.7732887158102155,High
transport_cost|Isolation Forest|National Freight Partners|2016-08-21 00:00:00|44858,2016-08-21,National Freight Partners,transport_cost,Isolation Forest,64.0,292.13,0.7732887158102155,High
transport_cost|Isolation Forest|Regional Express Co.|2017-03-06 00:00:00|107238,2017-03-06,Regional Express Co.,transport_cost,Isolation Forest,64.0,291.98,0.7732887158102155,High
transport_cost|Isolation Forest|Regional Express Co.|2016-09-21 00:00:00|172799,2016-09-21,Regional Express Co.,transport_cost,Isolation Forest,64.0,292.05,0.7732887158102155,High
transport_cost|Isolation Forest|Regional Express Co.|2018-01-12 00:00:00|83,2018-01-12,Regional Express Co.,transport_cost,Isolation Forest,64.0,292.56,0.7732887158102155,High
transport_cost|Isolation Forest|Regional Express Co.|2015-08-29 00:00:00|44799,2015-08-29,Regional Express Co.,transport_cost,Isolation Forest,64.0,292.12,0.7732887158102155,High
transport_cost|Isolation Forest|Regional Express Co.|2017-03-12 00:00:00|56018,2017-03-12,Regional Express Co.,transport_cost,Isolation Forest,64.0,292.24,0.7732887158102155,High
transport_cost|Isolation Forest|Regional Express Co.|2015-11-15 00:00:00|157507,2015-11-15,Regional Express Co.,transport_cost,Isolation Forest,64.0,291.97,0.7732887158102155,High
transport_cost|Isolation Forest|National Freight Partners|2017-07-21 00:00:00|71646,2017-07-21,National Freight Partners,transport_cost,Isolation Forest,64.0,292.35,0.7732887158102155,High
transport_cost|Isolation Forest|Regional Express Co.|2015-06-11 00:00:00|165836,2015-06-11,Regional Express Co.,transport_cost,Isolation Forest,64.0,292.02,0.7732887158102155,High
transport_cost|Isolation Forest|Regional Express Co.|2017-02-08 00:00:00|172804,2017-02-08,Regional Express Co.,transport_cost,Isolation Forest,64.0,292.02,0.7732887158102155,High
transport_cost|Isolation Forest|Regional Express Co.|2017-09-16 00:00:00|63897,2017-09-16,Regional Express Co.,transport_cost,Isolation Forest,64.0,292.06,0.7732887158102155,High
transport_cost|Isolation Forest|Regional Express Co.|2016-10-06 00:00:00|29062,2016-10-06,Regional Express Co.,transport_cost,Isolation Forest,64.0,291.97,0.7732887158102155,High
transport_cost|Isolation Forest|Regional Express Co.|2015-07-24 00:00:00|150827,2015-07-24,Regional Express Co.,transport_cost,Isolation Forest,64.0,292.43,0.7732887158102155,High
transport_cost|Isolation Forest|Regional Express Co.|2017-02-23 00:00:00|63904,2017-02-23,Regional Express Co.,transport_cost,Isolation Forest,64.0,292.6,0.7732887158102155,High
transport_cost|Isolation Forest|National Freight Partners|2016-10-23 00:00:00|74145,2016-10-23,National Freight Partners,transport_cost,Isolation Forest,64.0,292.48,0.7732887158102155,High
transport_cost|Isolation Forest|Regional Express Co.|2015-08-12 00:00:00|47901,2015-08-12,Regional Express Co.,transport_cost,Isolation Forest,64.0,291.75,0.7727656962014056,High
transport_cost|Isolation Forest|Regional Express Co.|2016-08-17 00:00:00|99396,2016-08-17,Regional Express Co.,transport_cost,Isolation Forest,64.0,291.84,0.7727656962014056,High
transport_cost|Isolation Forest|National Freight Partners|2017-06-26 00:00:00|97209,2017-06-26,National Freight Partners,transport_cost,Isolation Forest,64.0,291.64,0.7727656962014056,High
transport_cost|Isolation Forest|National Freight Partners|2016-05-06 00:00:00|152744,2016-05-06,National Freight Partners,transport_cost,Isolation Forest,64.0,291.83,0.7727656962014056,High
transport_cost|Isolation Forest|Regional Express Co.|2015-02-13 00:00:00|76436,2015-02-13,Regional Express Co.,transport_cost,Isolation Forest,64.0,291.74,0.7727656962014056,High
transport_cost|Isolation Forest|National Freight Partners|2015-01-16 00:00:00|172806,2015-01-16,National Freight Partners,transport_cost,Isolation Forest,64.0,291.78,0.7727656962014056,High
daily_sales|Isolation Forest|Network|2017-12-24 00:00:00|1088,2017-12-24,Network,daily_sales,Isolation Forest,122569.795,252055.05,0.7727656962014056,High
transport_cost|Isolation Forest|Regional Express Co.|2016-12-22 00:00:00|111590,2016-12-22,Regional Express Co.,transport_cost,Isolation Forest,64.0,291.9,0.7727656962014056,High
transport_cost|Isolation Forest|Regional Express Co.|2017-08-17 00:00:00|77991,2017-08-17,Regional Express Co.,transport_cost,Isolation Forest,64.0,291.94,0.7727656962014056,High
transport_cost|Isolation Forest|Regional Express Co.|2015-02-25 00:00:00|20018,2015-02-25,Regional Express Co.,transport_cost,Isolation Forest,64.0,291.62,0.7727656962014056,High
inventory_change|Isolation Forest|Sharjah Distribution Center|2017-10-03 00:00:00|1005,2017-10-03,Sharjah Distribution Center,inventory_change,Isolation Forest,-35.0,-689.0,0.7718580663279615,High
transport_cost|Isolation Forest|National Freight Partners|2015-08-15 00:00:00|103911,2015-08-15,National Freight Partners,transport_cost,Isolation Forest,64.0,291.4,0.7717207179892026,High
transport_cost|Isolation Forest|National Freight Partners|2015-09-20 00:00:00|103380,2015-09-20,National Freight Partners,transport_cost,Isolation Forest,64.0,291.39,0.7717207179892026,High
transport_cost|Isolation Forest|Regional Express Co.|2015-11-30 00:00:00|33215,2015-11-30,Regional Express Co.,transport_cost,Isolation Forest,64.0,290.79,0.7717207179892026,High
transport_cost|Isolation Forest|Regional Express Co.|2016-05-18 00:00:00|152521,2016-05-18,Regional Express Co.,transport_cost,Isolation Forest,64.0,290.9,0.7717207179892026,High
transport_cost|Isolation Forest|Regional Express Co.|2017-03-27 00:00:00|157202,2017-03-27,Regional Express Co.,transport_cost,Isolation Forest,64.0,290.99,0.7717207179892026,High
transport_cost|Isolation Forest|National Freight Partners|2015-04-10 00:00:00|36415,2015-04-10,National Freight Partners,transport_cost,Isolation Forest,64.0,291.28,0.7717207179892026,High
transport_cost|Isolation Forest|Regional Express Co.|2017-06-20 00:00:00|29339,2017-06-20,Regional Express Co.,transport_cost,Isolation Forest,64.0,291.15,0.7717207179892026,High
transport_cost|Isolation Forest|National Freight Partners|2016-10-23 00:00:00|112750,2016-10-23,National Freight Partners,transport_cost,Isolation Forest,64.0,291.02,0.7717207179892026,High
transport_cost|Isolation Forest|Regional Express Co.|2017-01-27 00:00:00|157232,2017-01-27,Regional Express Co.,transport_cost,Isolation Forest,64.0,291.28,0.7717207179892026,High
transport_cost|Isolation Forest|National Freight Partners|2016-04-08 00:00:00|130864,2016-04-08,National Freight Partners,transport_cost,Isolation Forest,64.0,290.88,0.7717207179892026,High
transport_cost|Isolation Forest|National Freight Partners|2016-12-19 00:00:00|157259,2016-12-19,National Freight Partners,transport_cost,Isolation Forest,64.0,291.53,0.7717207179892026,High
transport_cost|Isolation Forest|National Freight Partners|2015-11-04 00:00:00|177104,2015-11-04,National Freight Partners,transport_cost,Isolation Forest,64.0,290.91,0.7717207179892026,High
transport_cost|Isolation Forest|National Freight Partners|2015-09-04 00:00:00|117233,2015-09-04,National Freight Partners,transport_cost,Isolation Forest,64.0,291.02,0.7717207179892026,High
transport_cost|Isolation Forest|National Freight Partners|2015-02-14 00:00:00|16132,2015-02-14,National Freight Partners,transport_cost,Isolation Forest,64.0,291.57,0.7717207179892026,High
transport_cost|Isolation Forest|National Freight Partners|2017-06-05 00:00:00|63925,2017-06-05,National Freight Partners,transport_cost,Isolation Forest,64.0,290.91,0.7717207179892026,High
transport_cost|Isolation Forest|Regional Express Co.|2016-12-20 00:00:00|145946,2016-12-20,Regional Express Co.,transport_cost,Isolation Forest,64.0,291.15,0.7717207179892026,High
transport_cost|Isolation Forest|Regional Express Co.|2015-01-07 00:00:00|47968,2015-01-07,Regional Express Co.,transport_cost,Isolation Forest,64.0,291.53,0.7717207179892026,High
transport_cost|Isolation Forest|National Freight Partners|2015-06-11 00:00:00|61423,2015-06-11,National Freight Partners,transport_cost,Isolation Forest,64.0,291.08,0.7717207179892026,High
transport_cost|Isolation Forest|National Freight Partners|2017-01-28 00:00:00|110876,2017-01-28,National Freight Partners,transport_cost,Isolation Forest,64.0,291.25,0.7717207179892026,High
transport_cost|Isolation Forest|Regional Express Co.|2017-05-11 00:00:00|69153,2017-05-11,Regional Express Co.,transport_cost,Isolation Forest,64.0,291.28,0.7717207179892026,High
transport_cost|Isolation Forest|National Freight Partners|2015-09-06 00:00:00|122284,2015-09-06,National Freight Partners,transport_cost,Isolation Forest,64.0,291.61,0.7717207179892026,High
transport_cost|Isolation Forest|Regional Express Co.|2015-06-11 00:00:00|44132,2015-06-11,Regional Express Co.,transport_cost,Isolation Forest,64.0,291.36,0.7717207179892026,High
transport_cost|Isolation Forest|Regional Express Co.|2015-07-23 00:00:00|169108,2015-07-23,Regional Express Co.,transport_cost,Isolation Forest,64.0,291.5,0.7717207179892026,High
transport_cost|Isolation Forest|National Freight Partners|2015-08-15 00:00:00|44227,2015-08-15,National Freight Partners,transport_cost,Isolation Forest,64.0,291.09,0.7717207179892026,High
transport_cost|Isolation Forest|Regional Express Co.|2015-07-11 00:00:00|183,2015-07-11,Regional Express Co.,transport_cost,Isolation Forest,64.0,291.35,0.7717207179892026,High
transport_cost|Isolation Forest|Regional Express Co.|2017-05-03 00:00:00|137880,2017-05-03,Regional Express Co.,transport_cost,Isolation Forest,64.0,291.6,0.7717207179892026,High
transport_cost|Isolation Forest|National Freight Partners|2015-05-26 00:00:00|61662,2015-05-26,National Freight Partners,transport_cost,Isolation Forest,64.0,290.93,0.7717207179892026,High
transport_cost|Isolation Forest|Regional Express Co.|2015-09-28 00:00:00|59468,2015-09-28,Regional Express Co.,transport_cost,Isolation Forest,64.0,290.76,0.7717207179892026,High
transport_cost|Isolation Forest|National Freight Partners|2015-09-18 00:00:00|97234,2015-09-18,National Freight Partners,transport_cost,Isolation Forest,64.0,290.82,0.7717207179892026,High
transport_cost|Isolation Forest|Regional Express Co.|2016-03-27 00:00:00|29162,2016-03-27,Regional Express Co.,transport_cost,Isolation Forest,64.0,291.21,0.7717207179892026,High
transport_cost|Isolation Forest|Regional Express Co.|2015-03-01 00:00:00|176734,2015-03-01,Regional Express Co.,transport_cost,Isolation Forest,64.0,291.11,0.7717207179892026,High
transport_cost|Isolation Forest|Regional Express Co.|2015-01-30 00:00:00|44708,2015-01-30,Regional Express Co.,transport_cost,Isolation Forest,64.0,290.75,0.7717207179892026,High
transport_cost|Isolation Forest|Regional Express Co.|2016-07-16 00:00:00|44629,2016-07-16,Regional Express Co.,transport_cost,Isolation Forest,64.0,291.34,0.7717207179892026,High
transport_cost|Isolation Forest|Regional Express Co.|2017-04-21 00:00:00|4102,2017-04-21,Regional Express Co.,transport_cost,Isolation Forest,64.0,291.56,0.7717207179892026,High
transport_cost|Isolation Forest|National Freight Partners|2015-03-31 00:00:00|29221,2015-03-31,National Freight Partners,transport_cost,Isolation Forest,64.0,291.08,0.7717207179892026,High
transport_cost|Isolation Forest|Regional Express Co.|2017-06-25 00:00:00|29294,2017-06-25,Regional Express Co.,transport_cost,Isolation Forest,64.0,291.28,0.7717207179892026,High
transport_cost|Isolation Forest|Regional Express Co.|2017-09-18 00:00:00|115226,2017-09-18,Regional Express Co.,transport_cost,Isolation Forest,64.0,290.71,0.7711987589074509,High
transport_cost|Isolation Forest|Regional Express Co.|2017-04-08 00:00:00|3018,2017-04-08,Regional Express Co.,transport_cost,Isolation Forest,64.0,290.61,0.7711987589074509,High
transport_cost|Isolation Forest|National Freight Partners|2016-02-17 00:00:00|125111,2016-02-17,National Freight Partners,transport_cost,Isolation Forest,64.0,290.63,0.7711987589074509,High
transport_cost|Isolation Forest|National Freight Partners|2015-12-09 00:00:00|36231,2015-12-09,National Freight Partners,transport_cost,Isolation Forest,64.0,290.73,0.7711987589074509,High
transport_cost|Isolation Forest|Regional Express Co.|2017-06-27 00:00:00|54340,2017-06-27,Regional Express Co.,transport_cost,Isolation Forest,64.0,290.65,0.7711987589074509,High
transport_cost|Isolation Forest|Regional Express Co.|2016-02-25 00:00:00|125116,2016-02-25,Regional Express Co.,transport_cost,Isolation Forest,64.0,290.5,0.7706771528566296,High
transport_cost|Isolation Forest|National Freight Partners|2017-06-08 00:00:00|54611,2017-06-08,National Freight Partners,transport_cost,Isolation Forest,64.0,290.47,0.7706771528566296,High
transport_cost|Isolation Forest|Regional Express Co.|2015-10-13 00:00:00|157139,2015-10-13,Regional Express Co.,transport_cost,Isolation Forest,64.0,290.58,0.7706771528566296,High
transport_cost|Isolation Forest|Regional Express Co.|2015-09-26 00:00:00|39164,2015-09-26,Regional Express Co.,transport_cost,Isolation Forest,64.0,290.55,0.7706771528566296,High
inventory_change|Isolation Forest|Ajman Distribution Center|2017-09-29 00:00:00|1001,2017-09-29,Ajman Distribution Center,inventory_change,Isolation Forest,-79.5,1714.0,0.7696349988928389,High
transport_cost|Isolation Forest|National Freight Partners|2016-01-27 00:00:00|36245,2016-01-27,National Freight Partners,transport_cost,Isolation Forest,64.0,289.82,0.7685942541895671,High
transport_cost|Isolation Forest|Regional Express Co.|2017-07-03 00:00:00|59479,2017-07-03,Regional Express Co.,transport_cost,Isolation Forest,64.0,289.79,0.7685942541895671,High
transport_cost|Isolation Forest|National Freight Partners|2016-02-19 00:00:00|141745,2016-02-19,National Freight Partners,transport_cost,Isolation Forest,64.0,289.87,0.7685942541895671,High
transport_cost|Isolation Forest|Regional Express Co.|2017-02-23 00:00:00|39191,2017-02-23,Regional Express Co.,transport_cost,Isolation Forest,64.0,290.42,0.7685942541895671,High
transport_cost|Isolation Forest|National Freight Partners|2015-03-07 00:00:00|44351,2015-03-07,National Freight Partners,transport_cost,Isolation Forest,64.0,290.16,0.7685942541895671,High
transport_cost|Isolation Forest|National Freight Partners|2015-03-01 00:00:00|97254,2015-03-01,National Freight Partners,transport_cost,Isolation Forest,64.0,290.36,0.7685942541895671,High
transport_cost|Isolation Forest|National Freight Partners|2017-01-18 00:00:00|157412,2017-01-18,National Freight Partners,transport_cost,Isolation Forest,64.0,290.03,0.7685942541895671,High
transport_cost|Isolation Forest|Regional Express Co.|2016-06-17 00:00:00|16107,2016-06-17,Regional Express Co.,transport_cost,Isolation Forest,64.0,290.21,0.7685942541895671,High
transport_cost|Isolation Forest|Regional Express Co.|2017-01-24 00:00:00|59500,2017-01-24,Regional Express Co.,transport_cost,Isolation Forest,64.0,290.43,0.7685942541895671,High
transport_cost|Isolation Forest|National Freight Partners|2016-03-04 00:00:00|117570,2016-03-04,National Freight Partners,transport_cost,Isolation Forest,64.0,290.16,0.7685942541895671,High
transport_cost|Isolation Forest|National Freight Partners|2015-12-25 00:00:00|44412,2015-12-25,National Freight Partners,transport_cost,Isolation Forest,64.0,290.3,0.7685942541895671,High
transport_cost|Isolation Forest|National Freight Partners|2017-09-14 00:00:00|77472,2017-09-14,National Freight Partners,transport_cost,Isolation Forest,64.0,290.34,0.7685942541895671,High
transport_cost|Isolation Forest|National Freight Partners|2016-05-07 00:00:00|150896,2016-05-07,National Freight Partners,transport_cost,Isolation Forest,64.0,289.91,0.7685942541895671,High
transport_cost|Isolation Forest|National Freight Partners|2016-10-03 00:00:00|117204,2016-10-03,National Freight Partners,transport_cost,Isolation Forest,64.0,290.04,0.7685942541895671,High
transport_cost|Isolation Forest|Regional Express Co.|2016-06-15 00:00:00|29201,2016-06-15,Regional Express Co.,transport_cost,Isolation Forest,64.0,290.42,0.7685942541895671,High
transport_cost|Isolation Forest|National Freight Partners|2016-03-03 00:00:00|44380,2016-03-03,National Freight Partners,transport_cost,Isolation Forest,64.0,289.87,0.7685942541895671,High
transport_cost|Isolation Forest|National Freight Partners|2015-06-02 00:00:00|39058,2015-06-02,National Freight Partners,transport_cost,Isolation Forest,64.0,290.13,0.7685942541895671,High
transport_cost|Isolation Forest|Regional Express Co.|2016-10-04 00:00:00|122258,2016-10-04,Regional Express Co.,transport_cost,Isolation Forest,64.0,290.27,0.7685942541895671,High
transport_cost|Isolation Forest|Regional Express Co.|2016-12-09 00:00:00|146118,2016-12-09,Regional Express Co.,transport_cost,Isolation Forest,64.0,290.35,0.7685942541895671,High
transport_cost|Isolation Forest|Regional Express Co.|2016-01-29 00:00:00|165777,2016-01-29,Regional Express Co.,transport_cost,Isolation Forest,64.0,290.17,0.7685942541895671,High
transport_cost|Isolation Forest|National Freight Partners|2016-05-07 00:00:00|150857,2016-05-07,National Freight Partners,transport_cost,Isolation Forest,64.0,290.0,0.7685942541895671,High
transport_cost|Isolation Forest|Regional Express Co.|2018-01-10 00:00:00|165768,2018-01-10,Regional Express Co.,transport_cost,Isolation Forest,64.0,290.36,0.7685942541895671,High
transport_cost|Isolation Forest|Regional Express Co.|2016-02-28 00:00:00|157410,2016-02-28,Regional Express Co.,transport_cost,Isolation Forest,64.0,290.13,0.7685942541895671,High
transport_cost|Isolation Forest|National Freight Partners|2017-06-29 00:00:00|105022,2017-06-29,National Freight Partners,transport_cost,Isolation Forest,64.0,288.72,0.768074409714999,High
transport_cost|Isolation Forest|National Freight Partners|2015-08-04 00:00:00|176692,2015-08-04,National Freight Partners,transport_cost,Isolation Forest,64.0,289.38,0.768074409714999,High
transport_cost|Isolation Forest|Regional Express Co.|2016-04-07 00:00:00|153211,2016-04-07,Regional Express Co.,transport_cost,Isolation Forest,64.0,288.57,0.768074409714999,High
transport_cost|Isolation Forest|National Freight Partners|2017-11-30 00:00:00|165769,2017-11-30,National Freight Partners,transport_cost,Isolation Forest,64.0,289.62,0.768074409714999,High
transport_cost|Isolation Forest|Regional Express Co.|2017-06-29 00:00:00|50880,2017-06-29,Regional Express Co.,transport_cost,Isolation Forest,64.0,288.57,0.768074409714999,High
transport_cost|Isolation Forest|Regional Express Co.|2015-11-12 00:00:00|157249,2015-11-12,Regional Express Co.,transport_cost,Isolation Forest,64.0,289.53,0.768074409714999,High
transport_cost|Isolation Forest|Regional Express Co.|2016-06-25 00:00:00|141766,2016-06-25,Regional Express Co.,transport_cost,Isolation Forest,64.0,288.65,0.768074409714999,High
transport_cost|Isolation Forest|Regional Express Co.|2017-11-09 00:00:00|11301,2017-11-09,Regional Express Co.,transport_cost,Isolation Forest,64.0,289.72,0.768074409714999,High
transport_cost|Isolation Forest|Regional Express Co.|2015-05-12 00:00:00|62970,2015-05-12,Regional Express Co.,transport_cost,Isolation Forest,64.0,289.44,0.768074409714999,High
transport_cost|Isolation Forest|Regional Express Co.|2015-08-29 00:00:00|122372,2015-08-29,Regional Express Co.,transport_cost,Isolation Forest,64.0,289.38,0.768074409714999,High
transport_cost|Isolation Forest|National Freight Partners|2015-12-19 00:00:00|176820,2015-12-19,National Freight Partners,transport_cost,Isolation Forest,64.0,289.62,0.768074409714999,High
transport_cost|Isolation Forest|National Freight Partners|2015-01-26 00:00:00|62963,2015-01-26,National Freight Partners,transport_cost,Isolation Forest,64.0,289.31,0.768074409714999,High
transport_cost|Isolation Forest|National Freight Partners|2016-05-07 00:00:00|79689,2016-05-07,National Freight Partners,transport_cost,Isolation Forest,64.0,289.09,0.768074409714999,High
transport_cost|Isolation Forest|Regional Express Co.|2016-05-04 00:00:00|177057,2016-05-04,Regional Express Co.,transport_cost,Isolation Forest,64.0,289.24,0.768074409714999,High
transport_cost|Isolation Forest|Regional Express Co.|2015-04-10 00:00:00|117344,2015-04-10,Regional Express Co.,transport_cost,Isolation Forest,64.0,288.86,0.768074409714999,High
transport_cost|Isolation Forest|National Freight Partners|2016-11-14 00:00:00|48157,2016-11-14,National Freight Partners,transport_cost,Isolation Forest,64.0,289.32,0.768074409714999,High
transport_cost|Isolation Forest|Regional Express Co.|2015-07-07 00:00:00|5762,2015-07-07,Regional Express Co.,transport_cost,Isolation Forest,64.0,288.72,0.768074409714999,High
transport_cost|Isolation Forest|National Freight Partners|2015-09-26 00:00:00|117266,2015-09-26,National Freight Partners,transport_cost,Isolation Forest,64.0,290.1,0.768074409714999,High
transport_cost|Isolation Forest|National Freight Partners|2015-11-15 00:00:00|20088,2015-11-15,National Freight Partners,transport_cost,Isolation Forest,64.0,288.85,0.768074409714999,High
transport_cost|Isolation Forest|Regional Express Co.|2017-02-03 00:00:00|16081,2017-02-03,Regional Express Co.,transport_cost,Isolation Forest,64.0,289.55,0.768074409714999,High
transport_cost|Isolation Forest|National Freight Partners|2015-04-09 00:00:00|17957,2015-04-09,National Freight Partners,transport_cost,Isolation Forest,64.0,288.95,0.768074409714999,High
transport_cost|Isolation Forest|Regional Express Co.|2016-05-04 00:00:00|97308,2016-05-04,Regional Express Co.,transport_cost,Isolation Forest,64.0,288.81,0.768074409714999,High
transport_cost|Isolation Forest|National Freight Partners|2017-01-26 00:00:00|110924,2017-01-26,National Freight Partners,transport_cost,Isolation Forest,64.0,289.7,0.768074409714999,High
transport_cost|Isolation Forest|National Freight Partners|2015-01-27 00:00:00|59493,2015-01-27,National Freight Partners,transport_cost,Isolation Forest,64.0,288.76,0.768074409714999,High
transport_cost|Isolation Forest|National Freight Partners|2017-07-25 00:00:00|169164,2017-07-25,National Freight Partners,transport_cost,Isolation Forest,64.0,289.6,0.768074409714999,High
transport_cost|Isolation Forest|Regional Express Co.|2016-08-30 00:00:00|36237,2016-08-30,Regional Express Co.,transport_cost,Isolation Forest,64.0,289.36,0.768074409714999,High
transport_cost|Isolation Forest|Regional Express Co.|2015-07-28 00:00:00|44197,2015-07-28,Regional Express Co.,transport_cost,Isolation Forest,64.0,289.03,0.768074409714999,High
transport_cost|Isolation Forest|Regional Express Co.|2017-07-22 00:00:00|47905,2017-07-22,Regional Express Co.,transport_cost,Isolation Forest,64.0,289.43,0.768074409714999,High
transport_cost|Isolation Forest|Regional Express Co.|2016-11-20 00:00:00|71572,2016-11-20,Regional Express Co.,transport_cost,Isolation Forest,64.0,289.26,0.768074409714999,High
transport_cost|Isolation Forest|National Freight Partners|2016-08-08 00:00:00|44863,2016-08-08,National Freight Partners,transport_cost,Isolation Forest,64.0,289.56,0.768074409714999,High
transport_cost|Isolation Forest|Regional Express Co.|2017-05-25 00:00:00|44270,2017-05-25,Regional Express Co.,transport_cost,Isolation Forest,64.0,288.96,0.768074409714999,High
transport_cost|Isolation Forest|National Freight Partners|2016-01-11 00:00:00|132543,2016-01-11,National Freight Partners,transport_cost,Isolation Forest,64.0,289.54,0.768074409714999,High
transport_cost|Isolation Forest|National Freight Partners|2016-07-27 00:00:00|99769,2016-07-27,National Freight Partners,transport_cost,Isolation Forest,64.0,288.9,0.768074409714999,High
transport_cost|Isolation Forest|Regional Express Co.|2018-01-14 00:00:00|52490,2018-01-14,Regional Express Co.,transport_cost,Isolation Forest,64.0,288.74,0.768074409714999,High
transport_cost|Isolation Forest|National Freight Partners|2015-11-05 00:00:00|71716,2015-11-05,National Freight Partners,transport_cost,Isolation Forest,64.0,289.7,0.768074409714999,High
transport_cost|Isolation Forest|Regional Express Co.|2016-05-06 00:00:00|101316,2016-05-06,Regional Express Co.,transport_cost,Isolation Forest,64.0,289.75,0.768074409714999,High
inventory_change|Isolation Forest|Ras Al Khaimah Distribution Center|2016-07-08 00:00:00|551,2016-07-08,Ras Al Khaimah Distribution Center,inventory_change,Isolation Forest,0.0,29.0,0.768039440109658,High
inventory_change|Isolation Forest|Ras Al Khaimah Distribution Center|2015-04-06 00:00:00|92,2015-04-06,Ras Al Khaimah Distribution Center,inventory_change,Isolation Forest,0.0,29.0,0.768039440109658,High
inventory_change|Isolation Forest|Ras Al Khaimah Distribution Center|2015-03-09 00:00:00|64,2015-03-09,Ras Al Khaimah Distribution Center,inventory_change,Isolation Forest,0.0,29.0,0.768039440109658,High
transport_cost|Isolation Forest|Regional Express Co.|2016-07-08 00:00:00|124998,2016-07-08,Regional Express Co.,transport_cost,Isolation Forest,64.0,288.5,0.7665169849444241,High
transport_cost|Isolation Forest|Regional Express Co.|2016-07-05 00:00:00|78773,2016-07-05,Regional Express Co.,transport_cost,Isolation Forest,64.0,288.53,0.7665169849444241,High
transport_cost|Isolation Forest|Regional Express Co.|2016-01-28 00:00:00|157350,2016-01-28,Regional Express Co.,transport_cost,Isolation Forest,64.0,288.5,0.7665169849444241,High
transport_cost|Isolation Forest|Regional Express Co.|2015-10-08 00:00:00|157488,2015-10-08,Regional Express Co.,transport_cost,Isolation Forest,64.0,288.07,0.7659985454464524,High
transport_cost|Isolation Forest|Regional Express Co.|2017-11-12 00:00:00|29182,2017-11-12,Regional Express Co.,transport_cost,Isolation Forest,64.0,288.12,0.7659985454464524,High
transport_cost|Isolation Forest|National Freight Partners|2017-03-03 00:00:00|176753,2017-03-03,National Freight Partners,transport_cost,Isolation Forest,64.0,288.29,0.7659985454464524,High
transport_cost|Isolation Forest|Regional Express Co.|2016-10-14 00:00:00|74285,2016-10-14,Regional Express Co.,transport_cost,Isolation Forest,64.0,288.45,0.7659985454464524,High
transport_cost|Isolation Forest|Regional Express Co.|2015-05-05 00:00:00|117369,2015-05-05,Regional Express Co.,transport_cost,Isolation Forest,64.0,288.34,0.7659985454464524,High
transport_cost|Isolation Forest|National Freight Partners|2015-03-11 00:00:00|157392,2015-03-11,National Freight Partners,transport_cost,Isolation Forest,64.0,288.43,0.7659985454464524,High
transport_cost|Isolation Forest|Regional Express Co.|2015-05-20 00:00:00|29135,2015-05-20,Regional Express Co.,transport_cost,Isolation Forest,64.0,288.07,0.7659985454464524,High
transport_cost|Isolation Forest|Regional Express Co.|2016-07-25 00:00:00|150897,2016-07-25,Regional Express Co.,transport_cost,Isolation Forest,64.0,288.39,0.7659985454464524,High
transport_cost|Isolation Forest|National Freight Partners|2017-09-01 00:00:00|53273,2017-09-01,National Freight Partners,transport_cost,Isolation Forest,64.0,288.26,0.7659985454464524,High
transport_cost|Isolation Forest|National Freight Partners|2017-07-19 00:00:00|51462,2017-07-19,National Freight Partners,transport_cost,Isolation Forest,64.0,288.43,0.7659985454464524,High
transport_cost|Isolation Forest|Regional Express Co.|2017-06-20 00:00:00|54440,2017-06-20,Regional Express Co.,transport_cost,Isolation Forest,64.0,288.37,0.7659985454464524,High
transport_cost|Isolation Forest|National Freight Partners|2015-08-13 00:00:00|117241,2015-08-13,National Freight Partners,transport_cost,Isolation Forest,64.0,287.98,0.7649627181646446,High
transport_cost|Isolation Forest|National Freight Partners|2016-10-14 00:00:00|59440,2016-10-14,National Freight Partners,transport_cost,Isolation Forest,64.0,287.95,0.7649627181646446,High
transport_cost|Isolation Forest|Regional Express Co.|2015-12-16 00:00:00|29234,2015-12-16,Regional Express Co.,transport_cost,Isolation Forest,64.0,288.04,0.7649627181646446,High
transport_cost|Isolation Forest|Regional Express Co.|2015-08-06 00:00:00|176680,2015-08-06,Regional Express Co.,transport_cost,Isolation Forest,64.0,287.92,0.7649627181646446,High
transport_cost|Isolation Forest|Regional Express Co.|2015-11-15 00:00:00|157407,2015-11-15,Regional Express Co.,transport_cost,Isolation Forest,64.0,287.89,0.7649627181646446,High
transport_cost|Isolation Forest|Regional Express Co.|2017-02-23 00:00:00|176966,2017-02-23,Regional Express Co.,transport_cost,Isolation Forest,64.0,287.99,0.7649627181646446,High
transport_cost|Isolation Forest|National Freight Partners|2015-07-24 00:00:00|157177,2015-07-24,National Freight Partners,transport_cost,Isolation Forest,64.0,287.89,0.7649627181646446,High
transport_cost|Isolation Forest|Regional Express Co.|2016-05-16 00:00:00|16110,2016-05-16,Regional Express Co.,transport_cost,Isolation Forest,64.0,287.97,0.7649627181646446,High
transport_cost|Isolation Forest|National Freight Partners|2017-03-17 00:00:00|141826,2017-03-17,National Freight Partners,transport_cost,Isolation Forest,64.0,287.77,0.7644453299066387,High
transport_cost|Isolation Forest|National Freight Partners|2015-07-17 00:00:00|97320,2015-07-17,National Freight Partners,transport_cost,Isolation Forest,64.0,287.78,0.7644453299066387,High
transport_cost|Isolation Forest|National Freight Partners|2015-07-21 00:00:00|125094,2015-07-21,National Freight Partners,transport_cost,Isolation Forest,64.0,287.75,0.7644453299066387,High
transport_cost|Isolation Forest|Regional Express Co.|2017-04-21 00:00:00|138112,2017-04-21,Regional Express Co.,transport_cost,Isolation Forest,64.0,287.83,0.7644453299066387,High
transport_cost|Isolation Forest|National Freight Partners|2017-04-05 00:00:00|157247,2017-04-05,National Freight Partners,transport_cost,Isolation Forest,64.0,287.81,0.7644453299066387,High
transport_cost|Isolation Forest|National Freight Partners|2016-09-20 00:00:00|36192,2016-09-20,National Freight Partners,transport_cost,Isolation Forest,64.0,287.76,0.7644453299066387,High
transport_cost|Isolation Forest|National Freight Partners|2015-12-06 00:00:00|71575,2015-12-06,National Freight Partners,transport_cost,Isolation Forest,64.0,287.77,0.7644453299066387,High
transport_cost|Isolation Forest|National Freight Partners|2015-01-16 00:00:00|20052,2015-01-16,National Freight Partners,transport_cost,Isolation Forest,64.0,287.82,0.7644453299066387,High
inventory_change|Isolation Forest|Ajman Distribution Center|2015-12-08 00:00:00|340,2015-12-08,Ajman Distribution Center,inventory_change,Isolation Forest,-79.5,1709.0,0.7639282915880523,High
inventory_change|Isolation Forest|Ajman Distribution Center|2015-04-27 00:00:00|115,2015-04-27,Ajman Distribution Center,inventory_change,Isolation Forest,-79.5,1704.0,0.7634116029722012,High
transport_cost|Isolation Forest|National Freight Partners|2017-12-15 00:00:00|122249,2017-12-15,National Freight Partners,transport_cost,Isolation Forest,64.0,286.84,0.7628952638225615,High
transport_cost|Isolation Forest|Regional Express Co.|2016-05-07 00:00:00|152720,2016-05-07,Regional Express Co.,transport_cost,Isolation Forest,64.0,286.98,0.7628952638225615,High
transport_cost|Isolation Forest|National Freight Partners|2016-09-07 00:00:00|157127,2016-09-07,National Freight Partners,transport_cost,Isolation Forest,64.0,287.56,0.7628952638225615,High
transport_cost|Isolation Forest|Regional Express Co.|2015-11-07 00:00:00|172,2015-11-07,Regional Express Co.,transport_cost,Isolation Forest,64.0,287.5,0.7628952638225615,High
transport_cost|Isolation Forest|National Freight Partners|2016-01-17 00:00:00|48142,2016-01-17,National Freight Partners,transport_cost,Isolation Forest,64.0,287.57,0.7628952638225615,High
transport_cost|Isolation Forest|Regional Express Co.|2017-03-21 00:00:00|122383,2017-03-21,Regional Express Co.,transport_cost,Isolation Forest,64.0,287.16,0.7628952638225615,High
transport_cost|Isolation Forest|Regional Express Co.|2017-07-03 00:00:00|117598,2017-07-03,Regional Express Co.,transport_cost,Isolation Forest,64.0,287.62,0.7628952638225615,High
transport_cost|Isolation Forest|National Freight Partners|2015-06-26 00:00:00|71643,2015-06-26,National Freight Partners,transport_cost,Isolation Forest,64.0,286.93,0.7628952638225615,High
transport_cost|Isolation Forest|Regional Express Co.|2018-01-27 00:00:00|11324,2018-01-27,Regional Express Co.,transport_cost,Isolation Forest,64.0,287.46,0.7628952638225615,High
transport_cost|Isolation Forest|National Freight Partners|2016-10-28 00:00:00|16104,2016-10-28,National Freight Partners,transport_cost,Isolation Forest,64.0,287.26,0.7628952638225615,High
transport_cost|Isolation Forest|Regional Express Co.|2016-10-06 00:00:00|147248,2016-10-06,Regional Express Co.,transport_cost,Isolation Forest,64.0,286.74,0.7628952638225615,High
transport_cost|Isolation Forest|Regional Express Co.|2017-09-01 00:00:00|44135,2017-09-01,Regional Express Co.,transport_cost,Isolation Forest,64.0,287.65,0.7628952638225615,High
transport_cost|Isolation Forest|National Freight Partners|2015-12-17 00:00:00|157413,2015-12-17,National Freight Partners,transport_cost,Isolation Forest,64.0,286.73,0.7628952638225615,High
transport_cost|Isolation Forest|National Freight Partners|2017-04-15 00:00:00|141816,2017-04-15,National Freight Partners,transport_cost,Isolation Forest,64.0,287.12,0.7628952638225615,High
transport_cost|Isolation Forest|National Freight Partners|2017-03-01 00:00:00|56187,2017-03-01,National Freight Partners,transport_cost,Isolation Forest,64.0,287.08,0.7628952638225615,High
transport_cost|Isolation Forest|Regional Express Co.|2017-07-30 00:00:00|177010,2017-07-30,Regional Express Co.,transport_cost,Isolation Forest,64.0,287.36,0.7628952638225615,High
transport_cost|Isolation Forest|Regional Express Co.|2017-06-25 00:00:00|59472,2017-06-25,Regional Express Co.,transport_cost,Isolation Forest,64.0,286.94,0.7628952638225615,High
transport_cost|Isolation Forest|National Freight Partners|2016-10-29 00:00:00|44387,2016-10-29,National Freight Partners,transport_cost,Isolation Forest,64.0,287.46,0.7628952638225615,High
transport_cost|Isolation Forest|Regional Express Co.|2017-09-30 00:00:00|35,2017-09-30,Regional Express Co.,transport_cost,Isolation Forest,64.0,287.55,0.7628952638225615,High
transport_cost|Isolation Forest|Regional Express Co.|2017-03-25 00:00:00|157220,2017-03-25,Regional Express Co.,transport_cost,Isolation Forest,64.0,287.55,0.7628952638225615,High
transport_cost|Isolation Forest|Regional Express Co.|2015-02-10 00:00:00|44333,2015-02-10,Regional Express Co.,transport_cost,Isolation Forest,64.0,287.16,0.7628952638225615,High
transport_cost|Isolation Forest|National Freight Partners|2017-04-30 00:00:00|106128,2017-04-30,National Freight Partners,transport_cost,Isolation Forest,64.0,286.63,0.7628952638225615,High
transport_cost|Isolation Forest|Regional Express Co.|2017-07-04 00:00:00|136828,2017-07-04,Regional Express Co.,transport_cost,Isolation Forest,64.0,287.52,0.7628952638225615,High
transport_cost|Isolation Forest|National Freight Partners|2017-05-14 00:00:00|36358,2017-05-14,National Freight Partners,transport_cost,Isolation Forest,64.0,286.92,0.7628952638225615,High
transport_cost|Isolation Forest|Regional Express Co.|2015-05-13 00:00:00|71538,2015-05-13,Regional Express Co.,transport_cost,Isolation Forest,64.0,287.18,0.7628952638225615,High
transport_cost|Isolation Forest|Regional Express Co.|2015-01-27 00:00:00|36352,2015-01-27,Regional Express Co.,transport_cost,Isolation Forest,64.0,286.72,0.7628952638225615,High
transport_cost|Isolation Forest|Regional Express Co.|2015-10-08 00:00:00|157186,2015-10-08,Regional Express Co.,transport_cost,Isolation Forest,64.0,287.59,0.7628952638225615,High
transport_cost|Isolation Forest|National Freight Partners|2017-06-06 00:00:00|36340,2017-06-06,National Freight Partners,transport_cost,Isolation Forest,64.0,287.51,0.7628952638225615,High
transport_cost|Isolation Forest|Regional Express Co.|2015-07-21 00:00:00|69267,2015-07-21,Regional Express Co.,transport_cost,Isolation Forest,64.0,286.76,0.7628952638225615,High
transport_cost|Isolation Forest|Regional Express Co.|2017-10-04 00:00:00|44209,2017-10-04,Regional Express Co.,transport_cost,Isolation Forest,64.0,287.52,0.7628952638225615,High
transport_cost|Isolation Forest|Regional Express Co.|2017-01-14 00:00:00|117660,2017-01-14,Regional Express Co.,transport_cost,Isolation Forest,64.0,287.48,0.7628952638225615,High
transport_cost|Isolation Forest|National Freight Partners|2017-09-16 00:00:00|53051,2017-09-16,National Freight Partners,transport_cost,Isolation Forest,64.0,287.02,0.7628952638225615,High
transport_cost|Isolation Forest|National Freight Partners|2015-05-05 00:00:00|177085,2015-05-05,National Freight Partners,transport_cost,Isolation Forest,64.0,287.35,0.7628952638225615,High
transport_cost|Isolation Forest|National Freight Partners|2016-03-23 00:00:00|29233,2016-03-23,National Freight Partners,transport_cost,Isolation Forest,64.0,287.53,0.7628952638225615,High
transport_cost|Isolation Forest|Regional Express Co.|2015-02-14 00:00:00|76418,2015-02-14,Regional Express Co.,transport_cost,Isolation Forest,64.0,287.43,0.7628952638225615,High
transport_cost|Isolation Forest|National Freight Partners|2016-02-19 00:00:00|179924,2016-02-19,National Freight Partners,transport_cost,Isolation Forest,64.0,286.74,0.7628952638225615,High
transport_cost|Isolation Forest|Regional Express Co.|2016-12-01 00:00:00|44064,2016-12-01,Regional Express Co.,transport_cost,Isolation Forest,64.0,286.74,0.7628952638225615,High
transport_cost|Isolation Forest|National Freight Partners|2015-01-30 00:00:00|76657,2015-01-30,National Freight Partners,transport_cost,Isolation Forest,64.0,287.08,0.7628952638225615,High
inventory_change|Isolation Forest|Ras Al Khaimah Distribution Center|2015-11-08 00:00:00|308,2015-11-08,Ras Al Khaimah Distribution Center,inventory_change,Isolation Forest,0.0,-12.0,0.7622992966325876,High
inventory_change|Isolation Forest|Ras Al Khaimah Distribution Center|2016-06-02 00:00:00|515,2016-06-02,Ras Al Khaimah Distribution Center,inventory_change,Isolation Forest,0.0,-12.0,0.7622992966325876,High
inventory_change|Isolation Forest|Ras Al Khaimah Distribution Center|2015-03-01 00:00:00|56,2015-03-01,Ras Al Khaimah Distribution Center,inventory_change,Isolation Forest,0.0,-12.0,0.7622992966325876,High
transport_cost|Isolation Forest|Regional Express Co.|2018-01-26 00:00:00|71593,2018-01-26,Regional Express Co.,transport_cost,Isolation Forest,64.0,286.48,0.7608333971612308,High
transport_cost|Isolation Forest|Regional Express Co.|2015-07-29 00:00:00|59450,2015-07-29,Regional Express Co.,transport_cost,Isolation Forest,64.0,286.39,0.7608333971612308,High
transport_cost|Isolation Forest|National Freight Partners|2017-09-18 00:00:00|71515,2017-09-18,National Freight Partners,transport_cost,Isolation Forest,64.0,286.17,0.7608333971612308,High
transport_cost|Isolation Forest|National Freight Partners|2016-01-15 00:00:00|48033,2016-01-15,National Freight Partners,transport_cost,Isolation Forest,64.0,286.56,0.7608333971612308,High
transport_cost|Isolation Forest|National Freight Partners|2017-12-30 00:00:00|71586,2017-12-30,National Freight Partners,transport_cost,Isolation Forest,64.0,286.53,0.7608333971612308,High
transport_cost|Isolation Forest|Regional Express Co.|2015-10-21 00:00:00|16022,2015-10-21,Regional Express Co.,transport_cost,Isolation Forest,64.0,286.2,0.7608333971612308,High
transport_cost|Isolation Forest|Regional Express Co.|2015-07-14 00:00:00|144669,2015-07-14,Regional Express Co.,transport_cost,Isolation Forest,64.0,286.57,0.7608333971612308,High
transport_cost|Isolation Forest|Regional Express Co.|2016-06-02 00:00:00|176853,2016-06-02,Regional Express Co.,transport_cost,Isolation Forest,64.0,286.04,0.7608333971612308,High
transport_cost|Isolation Forest|National Freight Partners|2016-10-29 00:00:00|63011,2016-10-29,National Freight Partners,transport_cost,Isolation Forest,64.0,286.33,0.7608333971612308,High
transport_cost|Isolation Forest|Regional Express Co.|2016-12-20 00:00:00|145940,2016-12-20,Regional Express Co.,transport_cost,Isolation Forest,64.0,286.46,0.7608333971612308,High
transport_cost|Isolation Forest|Regional Express Co.|2015-06-24 00:00:00|71473,2015-06-24,Regional Express Co.,transport_cost,Isolation Forest,64.0,286.11,0.7608333971612308,High
transport_cost|Isolation Forest|Regional Express Co.|2017-01-25 00:00:00|36354,2017-01-25,Regional Express Co.,transport_cost,Isolation Forest,64.0,286.21,0.7608333971612308,High
transport_cost|Isolation Forest|National Freight Partners|2017-07-10 00:00:00|136719,2017-07-10,National Freight Partners,transport_cost,Isolation Forest,64.0,286.21,0.7608333971612308,High
transport_cost|Isolation Forest|Regional Express Co.|2017-02-23 00:00:00|177096,2017-02-23,Regional Express Co.,transport_cost,Isolation Forest,64.0,286.35,0.7608333971612308,High
transport_cost|Isolation Forest|Regional Express Co.|2015-03-28 00:00:00|17964,2015-03-28,Regional Express Co.,transport_cost,Isolation Forest,64.0,286.39,0.7608333971612308,High
transport_cost|Isolation Forest|Regional Express Co.|2016-02-29 00:00:00|80682,2016-02-29,Regional Express Co.,transport_cost,Isolation Forest,64.0,286.51,0.7608333971612308,High
transport_cost|Isolation Forest|Regional Express Co.|2017-10-08 00:00:00|157193,2017-10-08,Regional Express Co.,transport_cost,Isolation Forest,64.0,286.57,0.7608333971612308,High
transport_cost|Isolation Forest|National Freight Partners|2016-01-27 00:00:00|180305,2016-01-27,National Freight Partners,transport_cost,Isolation Forest,64.0,286.35,0.7608333971612308,High
transport_cost|Isolation Forest|National Freight Partners|2015-02-02 00:00:00|4038,2015-02-02,National Freight Partners,transport_cost,Isolation Forest,64.0,286.12,0.7608333971612308,High
transport_cost|Isolation Forest|Regional Express Co.|2016-09-15 00:00:00|36385,2016-09-15,Regional Express Co.,transport_cost,Isolation Forest,64.0,286.43,0.7608333971612308,High
transport_cost|Isolation Forest|National Freight Partners|2015-07-19 00:00:00|36404,2015-07-19,National Freight Partners,transport_cost,Isolation Forest,64.0,286.22,0.7608333971612308,High
transport_cost|Isolation Forest|National Freight Partners|2017-05-18 00:00:00|137630,2017-05-18,National Freight Partners,transport_cost,Isolation Forest,64.0,286.23,0.7608333971612308,High
transport_cost|Isolation Forest|Regional Express Co.|2015-12-16 00:00:00|133084,2015-12-16,Regional Express Co.,transport_cost,Isolation Forest,64.0,286.06,0.7608333971612308,High
transport_cost|Isolation Forest|Regional Express Co.|2016-09-01 00:00:00|99125,2016-09-01,Regional Express Co.,transport_cost,Isolation Forest,64.0,285.91,0.7598045544899554,High
transport_cost|Isolation Forest|Regional Express Co.|2015-11-04 00:00:00|69180,2015-11-04,Regional Express Co.,transport_cost,Isolation Forest,64.0,285.83,0.7598045544899554,High
transport_cost|Isolation Forest|National Freight Partners|2017-01-08 00:00:00|145615,2017-01-08,National Freight Partners,transport_cost,Isolation Forest,64.0,285.84,0.7598045544899554,High
transport_cost|Isolation Forest|Regional Express Co.|2015-01-16 00:00:00|169144,2015-01-16,Regional Express Co.,transport_cost,Isolation Forest,64.0,285.69,0.7598045544899554,High
transport_cost|Isolation Forest|Regional Express Co.|2015-06-07 00:00:00|48287,2015-06-07,Regional Express Co.,transport_cost,Isolation Forest,64.0,285.82,0.7598045544899554,High
transport_cost|Isolation Forest|Regional Express Co.|2016-12-04 00:00:00|172755,2016-12-04,Regional Express Co.,transport_cost,Isolation Forest,64.0,285.74,0.7598045544899554,High
transport_cost|Isolation Forest|Regional Express Co.|2015-02-09 00:00:00|150918,2015-02-09,Regional Express Co.,transport_cost,Isolation Forest,64.0,285.87,0.7598045544899554,High
transport_cost|Isolation Forest|Regional Express Co.|2016-09-26 00:00:00|20064,2016-09-26,Regional Express Co.,transport_cost,Isolation Forest,64.0,285.97,0.7598045544899554,High
transport_cost|Isolation Forest|Regional Express Co.|2016-06-02 00:00:00|100783,2016-06-02,Regional Express Co.,transport_cost,Isolation Forest,64.0,285.62,0.7598045544899554,High
transport_cost|Isolation Forest|National Freight Partners|2016-07-08 00:00:00|141773,2016-07-08,National Freight Partners,transport_cost,Isolation Forest,64.0,285.75,0.7598045544899554,High
transport_cost|Isolation Forest|National Freight Partners|2017-07-15 00:00:00|44879,2017-07-15,National Freight Partners,transport_cost,Isolation Forest,64.0,285.69,0.7598045544899554,High
transport_cost|Isolation Forest|Regional Express Co.|2016-02-21 00:00:00|117628,2016-02-21,Regional Express Co.,transport_cost,Isolation Forest,64.0,285.28,0.7587771030789037,High
transport_cost|Isolation Forest|National Freight Partners|2016-06-25 00:00:00|71631,2016-06-25,National Freight Partners,transport_cost,Isolation Forest,64.0,285.05,0.7587771030789037,High
transport_cost|Isolation Forest|National Freight Partners|2015-05-22 00:00:00|59506,2015-05-22,National Freight Partners,transport_cost,Isolation Forest,64.0,285.59,0.7587771030789037,High
transport_cost|Isolation Forest|National Freight Partners|2017-09-10 00:00:00|115402,2017-09-10,National Freight Partners,transport_cost,Isolation Forest,64.0,285.57,0.7587771030789037,High
transport_cost|Isolation Forest|Regional Express Co.|2016-07-16 00:00:00|151521,2016-07-16,Regional Express Co.,transport_cost,Isolation Forest,64.0,285.12,0.7587771030789037,High
transport_cost|Isolation Forest|Regional Express Co.|2016-10-11 00:00:00|65,2016-10-11,Regional Express Co.,transport_cost,Isolation Forest,64.0,285.3,0.7587771030789037,High
inventory_change|Isolation Forest|Abu Dhabi Distribution Center|2017-09-23 00:00:00|995,2017-09-23,Abu Dhabi Distribution Center,inventory_change,Isolation Forest,-52.0,1368.0,0.7587771030789037,High
transport_cost|Isolation Forest|National Freight Partners|2017-09-13 00:00:00|59456,2017-09-13,National Freight Partners,transport_cost,Isolation Forest,64.0,285.26,0.7587771030789037,High
transport_cost|Isolation Forest|Regional Express Co.|2015-11-21 00:00:00|39238,2015-11-21,Regional Express Co.,transport_cost,Isolation Forest,64.0,285.11,0.7587771030789037,High
transport_cost|Isolation Forest|Regional Express Co.|2016-04-27 00:00:00|152867,2016-04-27,Regional Express Co.,transport_cost,Isolation Forest,64.0,285.07,0.7587771030789037,High
transport_cost|Isolation Forest|National Freight Partners|2016-11-09 00:00:00|122277,2016-11-09,National Freight Partners,transport_cost,Isolation Forest,64.0,285.28,0.7587771030789037,High
transport_cost|Isolation Forest|National Freight Partners|2016-12-20 00:00:00|176688,2016-12-20,National Freight Partners,transport_cost,Isolation Forest,64.0,285.34,0.7587771030789037,High
transport_cost|Isolation Forest|Regional Express Co.|2017-03-01 00:00:00|10,2017-03-01,Regional Express Co.,transport_cost,Isolation Forest,64.0,284.92,0.7587771030789037,High
transport_cost|Isolation Forest|Regional Express Co.|2017-06-22 00:00:00|117595,2017-06-22,Regional Express Co.,transport_cost,Isolation Forest,64.0,285.08,0.7587771030789037,High
transport_cost|Isolation Forest|National Freight Partners|2017-04-17 00:00:00|117371,2017-04-17,National Freight Partners,transport_cost,Isolation Forest,64.0,285.04,0.7587771030789037,High
transport_cost|Isolation Forest|Regional Express Co.|2015-09-19 00:00:00|103390,2015-09-19,Regional Express Co.,transport_cost,Isolation Forest,64.0,285.01,0.7587771030789037,High
transport_cost|Isolation Forest|Regional Express Co.|2015-05-05 00:00:00|178422,2015-05-05,Regional Express Co.,transport_cost,Isolation Forest,64.0,285.6,0.7587771030789037,High
transport_cost|Isolation Forest|National Freight Partners|2016-12-16 00:00:00|44165,2016-12-16,National Freight Partners,transport_cost,Isolation Forest,64.0,285.04,0.7587771030789037,High
transport_cost|Isolation Forest|Regional Express Co.|2016-09-08 00:00:00|44661,2016-09-08,Regional Express Co.,transport_cost,Isolation Forest,64.0,285.11,0.7587771030789037,High
transport_cost|Isolation Forest|Regional Express Co.|2017-08-22 00:00:00|44195,2017-08-22,Regional Express Co.,transport_cost,Isolation Forest,64.0,285.13,0.7587771030789037,High
transport_cost|Isolation Forest|Regional Express Co.|2015-08-18 00:00:00|103859,2015-08-18,Regional Express Co.,transport_cost,Isolation Forest,64.0,285.21,0.7587771030789037,High
transport_cost|Isolation Forest|National Freight Partners|2017-03-24 00:00:00|106873,2017-03-24,National Freight Partners,transport_cost,Isolation Forest,64.0,284.85,0.7582638985079427,High
transport_cost|Isolation Forest|Regional Express Co.|2016-07-23 00:00:00|36247,2016-07-23,Regional Express Co.,transport_cost,Isolation Forest,64.0,284.82,0.7582638985079427,High
transport_cost|Isolation Forest|National Freight Partners|2015-12-08 00:00:00|48252,2015-12-08,National Freight Partners,transport_cost,Isolation Forest,64.0,284.81,0.7582638985079427,High
transport_cost|Isolation Forest|Regional Express Co.|2016-11-10 00:00:00|71455,2016-11-10,Regional Express Co.,transport_cost,Isolation Forest,64.0,284.83,0.7582638985079427,High
transport_cost|Isolation Forest|National Freight Partners|2015-03-03 00:00:00|177095,2015-03-03,National Freight Partners,transport_cost,Isolation Forest,64.0,284.78,0.7582638985079427,High
inventory_change|Isolation Forest|Sharjah Distribution Center|2015-03-17 00:00:00|74,2015-03-17,Sharjah Distribution Center,inventory_change,Isolation Forest,-35.0,754.0,0.757238530460505,High
transport_cost|Isolation Forest|Regional Express Co.|2015-01-28 00:00:00|114414,2015-01-28,Regional Express Co.,transport_cost,Isolation Forest,64.0,284.74,0.757238530460505,High
transport_cost|Isolation Forest|Regional Express Co.|2016-04-11 00:00:00|80076,2016-04-11,Regional Express Co.,transport_cost,Isolation Forest,64.0,284.72,0.7567263665146465,High
transport_cost|Isolation Forest|Regional Express Co.|2017-05-16 00:00:00|47969,2017-05-16,Regional Express Co.,transport_cost,Isolation Forest,64.0,284.63,0.7567263665146465,High
transport_cost|Isolation Forest|National Freight Partners|2015-02-09 00:00:00|150919,2015-02-09,National Freight Partners,transport_cost,Isolation Forest,64.0,284.71,0.7567263665146465,High
transport_cost|Isolation Forest|Regional Express Co.|2017-02-23 00:00:00|117341,2017-02-23,Regional Express Co.,transport_cost,Isolation Forest,64.0,284.62,0.7567263665146465,High
transport_cost|Isolation Forest|Regional Express Co.|2016-05-30 00:00:00|177060,2016-05-30,Regional Express Co.,transport_cost,Isolation Forest,64.0,284.61,0.7567263665146465,High
transport_cost|Isolation Forest|Regional Express Co.|2017-02-01 00:00:00|44827,2017-02-01,Regional Express Co.,transport_cost,Isolation Forest,64.0,284.56,0.7567263665146465,High
transport_cost|Isolation Forest|Regional Express Co.|2015-02-09 00:00:00|117616,2015-02-09,Regional Express Co.,transport_cost,Isolation Forest,64.0,284.59,0.7567263665146465,High
transport_cost|Isolation Forest|Regional Express Co.|2015-02-28 00:00:00|48124,2015-02-28,Regional Express Co.,transport_cost,Isolation Forest,64.0,284.69,0.7567263665146465,High
transport_cost|Isolation Forest|National Freight Partners|2015-02-14 00:00:00|44251,2015-02-14,National Freight Partners,transport_cost,Isolation Forest,64.0,284.35,0.7562145489747049,High
transport_cost|Isolation Forest|National Freight Partners|2015-07-10 00:00:00|117671,2015-07-10,National Freight Partners,transport_cost,Isolation Forest,64.0,283.69,0.7562145489747049,High
transport_cost|Isolation Forest|Regional Express Co.|2016-09-04 00:00:00|99073,2016-09-04,Regional Express Co.,transport_cost,Isolation Forest,64.0,284.25,0.7562145489747049,High
transport_cost|Isolation Forest|National Freight Partners|2015-12-10 00:00:00|17988,2015-12-10,National Freight Partners,transport_cost,Isolation Forest,64.0,284.21,0.7562145489747049,High
transport_cost|Isolation Forest|Regional Express Co.|2015-10-21 00:00:00|109,2015-10-21,Regional Express Co.,transport_cost,Isolation Forest,64.0,283.66,0.7562145489747049,High
transport_cost|Isolation Forest|National Freight Partners|2015-02-09 00:00:00|44334,2015-02-09,National Freight Partners,transport_cost,Isolation Forest,64.0,284.01,0.7562145489747049,High
transport_cost|Isolation Forest|Regional Express Co.|2016-10-05 00:00:00|147260,2016-10-05,Regional Express Co.,transport_cost,Isolation Forest,64.0,283.8,0.7562145489747049,High
transport_cost|Isolation Forest|National Freight Partners|2016-03-02 00:00:00|44386,2016-03-02,National Freight Partners,transport_cost,Isolation Forest,64.0,283.44,0.7562145489747049,High
transport_cost|Isolation Forest|Regional Express Co.|2017-06-11 00:00:00|137241,2017-06-11,Regional Express Co.,transport_cost,Isolation Forest,64.0,284.3,0.7562145489747049,High
transport_cost|Isolation Forest|National Freight Partners|2015-08-18 00:00:00|103860,2015-08-18,National Freight Partners,transport_cost,Isolation Forest,64.0,283.88,0.7562145489747049,High
transport_cost|Isolation Forest|National Freight Partners|2016-05-30 00:00:00|152343,2016-05-30,National Freight Partners,transport_cost,Isolation Forest,64.0,283.65,0.7562145489747049,High
transport_cost|Isolation Forest|Regional Express Co.|2015-08-21 00:00:00|103818,2015-08-21,Regional Express Co.,transport_cost,Isolation Forest,64.0,284.11,0.7562145489747049,High
transport_cost|Isolation Forest|Regional Express Co.|2016-05-03 00:00:00|101360,2016-05-03,Regional Express Co.,transport_cost,Isolation Forest,64.0,283.64,0.7562145489747049,High
transport_cost|Isolation Forest|Regional Express Co.|2017-07-08 00:00:00|54141,2017-07-08,Regional Express Co.,transport_cost,Isolation Forest,64.0,284.55,0.7562145489747049,High
transport_cost|Isolation Forest|Regional Express Co.|2015-05-05 00:00:00|157216,2015-05-05,Regional Express Co.,transport_cost,Isolation Forest,64.0,284.46,0.7562145489747049,High
transport_cost|Isolation Forest|Regional Express Co.|2016-05-13 00:00:00|39248,2016-05-13,Regional Express Co.,transport_cost,Isolation Forest,64.0,284.29,0.7562145489747049,High
transport_cost|Isolation Forest|National Freight Partners|2016-11-01 00:00:00|112568,2016-11-01,National Freight Partners,transport_cost,Isolation Forest,64.0,284.46,0.7562145489747049,High
transport_cost|Isolation Forest|Regional Express Co.|2015-06-13 00:00:00|5772,2015-06-13,Regional Express Co.,transport_cost,Isolation Forest,64.0,283.96,0.7562145489747049,High
transport_cost|Isolation Forest|Regional Express Co.|2016-03-29 00:00:00|153370,2016-03-29,Regional Express Co.,transport_cost,Isolation Forest,64.0,284.33,0.7562145489747049,High
transport_cost|Isolation Forest|National Freight Partners|2016-02-19 00:00:00|36372,2016-02-19,National Freight Partners,transport_cost,Isolation Forest,64.0,284.26,0.7562145489747049,High
transport_cost|Isolation Forest|Regional Express Co.|2016-04-23 00:00:00|101558,2016-04-23,Regional Express Co.,transport_cost,Isolation Forest,64.0,283.93,0.7562145489747049,High
transport_cost|Isolation Forest|Regional Express Co.|2015-08-21 00:00:00|117286,2015-08-21,Regional Express Co.,transport_cost,Isolation Forest,64.0,284.35,0.7562145489747049,High
transport_cost|Isolation Forest|National Freight Partners|2015-12-08 00:00:00|102133,2015-12-08,National Freight Partners,transport_cost,Isolation Forest,64.0,284.38,0.7562145489747049,High
transport_cost|Isolation Forest|National Freight Partners|2016-09-17 00:00:00|176938,2016-09-17,National Freight Partners,transport_cost,Isolation Forest,64.0,283.67,0.7562145489747049,High
transport_cost|Isolation Forest|National Freight Partners|2016-05-14 00:00:00|101146,2016-05-14,National Freight Partners,transport_cost,Isolation Forest,64.0,284.36,0.7562145489747049,High
transport_cost|Isolation Forest|Regional Express Co.|2015-04-06 00:00:00|178970,2015-04-06,Regional Express Co.,transport_cost,Isolation Forest,64.0,284.38,0.7562145489747049,High
transport_cost|Isolation Forest|Regional Express Co.|2017-01-25 00:00:00|110942,2017-01-25,Regional Express Co.,transport_cost,Isolation Forest,64.0,284.1,0.7562145489747049,High
transport_cost|Isolation Forest|Regional Express Co.|2016-06-03 00:00:00|29193,2016-06-03,Regional Express Co.,transport_cost,Isolation Forest,64.0,283.86,0.7562145489747049,High
transport_cost|Isolation Forest|National Freight Partners|2016-01-11 00:00:00|44395,2016-01-11,National Freight Partners,transport_cost,Isolation Forest,64.0,283.88,0.7562145489747049,High
transport_cost|Isolation Forest|Regional Express Co.|2016-10-01 00:00:00|176811,2016-10-01,Regional Express Co.,transport_cost,Isolation Forest,64.0,284.38,0.7562145489747049,High
transport_cost|Isolation Forest|Regional Express Co.|2015-06-28 00:00:00|44693,2015-06-28,Regional Express Co.,transport_cost,Isolation Forest,64.0,283.78,0.7562145489747049,High
transport_cost|Isolation Forest|Regional Express Co.|2015-07-14 00:00:00|69265,2015-07-14,Regional Express Co.,transport_cost,Isolation Forest,64.0,283.43,0.7562145489747049,High
transport_cost|Isolation Forest|Regional Express Co.|2017-03-30 00:00:00|138485,2017-03-30,Regional Express Co.,transport_cost,Isolation Forest,64.0,284.45,0.7562145489747049,High
transport_cost|Isolation Forest|Regional Express Co.|2017-02-28 00:00:00|44714,2017-02-28,Regional Express Co.,transport_cost,Isolation Forest,64.0,284.14,0.7562145489747049,High
transport_cost|Isolation Forest|National Freight Partners|2015-09-11 00:00:00|97208,2015-09-11,National Freight Partners,transport_cost,Isolation Forest,64.0,284.43,0.7562145489747049,High
transport_cost|Isolation Forest|National Freight Partners|2017-08-16 00:00:00|11392,2017-08-16,National Freight Partners,transport_cost,Isolation Forest,64.0,284.24,0.7562145489747049,High
transport_cost|Isolation Forest|National Freight Partners|2015-09-15 00:00:00|69200,2015-09-15,National Freight Partners,transport_cost,Isolation Forest,64.0,283.84,0.7562145489747049,High
transport_cost|Isolation Forest|National Freight Partners|2015-02-01 00:00:00|76627,2015-02-01,National Freight Partners,transport_cost,Isolation Forest,64.0,283.76,0.7562145489747049,High
transport_cost|Isolation Forest|National Freight Partners|2015-03-27 00:00:00|44355,2015-03-27,National Freight Partners,transport_cost,Isolation Forest,64.0,283.57,0.7557030776063858,High
transport_cost|Isolation Forest|National Freight Partners|2016-05-30 00:00:00|18074,2016-05-30,National Freight Partners,transport_cost,Isolation Forest,64.0,283.56,0.7557030776063858,High
transport_cost|Isolation Forest|Regional Express Co.|2015-07-17 00:00:00|97200,2015-07-17,Regional Express Co.,transport_cost,Isolation Forest,64.0,283.37,0.7557030776063858,High
transport_cost|Isolation Forest|National Freight Partners|2017-02-14 00:00:00|48176,2017-02-14,National Freight Partners,transport_cost,Isolation Forest,64.0,283.61,0.7557030776063858,High
transport_cost|Isolation Forest|Regional Express Co.|2017-02-19 00:00:00|18019,2017-02-19,Regional Express Co.,transport_cost,Isolation Forest,64.0,283.53,0.7557030776063858,High
transport_cost|Isolation Forest|Regional Express Co.|2017-04-04 00:00:00|138397,2017-04-04,Regional Express Co.,transport_cost,Isolation Forest,64.0,283.36,0.7557030776063858,High
transport_cost|Isolation Forest|Regional Express Co.|2015-05-22 00:00:00|61740,2015-05-22,Regional Express Co.,transport_cost,Isolation Forest,64.0,283.35,0.7557030776063858,High
transport_cost|Isolation Forest|Regional Express Co.|2015-08-18 00:00:00|169139,2015-08-18,Regional Express Co.,transport_cost,Isolation Forest,64.0,283.58,0.7557030776063858,High
transport_cost|Isolation Forest|Regional Express Co.|2017-01-28 00:00:00|71656,2017-01-28,Regional Express Co.,transport_cost,Isolation Forest,64.0,283.48,0.7557030776063858,High
inventory_change|Isolation Forest|Ras Al Khaimah Distribution Center|2015-05-19 00:00:00|135,2015-05-19,Ras Al Khaimah Distribution Center,inventory_change,Isolation Forest,0.0,28.0,0.7547664576111739,High
inventory_change|Isolation Forest|Ras Al Khaimah Distribution Center|2017-01-02 00:00:00|729,2017-01-02,Ras Al Khaimah Distribution Center,inventory_change,Isolation Forest,0.0,28.0,0.7547664576111739,High
inventory_change|Isolation Forest|Ras Al Khaimah Distribution Center|2016-04-30 00:00:00|482,2016-04-30,Ras Al Khaimah Distribution Center,inventory_change,Isolation Forest,0.0,28.0,0.7547664576111739,High
inventory_change|Isolation Forest|Abu Dhabi Distribution Center|2015-12-04 00:00:00|336,2015-12-04,Abu Dhabi Distribution Center,inventory_change,Isolation Forest,-52.0,1355.0,0.7541707381905985,High
inventory_change|Isolation Forest|Ras Al Khaimah Distribution Center|2018-04-02 00:00:00|1184,2018-04-02,Ras Al Khaimah Distribution Center,inventory_change,Isolation Forest,0.0,-11.0,0.7538800252181543,High
transport_cost|Isolation Forest|National Freight Partners|2016-09-30 00:00:00|44764,2016-09-30,National Freight Partners,transport_cost,Isolation Forest,64.0,282.57,0.7531509051499187,High
transport_cost|Isolation Forest|National Freight Partners|2016-09-19 00:00:00|122386,2016-09-19,National Freight Partners,transport_cost,Isolation Forest,64.0,283.17,0.7531509051499187,High
transport_cost|Isolation Forest|Regional Express Co.|2016-05-14 00:00:00|79546,2016-05-14,Regional Express Co.,transport_cost,Isolation Forest,64.0,281.59,0.7531509051499187,High
transport_cost|Isolation Forest|Regional Express Co.|2016-05-08 00:00:00|79672,2016-05-08,Regional Express Co.,transport_cost,Isolation Forest,64.0,282.27,0.7531509051499187,High
transport_cost|Isolation Forest|National Freight Partners|2017-07-07 00:00:00|104885,2017-07-07,National Freight Partners,transport_cost,Isolation Forest,64.0,281.8,0.7531509051499187,High
transport_cost|Isolation Forest|National Freight Partners|2017-05-15 00:00:00|137677,2017-05-15,National Freight Partners,transport_cost,Isolation Forest,64.0,279.56,0.7531509051499187,High
transport_cost|Isolation Forest|Regional Express Co.|2015-03-20 00:00:00|125023,2015-03-20,Regional Express Co.,transport_cost,Isolation Forest,64.0,282.94,0.7531509051499187,High
transport_cost|Isolation Forest|National Freight Partners|2016-11-15 00:00:00|112305,2016-11-15,National Freight Partners,transport_cost,Isolation Forest,64.0,280.67,0.7531509051499187,High
transport_cost|Isolation Forest|Regional Express Co.|2017-05-30 00:00:00|125109,2017-05-30,Regional Express Co.,transport_cost,Isolation Forest,64.0,281.41,0.7531509051499187,High
transport_cost|Isolation Forest|National Freight Partners|2015-08-17 00:00:00|103883,2015-08-17,National Freight Partners,transport_cost,Isolation Forest,64.0,281.32,0.7531509051499187,High
transport_cost|Isolation Forest|National Freight Partners|2016-12-20 00:00:00|44650,2016-12-20,National Freight Partners,transport_cost,Isolation Forest,64.0,282.44,0.7531509051499187,High
transport_cost|Isolation Forest|National Freight Partners|2016-10-14 00:00:00|125126,2016-10-14,National Freight Partners,transport_cost,Isolation Forest,64.0,282.95,0.7531509051499187,High
transport_cost|Isolation Forest|Regional Express Co.|2017-05-31 00:00:00|54736,2017-05-31,Regional Express Co.,transport_cost,Isolation Forest,64.0,281.95,0.7531509051499187,High
transport_cost|Isolation Forest|National Freight Partners|2016-10-23 00:00:00|112747,2016-10-23,National Freight Partners,transport_cost,Isolation Forest,64.0,283.25,0.7531509051499187,High
transport_cost|Isolation Forest|National Freight Partners|2016-02-21 00:00:00|48196,2016-02-21,National Freight Partners,transport_cost,Isolation Forest,64.0,282.46,0.7531509051499187,High
transport_cost|Isolation Forest|Regional Express Co.|2017-03-10 00:00:00|117323,2017-03-10,Regional Express Co.,transport_cost,Isolation Forest,64.0,283.0,0.7531509051499187,High
transport_cost|Isolation Forest|National Freight Partners|2016-03-29 00:00:00|48197,2016-03-29,National Freight Partners,transport_cost,Isolation Forest,64.0,282.62,0.7531509051499187,High
transport_cost|Isolation Forest|Regional Express Co.|2017-07-08 00:00:00|136744,2017-07-08,Regional Express Co.,transport_cost,Isolation Forest,64.0,282.47,0.7531509051499187,High
transport_cost|Isolation Forest|Regional Express Co.|2016-07-16 00:00:00|97382,2016-07-16,Regional Express Co.,transport_cost,Isolation Forest,64.0,281.99,0.7531509051499187,High
transport_cost|Isolation Forest|Regional Express Co.|2016-07-24 00:00:00|44628,2016-07-24,Regional Express Co.,transport_cost,Isolation Forest,64.0,280.01,0.7531509051499187,High
transport_cost|Isolation Forest|Regional Express Co.|2017-07-25 00:00:00|52088,2017-07-25,Regional Express Co.,transport_cost,Isolation Forest,64.0,279.57,0.7531509051499187,High
transport_cost|Isolation Forest|National Freight Partners|2016-09-30 00:00:00|48261,2016-09-30,National Freight Partners,transport_cost,Isolation Forest,64.0,282.9,0.7531509051499187,High
transport_cost|Isolation Forest|Regional Express Co.|2016-04-20 00:00:00|101624,2016-04-20,Regional Express Co.,transport_cost,Isolation Forest,64.0,279.86,0.7531509051499187,High
transport_cost|Isolation Forest|Regional Express Co.|2015-11-02 00:00:00|102716,2015-11-02,Regional Express Co.,transport_cost,Isolation Forest,64.0,282.22,0.7531509051499187,High
transport_cost|Isolation Forest|Regional Express Co.|2017-02-09 00:00:00|97367,2017-02-09,Regional Express Co.,transport_cost,Isolation Forest,64.0,281.52,0.7531509051499187,High
transport_cost|Isolation Forest|Regional Express Co.|2015-12-22 00:00:00|48055,2015-12-22,Regional Express Co.,transport_cost,Isolation Forest,64.0,280.19,0.7531509051499187,High
transport_cost|Isolation Forest|Regional Express Co.|2015-02-25 00:00:00|113903,2015-02-25,Regional Express Co.,transport_cost,Isolation Forest,64.0,279.75,0.7531509051499187,High
transport_cost|Isolation Forest|National Freight Partners|2015-03-05 00:00:00|71792,2015-03-05,National Freight Partners,transport_cost,Isolation Forest,64.0,282.64,0.7531509051499187,High
transport_cost|Isolation Forest|National Freight Partners|2016-03-24 00:00:00|140338,2016-03-24,National Freight Partners,transport_cost,Isolation Forest,64.0,282.53,0.7531509051499187,High
transport_cost|Isolation Forest|National Freight Partners|2015-06-24 00:00:00|71701,2015-06-24,National Freight Partners,transport_cost,Isolation Forest,64.0,280.59,0.7531509051499187,High
transport_cost|Isolation Forest|Regional Express Co.|2016-05-15 00:00:00|71681,2016-05-15,Regional Express Co.,transport_cost,Isolation Forest,64.0,279.87,0.7531509051499187,High
transport_cost|Isolation Forest|Regional Express Co.|2016-05-13 00:00:00|44759,2016-05-13,Regional Express Co.,transport_cost,Isolation Forest,64.0,280.68,0.7531509051499187,High
transport_cost|Isolation Forest|National Freight Partners|2016-05-01 00:00:00|71634,2016-05-01,National Freight Partners,transport_cost,Isolation Forest,64.0,281.26,0.7531509051499187,High
transport_cost|Isolation Forest|Regional Express Co.|2016-07-24 00:00:00|71632,2016-07-24,Regional Express Co.,transport_cost,Isolation Forest,64.0,282.66,0.7531509051499187,High
transport_cost|Isolation Forest|National Freight Partners|2017-08-29 00:00:00|47867,2017-08-29,National Freight Partners,transport_cost,Isolation Forest,64.0,281.64,0.7531509051499187,High
transport_cost|Isolation Forest|National Freight Partners|2015-08-14 00:00:00|71481,2015-08-14,National Freight Partners,transport_cost,Isolation Forest,64.0,281.87,0.7531509051499187,High
transport_cost|Isolation Forest|Regional Express Co.|2016-11-14 00:00:00|117731,2016-11-14,Regional Express Co.,transport_cost,Isolation Forest,64.0,282.64,0.7531509051499187,High
transport_cost|Isolation Forest|Regional Express Co.|2016-11-28 00:00:00|73569,2016-11-28,Regional Express Co.,transport_cost,Isolation Forest,64.0,280.88,0.7531509051499187,High
transport_cost|Isolation Forest|National Freight Partners|2016-07-24 00:00:00|117577,2016-07-24,National Freight Partners,transport_cost,Isolation Forest,64.0,282.99,0.7531509051499187,High
transport_cost|Isolation Forest|National Freight Partners|2016-11-10 00:00:00|71457,2016-11-10,National Freight Partners,transport_cost,Isolation Forest,64.0,283.03,0.7531509051499187,High
transport_cost|Isolation Forest|National Freight Partners|2015-03-22 00:00:00|122215,2015-03-22,National Freight Partners,transport_cost,Isolation Forest,64.0,281.31,0.7531509051499187,High
transport_cost|Isolation Forest|Regional Express Co.|2016-05-11 00:00:00|141768,2016-05-11,Regional Express Co.,transport_cost,Isolation Forest,64.0,280.43,0.7531509051499187,High
transport_cost|Isolation Forest|Regional Express Co.|2015-11-03 00:00:00|122238,2015-11-03,Regional Express Co.,transport_cost,Isolation Forest,64.0,282.87,0.7531509051499187,High
transport_cost|Isolation Forest|Regional Express Co.|2017-07-19 00:00:00|136578,2017-07-19,Regional Express Co.,transport_cost,Isolation Forest,64.0,282.16,0.7531509051499187,High
transport_cost|Isolation Forest|Regional Express Co.|2015-08-16 00:00:00|69137,2015-08-16,Regional Express Co.,transport_cost,Isolation Forest,64.0,279.85,0.7531509051499187,High
transport_cost|Isolation Forest|Regional Express Co.|2017-03-03 00:00:00|47982,2017-03-03,Regional Express Co.,transport_cost,Isolation Forest,64.0,279.93,0.7531509051499187,High
transport_cost|Isolation Forest|National Freight Partners|2016-07-27 00:00:00|117494,2016-07-27,National Freight Partners,transport_cost,Isolation Forest,64.0,280.55,0.7531509051499187,High
transport_cost|Isolation Forest|Regional Express Co.|2017-08-29 00:00:00|77773,2017-08-29,Regional Express Co.,transport_cost,Isolation Forest,64.0,283.23,0.7531509051499187,High
transport_cost|Isolation Forest|National Freight Partners|2017-05-15 00:00:00|105829,2017-05-15,National Freight Partners,transport_cost,Isolation Forest,64.0,280.82,0.7531509051499187,High
transport_cost|Isolation Forest|Regional Express Co.|2015-01-29 00:00:00|63916,2015-01-29,Regional Express Co.,transport_cost,Isolation Forest,64.0,280.01,0.7531509051499187,High
transport_cost|Isolation Forest|Regional Express Co.|2015-03-27 00:00:00|117408,2015-03-27,Regional Express Co.,transport_cost,Isolation Forest,64.0,279.99,0.7531509051499187,High
transport_cost|Isolation Forest|National Freight Partners|2015-02-11 00:00:00|117400,2015-02-11,National Freight Partners,transport_cost,Isolation Forest,64.0,281.24,0.7531509051499187,High
transport_cost|Isolation Forest|National Freight Partners|2016-06-21 00:00:00|78994,2016-06-21,National Freight Partners,transport_cost,Isolation Forest,64.0,282.54,0.7531509051499187,High
transport_cost|Isolation Forest|Regional Express Co.|2015-11-04 00:00:00|102687,2015-11-04,Regional Express Co.,transport_cost,Isolation Forest,64.0,280.33,0.7531509051499187,High
transport_cost|Isolation Forest|National Freight Partners|2016-01-13 00:00:00|4055,2016-01-13,National Freight Partners,transport_cost,Isolation Forest,64.0,279.65,0.7531509051499187,High
transport_cost|Isolation Forest|Regional Express Co.|2017-06-16 00:00:00|165859,2017-06-16,Regional Express Co.,transport_cost,Isolation Forest,64.0,279.54,0.7531509051499187,High
transport_cost|Isolation Forest|Regional Express Co.|2016-08-05 00:00:00|39144,2016-08-05,Regional Express Co.,transport_cost,Isolation Forest,64.0,283.26,0.7531509051499187,High
transport_cost|Isolation Forest|National Freight Partners|2016-02-21 00:00:00|11388,2016-02-21,National Freight Partners,transport_cost,Isolation Forest,64.0,279.5,0.7531509051499187,High
transport_cost|Isolation Forest|Regional Express Co.|2016-08-05 00:00:00|39211,2016-08-05,Regional Express Co.,transport_cost,Isolation Forest,64.0,282.14,0.7531509051499187,High
transport_cost|Isolation Forest|National Freight Partners|2016-07-16 00:00:00|29329,2016-07-16,National Freight Partners,transport_cost,Isolation Forest,64.0,279.83,0.7531509051499187,High
transport_cost|Isolation Forest|Regional Express Co.|2016-09-20 00:00:00|176800,2016-09-20,Regional Express Co.,transport_cost,Isolation Forest,64.0,282.82,0.7531509051499187,High
transport_cost|Isolation Forest|Regional Express Co.|2015-07-24 00:00:00|18032,2015-07-24,Regional Express Co.,transport_cost,Isolation Forest,64.0,281.25,0.7531509051499187,High
transport_cost|Isolation Forest|National Freight Partners|2015-11-02 00:00:00|176809,2015-11-02,National Freight Partners,transport_cost,Isolation Forest,64.0,282.66,0.7531509051499187,High
transport_cost|Isolation Forest|Regional Express Co.|2015-04-09 00:00:00|18043,2015-04-09,Regional Express Co.,transport_cost,Isolation Forest,64.0,281.71,0.7531509051499187,High
transport_cost|Isolation Forest|Regional Express Co.|2017-11-15 00:00:00|11325,2017-11-15,Regional Express Co.,transport_cost,Isolation Forest,64.0,282.22,0.7531509051499187,High
transport_cost|Isolation Forest|National Freight Partners|2015-07-21 00:00:00|157323,2015-07-21,National Freight Partners,transport_cost,Isolation Forest,64.0,282.53,0.7531509051499187,High
transport_cost|Isolation Forest|National Freight Partners|2015-02-11 00:00:00|11302,2015-02-11,National Freight Partners,transport_cost,Isolation Forest,64.0,283.27,0.7531509051499187,High
transport_cost|Isolation Forest|Regional Express Co.|2015-06-02 00:00:00|157438,2015-06-02,Regional Express Co.,transport_cost,Isolation Forest,64.0,280.21,0.7531509051499187,High
transport_cost|Isolation Forest|National Freight Partners|2015-03-25 00:00:00|176904,2015-03-25,National Freight Partners,transport_cost,Isolation Forest,64.0,281.91,0.7531509051499187,High
transport_cost|Isolation Forest|Regional Express Co.|2016-06-17 00:00:00|16222,2016-06-17,Regional Express Co.,transport_cost,Isolation Forest,64.0,282.48,0.7531509051499187,High
transport_cost|Isolation Forest|National Freight Partners|2016-01-05 00:00:00|5695,2016-01-05,National Freight Partners,transport_cost,Isolation Forest,64.0,280.18,0.7531509051499187,High
transport_cost|Isolation Forest|National Freight Partners|2015-09-15 00:00:00|157491,2015-09-15,National Freight Partners,transport_cost,Isolation Forest,64.0,282.25,0.7531509051499187,High
transport_cost|Isolation Forest|National Freight Partners|2016-03-16 00:00:00|153613,2016-03-16,National Freight Partners,transport_cost,Isolation Forest,64.0,281.34,0.7531509051499187,High
transport_cost|Isolation Forest|Regional Express Co.|2015-04-10 00:00:00|169084,2015-04-10,Regional Express Co.,transport_cost,Isolation Forest,64.0,280.42,0.7531509051499187,High
transport_cost|Isolation Forest|National Freight Partners|2016-01-23 00:00:00|29313,2016-01-23,National Freight Partners,transport_cost,Isolation Forest,64.0,281.59,0.7531509051499187,High
transport_cost|Isolation Forest|Regional Express Co.|2015-05-29 00:00:00|29308,2015-05-29,Regional Express Co.,transport_cost,Isolation Forest,64.0,280.3,0.7531509051499187,High
transport_cost|Isolation Forest|Regional Express Co.|2015-12-05 00:00:00|18020,2015-12-05,Regional Express Co.,transport_cost,Isolation Forest,64.0,281.77,0.7531509051499187,High
transport_cost|Isolation Forest|Regional Express Co.|2017-09-13 00:00:00|44166,2017-09-13,Regional Express Co.,transport_cost,Isolation Forest,64.0,281.67,0.7531509051499187,High
transport_cost|Isolation Forest|Regional Express Co.|2016-11-26 00:00:00|176651,2016-11-26,Regional Express Co.,transport_cost,Isolation Forest,64.0,281.23,0.7531509051499187,High
transport_cost|Isolation Forest|Regional Express Co.|2017-01-27 00:00:00|157402,2017-01-27,Regional Express Co.,transport_cost,Isolation Forest,64.0,282.46,0.7531509051499187,High
transport_cost|Isolation Forest|Regional Express Co.|2016-05-01 00:00:00|152823,2016-05-01,Regional Express Co.,transport_cost,Isolation Forest,64.0,280.91,0.7531509051499187,High
transport_cost|Isolation Forest|National Freight Partners|2016-11-22 00:00:00|29207,2016-11-22,National Freight Partners,transport_cost,Isolation Forest,64.0,281.86,0.7531509051499187,High
transport_cost|Isolation Forest|National Freight Partners|2017-02-08 00:00:00|157337,2017-02-08,National Freight Partners,transport_cost,Isolation Forest,64.0,279.8,0.7531509051499187,High
transport_cost|Isolation Forest|Regional Express Co.|2016-02-11 00:00:00|16084,2016-02-11,Regional Express Co.,transport_cost,Isolation Forest,64.0,282.56,0.7531509051499187,High
transport_cost|Isolation Forest|National Freight Partners|2017-02-03 00:00:00|16058,2017-02-03,National Freight Partners,transport_cost,Isolation Forest,64.0,280.04,0.7531509051499187,High
transport_cost|Isolation Forest|National Freight Partners|2016-08-06 00:00:00|172848,2016-08-06,National Freight Partners,transport_cost,Isolation Forest,64.0,280.77,0.7531509051499187,High
transport_cost|Isolation Forest|Regional Express Co.|2017-05-24 00:00:00|29305,2017-05-24,Regional Express Co.,transport_cost,Isolation Forest,64.0,280.95,0.7531509051499187,High
transport_cost|Isolation Forest|Regional Express Co.|2016-05-11 00:00:00|152669,2016-05-11,Regional Express Co.,transport_cost,Isolation Forest,64.0,281.88,0.7531509051499187,High
transport_cost|Isolation Forest|National Freight Partners|2015-11-30 00:00:00|16248,2015-11-30,National Freight Partners,transport_cost,Isolation Forest,64.0,279.4,0.7531509051499187,High
transport_cost|Isolation Forest|Regional Express Co.|2016-07-18 00:00:00|172798,2016-07-18,Regional Express Co.,transport_cost,Isolation Forest,64.0,280.25,0.7531509051499187,High
transport_cost|Isolation Forest|National Freight Partners|2015-05-03 00:00:00|172784,2015-05-03,National Freight Partners,transport_cost,Isolation Forest,64.0,281.36,0.7531509051499187,High
transport_cost|Isolation Forest|National Freight Partners|2016-09-27 00:00:00|15986,2016-09-27,National Freight Partners,transport_cost,Isolation Forest,64.0,279.78,0.7531509051499187,High
transport_cost|Isolation Forest|National Freight Partners|2015-10-14 00:00:00|44224,2015-10-14,National Freight Partners,transport_cost,Isolation Forest,64.0,283.01,0.7531509051499187,High
transport_cost|Isolation Forest|Regional Express Co.|2017-02-28 00:00:00|176740,2017-02-28,Regional Express Co.,transport_cost,Isolation Forest,64.0,281.8,0.7531509051499187,High
transport_cost|Isolation Forest|Regional Express Co.|2015-02-02 00:00:00|4044,2015-02-02,Regional Express Co.,transport_cost,Isolation Forest,64.0,281.97,0.7531509051499187,High
transport_cost|Isolation Forest|National Freight Partners|2015-02-15 00:00:00|176916,2015-02-15,National Freight Partners,transport_cost,Isolation Forest,64.0,280.11,0.7531509051499187,High
transport_cost|Isolation Forest|Regional Express Co.|2016-05-11 00:00:00|177050,2016-05-11,Regional Express Co.,transport_cost,Isolation Forest,64.0,280.17,0.7531509051499187,High
transport_cost|Isolation Forest|Regional Express Co.|2017-12-01 00:00:00|157268,2017-12-01,Regional Express Co.,transport_cost,Isolation Forest,64.0,281.69,0.7531509051499187,High
transport_cost|Isolation Forest|National Freight Partners|2017-01-27 00:00:00|36288,2017-01-27,National Freight Partners,transport_cost,Isolation Forest,64.0,283.23,0.7531509051499187,High
transport_cost|Isolation Forest|Regional Express Co.|2015-07-14 00:00:00|19958,2015-07-14,Regional Express Co.,transport_cost,Isolation Forest,64.0,282.31,0.7531509051499187,High
transport_cost|Isolation Forest|National Freight Partners|2017-01-04 00:00:00|165828,2017-01-04,National Freight Partners,transport_cost,Isolation Forest,64.0,280.37,0.7531509051499187,High
transport_cost|Isolation Forest|National Freight Partners|2015-05-26 00:00:00|169017,2015-05-26,National Freight Partners,transport_cost,Isolation Forest,64.0,280.78,0.7531509051499187,High
transport_cost|Isolation Forest|National Freight Partners|2017-09-04 00:00:00|19929,2017-09-04,National Freight Partners,transport_cost,Isolation Forest,64.0,280.93,0.7531509051499187,High
transport_cost|Isolation Forest|National Freight Partners|2015-12-10 00:00:00|169045,2015-12-10,National Freight Partners,transport_cost,Isolation Forest,64.0,279.87,0.7531509051499187,High
transport_cost|Isolation Forest|National Freight Partners|2016-02-21 00:00:00|179880,2016-02-21,National Freight Partners,transport_cost,Isolation Forest,64.0,282.56,0.7531509051499187,High
transport_cost|Isolation Forest|National Freight Partners|2017-08-27 00:00:00|36190,2017-08-27,National Freight Partners,transport_cost,Isolation Forest,64.0,280.29,0.7531509051499187,High
transport_cost|Isolation Forest|Regional Express Co.|2015-11-16 00:00:00|142315,2015-11-16,Regional Express Co.,transport_cost,Isolation Forest,64.0,279.89,0.7531509051499187,High
transport_cost|Isolation Forest|National Freight Partners|2017-04-05 00:00:00|157236,2017-04-05,National Freight Partners,transport_cost,Isolation Forest,64.0,280.25,0.7531509051499187,High
transport_cost|Isolation Forest|Regional Express Co.|2016-12-15 00:00:00|133,2016-12-15,Regional Express Co.,transport_cost,Isolation Forest,64.0,281.87,0.7531509051499187,High
transport_cost|Isolation Forest|Regional Express Co.|2017-07-22 00:00:00|36196,2017-07-22,Regional Express Co.,transport_cost,Isolation Forest,64.0,280.59,0.7531509051499187,High
transport_cost|Isolation Forest|Regional Express Co.|2016-05-30 00:00:00|16221,2016-05-30,Regional Express Co.,transport_cost,Isolation Forest,64.0,279.5,0.7531509051499187,High
transport_cost|Isolation Forest|Regional Express Co.|2017-11-15 00:00:00|157285,2017-11-15,Regional Express Co.,transport_cost,Isolation Forest,64.0,282.58,0.7531509051499187,High
transport_cost|Isolation Forest|Regional Express Co.|2016-06-08 00:00:00|177062,2016-06-08,Regional Express Co.,transport_cost,Isolation Forest,64.0,280.91,0.7531509051499187,High
transport_cost|Isolation Forest|National Freight Partners|2016-09-15 00:00:00|98861,2016-09-15,National Freight Partners,transport_cost,Isolation Forest,64.0,283.3,0.7526415059000232,High
transport_cost|Isolation Forest|National Freight Partners|2015-08-25 00:00:00|176645,2015-08-25,National Freight Partners,transport_cost,Isolation Forest,64.0,281.15,0.7526415059000232,High
transport_cost|Isolation Forest|Regional Express Co.|2016-01-05 00:00:00|132661,2016-01-05,Regional Express Co.,transport_cost,Isolation Forest,64.0,283.29,0.7526415059000232,High
transport_cost|Isolation Forest|National Freight Partners|2016-06-29 00:00:00|48083,2016-06-29,National Freight Partners,transport_cost,Isolation Forest,64.0,283.32,0.7526415059000232,High
transport_cost|Isolation Forest|Regional Express Co.|2017-01-12 00:00:00|44512,2017-01-12,Regional Express Co.,transport_cost,Isolation Forest,64.0,279.38,0.7526415059000232,High
transport_cost|Isolation Forest|National Freight Partners|2017-01-14 00:00:00|117508,2017-01-14,National Freight Partners,transport_cost,Isolation Forest,64.0,281.13,0.7526415059000232,High
transport_cost|Isolation Forest|Regional Express Co.|2016-01-11 00:00:00|150889,2016-01-11,Regional Express Co.,transport_cost,Isolation Forest,64.0,279.36,0.7526415059000232,High
transport_cost|Isolation Forest|Regional Express Co.|2015-08-28 00:00:00|36199,2015-08-28,Regional Express Co.,transport_cost,Isolation Forest,64.0,281.19,0.7526415059000232,High
transport_cost|Isolation Forest|National Freight Partners|2015-03-11 00:00:00|157444,2015-03-11,National Freight Partners,transport_cost,Isolation Forest,64.0,281.03,0.7526415059000232,High
transport_cost|Isolation Forest|Regional Express Co.|2015-10-29 00:00:00|117796,2015-10-29,Regional Express Co.,transport_cost,Isolation Forest,64.0,281.0,0.7526415059000232,High
transport_cost|Isolation Forest|Regional Express Co.|2015-02-09 00:00:00|114186,2015-02-09,Regional Express Co.,transport_cost,Isolation Forest,64.0,281.18,0.7526415059000232,High
transport_cost|Isolation Forest|Regional Express Co.|2015-01-12 00:00:00|76927,2015-01-12,Regional Express Co.,transport_cost,Isolation Forest,64.0,283.13,0.7526415059000232,High
transport_cost|Isolation Forest|Regional Express Co.|2016-05-30 00:00:00|176872,2016-05-30,Regional Express Co.,transport_cost,Isolation Forest,64.0,281.17,0.7526415059000232,High
transport_cost|Isolation Forest|Regional Express Co.|2015-07-26 00:00:00|144439,2015-07-26,Regional Express Co.,transport_cost,Isolation Forest,64.0,283.31,0.7526415059000232,High
transport_cost|Isolation Forest|National Freight Partners|2015-06-22 00:00:00|44694,2015-06-22,National Freight Partners,transport_cost,Isolation Forest,64.0,281.09,0.7526415059000232,High
transport_cost|Isolation Forest|National Freight Partners|2017-12-01 00:00:00|117447,2017-12-01,National Freight Partners,transport_cost,Isolation Forest,64.0,279.32,0.7526415059000232,High
transport_cost|Isolation Forest|Regional Express Co.|2016-04-10 00:00:00|130817,2016-04-10,Regional Express Co.,transport_cost,Isolation Forest,64.0,283.3,0.7526415059000232,High
transport_cost|Isolation Forest|Regional Express Co.|2017-06-26 00:00:00|97211,2017-06-26,Regional Express Co.,transport_cost,Isolation Forest,64.0,283.28,0.7526415059000232,High
transport_cost|Isolation Forest|National Freight Partners|2017-11-23 00:00:00|157254,2017-11-23,National Freight Partners,transport_cost,Isolation Forest,64.0,281.12,0.7526415059000232,High
transport_cost|Isolation Forest|Regional Express Co.|2015-04-12 00:00:00|29351,2015-04-12,Regional Express Co.,transport_cost,Isolation Forest,64.0,283.28,0.7526415059000232,High
transport_cost|Isolation Forest|Regional Express Co.|2015-12-20 00:00:00|63939,2015-12-20,Regional Express Co.,transport_cost,Isolation Forest,64.0,278.83,0.750607351930875,High
transport_cost|Isolation Forest|Regional Express Co.|2015-12-02 00:00:00|102233,2015-12-02,Regional Express Co.,transport_cost,Isolation Forest,64.0,278.98,0.750607351930875,High
transport_cost|Isolation Forest|Regional Express Co.|2016-10-29 00:00:00|44389,2016-10-29,Regional Express Co.,transport_cost,Isolation Forest,64.0,279.21,0.750607351930875,High
inventory_change|Isolation Forest|Ajman Distribution Center|2017-07-12 00:00:00|922,2017-07-12,Ajman Distribution Center,inventory_change,Isolation Forest,-79.5,1687.0,0.750607351930875,High
transport_cost|Isolation Forest|Regional Express Co.|2015-07-16 00:00:00|69143,2015-07-16,Regional Express Co.,transport_cost,Isolation Forest,64.0,279.1,0.750607351930875,High
transport_cost|Isolation Forest|National Freight Partners|2017-10-29 00:00:00|97197,2017-10-29,National Freight Partners,transport_cost,Isolation Forest,64.0,278.91,0.750607351930875,High
transport_cost|Isolation Forest|Regional Express Co.|2017-03-22 00:00:00|71759,2017-03-22,Regional Express Co.,transport_cost,Isolation Forest,64.0,278.82,0.750607351930875,High
transport_cost|Isolation Forest|National Freight Partners|2017-06-06 00:00:00|122296,2017-06-06,National Freight Partners,transport_cost,Isolation Forest,64.0,279.31,0.750607351930875,High
transport_cost|Isolation Forest|National Freight Partners|2017-01-15 00:00:00|16214,2017-01-15,National Freight Partners,transport_cost,Isolation Forest,64.0,278.99,0.750607351930875,High
transport_cost|Isolation Forest|Regional Express Co.|2015-07-03 00:00:00|47925,2015-07-03,Regional Express Co.,transport_cost,Isolation Forest,64.0,278.92,0.750607351930875,High
transport_cost|Isolation Forest|Regional Express Co.|2016-01-07 00:00:00|48026,2016-01-07,Regional Express Co.,transport_cost,Isolation Forest,64.0,278.97,0.750607351930875,High
transport_cost|Isolation Forest|National Freight Partners|2016-02-13 00:00:00|20099,2016-02-13,National Freight Partners,transport_cost,Isolation Forest,64.0,279.16,0.750607351930875,High
transport_cost|Isolation Forest|Regional Express Co.|2017-07-22 00:00:00|176944,2017-07-22,Regional Express Co.,transport_cost,Isolation Forest,64.0,278.75,0.750607351930875,High
transport_cost|Isolation Forest|National Freight Partners|2016-07-08 00:00:00|141772,2016-07-08,National Freight Partners,transport_cost,Isolation Forest,64.0,278.91,0.750607351930875,High
transport_cost|Isolation Forest|National Freight Partners|2015-07-24 00:00:00|144473,2015-07-24,National Freight Partners,transport_cost,Isolation Forest,64.0,278.82,0.750607351930875,High
transport_cost|Isolation Forest|National Freight Partners|2016-10-23 00:00:00|48272,2016-10-23,National Freight Partners,transport_cost,Isolation Forest,64.0,279.03,0.750607351930875,High
transport_cost|Isolation Forest|National Freight Partners|2017-10-05 00:00:00|150831,2017-10-05,National Freight Partners,transport_cost,Isolation Forest,64.0,279.06,0.750607351930875,High
transport_cost|Isolation Forest|Regional Express Co.|2015-08-12 00:00:00|4033,2015-08-12,Regional Express Co.,transport_cost,Isolation Forest,64.0,279.15,0.750607351930875,High
transport_cost|Isolation Forest|Regional Express Co.|2017-02-08 00:00:00|139302,2017-02-08,Regional Express Co.,transport_cost,Isolation Forest,64.0,278.69,0.7495923375060077,High
transport_cost|Isolation Forest|National Freight Partners|2016-03-21 00:00:00|48191,2016-03-21,National Freight Partners,transport_cost,Isolation Forest,64.0,278.55,0.7495923375060077,High
transport_cost|Isolation Forest|Regional Express Co.|2015-04-18 00:00:00|117755,2015-04-18,Regional Express Co.,transport_cost,Isolation Forest,64.0,278.56,0.7495923375060077,High
transport_cost|Isolation Forest|Regional Express Co.|2016-08-11 00:00:00|29199,2016-08-11,Regional Express Co.,transport_cost,Isolation Forest,64.0,278.71,0.7495923375060077,High
transport_cost|Isolation Forest|Regional Express Co.|2015-08-01 00:00:00|182,2015-08-01,Regional Express Co.,transport_cost,Isolation Forest,64.0,278.68,0.7495923375060077,High
transport_cost|Isolation Forest|National Freight Partners|2015-07-10 00:00:00|117276,2015-07-10,National Freight Partners,transport_cost,Isolation Forest,64.0,278.63,0.7495923375060077,High
transport_cost|Isolation Forest|Regional Express Co.|2015-09-23 00:00:00|44674,2015-09-23,Regional Express Co.,transport_cost,Isolation Forest,64.0,278.72,0.7495923375060077,High
transport_cost|Isolation Forest|Regional Express Co.|2017-06-20 00:00:00|157429,2017-06-20,Regional Express Co.,transport_cost,Isolation Forest,64.0,278.3,0.7470608023382257,High
transport_cost|Isolation Forest|Regional Express Co.|2015-06-19 00:00:00|150825,2015-06-19,Regional Express Co.,transport_cost,Isolation Forest,64.0,278.36,0.7470608023382257,High
transport_cost|Isolation Forest|Regional Express Co.|2017-09-01 00:00:00|77704,2017-09-01,Regional Express Co.,transport_cost,Isolation Forest,64.0,278.46,0.7470608023382257,High
transport_cost|Isolation Forest|National Freight Partners|2017-12-11 00:00:00|11328,2017-12-11,National Freight Partners,transport_cost,Isolation Forest,64.0,278.47,0.7470608023382257,High
transport_cost|Isolation Forest|Regional Express Co.|2016-09-18 00:00:00|141690,2016-09-18,Regional Express Co.,transport_cost,Isolation Forest,64.0,278.44,0.7470608023382257,High
transport_cost|Isolation Forest|Regional Express Co.|2015-07-14 00:00:00|117221,2015-07-14,Regional Express Co.,transport_cost,Isolation Forest,64.0,278.46,0.7470608023382257,High
transport_cost|Isolation Forest|National Freight Partners|2016-09-30 00:00:00|74491,2016-09-30,National Freight Partners,transport_cost,Isolation Forest,64.0,278.32,0.7470608023382257,High
transport_cost|Isolation Forest|National Freight Partners|2016-05-15 00:00:00|44496,2016-05-15,National Freight Partners,transport_cost,Isolation Forest,64.0,278.28,0.7470608023382257,High
transport_cost|Isolation Forest|Regional Express Co.|2016-12-20 00:00:00|176887,2016-12-20,Regional Express Co.,transport_cost,Isolation Forest,64.0,278.36,0.7470608023382257,High
transport_cost|Isolation Forest|National Freight Partners|2015-03-05 00:00:00|113749,2015-03-05,National Freight Partners,transport_cost,Isolation Forest,64.0,278.37,0.7470608023382257,High
transport_cost|Isolation Forest|National Freight Partners|2016-04-13 00:00:00|80034,2016-04-13,National Freight Partners,transport_cost,Isolation Forest,64.0,278.39,0.7470608023382257,High
transport_cost|Isolation Forest|National Freight Partners|2016-11-26 00:00:00|3052,2016-11-26,National Freight Partners,transport_cost,Isolation Forest,64.0,278.2,0.7470608023382257,High
transport_cost|Isolation Forest|National Freight Partners|2015-01-05 00:00:00|114868,2015-01-05,National Freight Partners,transport_cost,Isolation Forest,64.0,278.08,0.7470608023382257,High
transport_cost|Isolation Forest|Regional Express Co.|2017-11-18 00:00:00|176808,2017-11-18,Regional Express Co.,transport_cost,Isolation Forest,64.0,278.09,0.7470608023382257,High
transport_cost|Isolation Forest|Regional Express Co.|2015-01-19 00:00:00|76837,2015-01-19,Regional Express Co.,transport_cost,Isolation Forest,64.0,278.16,0.7470608023382257,High
transport_cost|Isolation Forest|Regional Express Co.|2016-06-08 00:00:00|117502,2016-06-08,Regional Express Co.,transport_cost,Isolation Forest,64.0,278.31,0.7470608023382257,High
transport_cost|Isolation Forest|Regional Express Co.|2015-08-19 00:00:00|103854,2015-08-19,Regional Express Co.,transport_cost,Isolation Forest,64.0,278.12,0.7470608023382257,High
transport_cost|Isolation Forest|National Freight Partners|2016-09-20 00:00:00|27378,2016-09-20,National Freight Partners,transport_cost,Isolation Forest,64.0,277.58,0.746555522174934,High
transport_cost|Isolation Forest|Regional Express Co.|2016-08-08 00:00:00|44540,2016-08-08,Regional Express Co.,transport_cost,Isolation Forest,64.0,277.89,0.7460505837616614,High
transport_cost|Isolation Forest|National Freight Partners|2016-02-04 00:00:00|132083,2016-02-04,National Freight Partners,transport_cost,Isolation Forest,64.0,277.87,0.7460505837616614,High
transport_cost|Isolation Forest|National Freight Partners|2015-02-09 00:00:00|114200,2015-02-09,National Freight Partners,transport_cost,Isolation Forest,64.0,277.65,0.7460505837616614,High
transport_cost|Isolation Forest|Regional Express Co.|2017-01-27 00:00:00|110895,2017-01-27,Regional Express Co.,transport_cost,Isolation Forest,64.0,277.78,0.7460505837616614,High
transport_cost|Isolation Forest|Regional Express Co.|2016-09-23 00:00:00|47922,2016-09-23,Regional Express Co.,transport_cost,Isolation Forest,64.0,278.03,0.7460505837616614,High
transport_cost|Isolation Forest|Regional Express Co.|2016-03-20 00:00:00|153544,2016-03-20,Regional Express Co.,transport_cost,Isolation Forest,64.0,277.59,0.7460505837616614,High
transport_cost|Isolation Forest|National Freight Partners|2016-01-27 00:00:00|122242,2016-01-27,National Freight Partners,transport_cost,Isolation Forest,64.0,277.84,0.7460505837616614,High
transport_cost|Isolation Forest|National Freight Partners|2016-04-22 00:00:00|169065,2016-04-22,National Freight Partners,transport_cost,Isolation Forest,64.0,277.65,0.7460505837616614,High
transport_cost|Isolation Forest|Regional Express Co.|2015-01-29 00:00:00|32279,2015-01-29,Regional Express Co.,transport_cost,Isolation Forest,64.0,277.87,0.7460505837616614,High
transport_cost|Isolation Forest|National Freight Partners|2017-05-15 00:00:00|54991,2017-05-15,National Freight Partners,transport_cost,Isolation Forest,64.0,277.64,0.7460505837616614,High
transport_cost|Isolation Forest|Regional Express Co.|2015-05-12 00:00:00|169172,2015-05-12,Regional Express Co.,transport_cost,Isolation Forest,64.0,277.71,0.7460505837616614,High
transport_cost|Isolation Forest|Regional Express Co.|2015-07-29 00:00:00|117526,2015-07-29,Regional Express Co.,transport_cost,Isolation Forest,64.0,277.99,0.7460505837616614,High
transport_cost|Isolation Forest|Regional Express Co.|2017-04-25 00:00:00|125065,2017-04-25,Regional Express Co.,transport_cost,Isolation Forest,64.0,277.66,0.7460505837616614,High
transport_cost|Isolation Forest|National Freight Partners|2017-09-26 00:00:00|16030,2017-09-26,National Freight Partners,transport_cost,Isolation Forest,64.0,278.01,0.7460505837616614,High
transport_cost|Isolation Forest|Regional Express Co.|2017-04-20 00:00:00|117608,2017-04-20,Regional Express Co.,transport_cost,Isolation Forest,64.0,277.98,0.7460505837616614,High
inventory_change|Isolation Forest|Abu Dhabi Distribution Center|2016-12-22 00:00:00|720,2016-12-22,Abu Dhabi Distribution Center,inventory_change,Isolation Forest,-52.0,1334.0,0.7455459868672627,High
inventory_change|Isolation Forest|Ajman Distribution Center|2017-04-26 00:00:00|845,2017-04-26,Ajman Distribution Center,inventory_change,Isolation Forest,-79.5,1679.0,0.7455459868672627,High
inventory_change|Isolation Forest|Abu Dhabi Distribution Center|2016-10-04 00:00:00|641,2016-10-04,Abu Dhabi Distribution Center,inventory_change,Isolation Forest,-52.0,1217.0,0.7450417312607489,High
transport_cost|Isolation Forest|Regional Express Co.|2016-03-21 00:00:00|165778,2016-03-21,Regional Express Co.,transport_cost,Isolation Forest,64.0,277.52,0.7445378167112875,High
transport_cost|Isolation Forest|Regional Express Co.|2017-02-12 00:00:00|56429,2017-02-12,Regional Express Co.,transport_cost,Isolation Forest,64.0,277.5,0.7445378167112875,High
transport_cost|Isolation Forest|Regional Express Co.|2017-02-08 00:00:00|110635,2017-02-08,Regional Express Co.,transport_cost,Isolation Forest,64.0,277.52,0.7445378167112875,High
transport_cost|Isolation Forest|Regional Express Co.|2015-09-06 00:00:00|97228,2015-09-06,Regional Express Co.,transport_cost,Isolation Forest,64.0,277.52,0.7445378167112875,High
transport_cost|Isolation Forest|Regional Express Co.|2016-04-23 00:00:00|71682,2016-04-23,Regional Express Co.,transport_cost,Isolation Forest,64.0,276.36,0.7440342429882021,High
inventory_change|Isolation Forest|Abu Dhabi Distribution Center|2015-09-16 00:00:00|257,2015-09-16,Abu Dhabi Distribution Center,inventory_change,Isolation Forest,-52.0,1221.0,0.743531009860972,High
transport_cost|Isolation Forest|Regional Express Co.|2015-10-16 00:00:00|69225,2015-10-16,Regional Express Co.,transport_cost,Isolation Forest,64.0,277.06,0.7430281170992329,High
transport_cost|Isolation Forest|National Freight Partners|2017-03-30 00:00:00|157239,2017-03-30,National Freight Partners,transport_cost,Isolation Forest,64.0,276.4,0.7430281170992329,High
transport_cost|Isolation Forest|Regional Express Co.|2016-08-23 00:00:00|176989,2016-08-23,Regional Express Co.,transport_cost,Isolation Forest,64.0,277.19,0.7430281170992329,High
transport_cost|Isolation Forest|National Freight Partners|2015-08-15 00:00:00|177011,2015-08-15,National Freight Partners,transport_cost,Isolation Forest,64.0,276.11,0.7430281170992329,High
transport_cost|Isolation Forest|Regional Express Co.|2017-09-24 00:00:00|117248,2017-09-24,Regional Express Co.,transport_cost,Isolation Forest,64.0,275.9,0.7430281170992329,High
transport_cost|Isolation Forest|National Freight Partners|2015-12-03 00:00:00|177040,2015-12-03,National Freight Partners,transport_cost,Isolation Forest,64.0,276.5,0.7430281170992329,High
transport_cost|Isolation Forest|National Freight Partners|2016-01-17 00:00:00|157289,2016-01-17,National Freight Partners,transport_cost,Isolation Forest,64.0,275.9,0.7430281170992329,High
transport_cost|Isolation Forest|Regional Express Co.|2017-07-28 00:00:00|116160,2017-07-28,Regional Express Co.,transport_cost,Isolation Forest,64.0,276.25,0.7430281170992329,High
transport_cost|Isolation Forest|National Freight Partners|2016-04-08 00:00:00|130865,2016-04-08,National Freight Partners,transport_cost,Isolation Forest,64.0,276.89,0.7430281170992329,High
transport_cost|Isolation Forest|National Freight Partners|2015-03-21 00:00:00|97273,2015-03-21,National Freight Partners,transport_cost,Isolation Forest,64.0,276.53,0.7430281170992329,High
transport_cost|Isolation Forest|Regional Express Co.|2016-06-21 00:00:00|97311,2016-06-21,Regional Express Co.,transport_cost,Isolation Forest,64.0,276.18,0.7430281170992329,High
transport_cost|Isolation Forest|National Freight Partners|2015-12-03 00:00:00|177097,2015-12-03,National Freight Partners,transport_cost,Isolation Forest,64.0,276.49,0.7430281170992329,High
transport_cost|Isolation Forest|National Freight Partners|2015-04-07 00:00:00|117380,2015-04-07,National Freight Partners,transport_cost,Isolation Forest,64.0,276.93,0.7430281170992329,High
transport_cost|Isolation Forest|National Freight Partners|2017-02-12 00:00:00|110549,2017-02-12,National Freight Partners,transport_cost,Isolation Forest,64.0,277.33,0.7430281170992329,High
transport_cost|Isolation Forest|Regional Express Co.|2016-02-08 00:00:00|180110,2016-02-08,Regional Express Co.,transport_cost,Isolation Forest,64.0,276.3,0.7430281170992329,High
inventory_change|Isolation Forest|Abu Dhabi Distribution Center|2016-11-25 00:00:00|693,2016-11-25,Abu Dhabi Distribution Center,inventory_change,Isolation Forest,-52.0,1229.0,0.7430281170992329,High
transport_cost|Isolation Forest|National Freight Partners|2015-11-26 00:00:00|102341,2015-11-26,National Freight Partners,transport_cost,Isolation Forest,64.0,277.3,0.7430281170992329,High
transport_cost|Isolation Forest|National Freight Partners|2015-10-26 00:00:00|102825,2015-10-26,National Freight Partners,transport_cost,Isolation Forest,64.0,276.22,0.7430281170992329,High
transport_cost|Isolation Forest|National Freight Partners|2016-09-25 00:00:00|157189,2016-09-25,National Freight Partners,transport_cost,Isolation Forest,64.0,277.01,0.7430281170992329,High
transport_cost|Isolation Forest|Regional Express Co.|2017-06-29 00:00:00|51476,2017-06-29,Regional Express Co.,transport_cost,Isolation Forest,64.0,276.64,0.7430281170992329,High
transport_cost|Isolation Forest|Regional Express Co.|2017-05-14 00:00:00|105850,2017-05-14,Regional Express Co.,transport_cost,Isolation Forest,64.0,276.07,0.7430281170992329,High
transport_cost|Isolation Forest|National Freight Partners|2017-09-16 00:00:00|157183,2017-09-16,National Freight Partners,transport_cost,Isolation Forest,64.0,276.26,0.7430281170992329,High
transport_cost|Isolation Forest|National Freight Partners|2016-08-22 00:00:00|176857,2016-08-22,National Freight Partners,transport_cost,Isolation Forest,64.0,276.96,0.7430281170992329,High
transport_cost|Isolation Forest|Regional Express Co.|2017-05-04 00:00:00|117401,2017-05-04,Regional Express Co.,transport_cost,Isolation Forest,64.0,277.28,0.7430281170992329,High
transport_cost|Isolation Forest|Regional Express Co.|2016-05-10 00:00:00|69245,2016-05-10,Regional Express Co.,transport_cost,Isolation Forest,64.0,275.89,0.7430281170992329,High
transport_cost|Isolation Forest|Regional Express Co.|2017-08-11 00:00:00|78099,2017-08-11,Regional Express Co.,transport_cost,Isolation Forest,64.0,277.22,0.7430281170992329,High
transport_cost|Isolation Forest|Regional Express Co.|2015-02-09 00:00:00|169022,2015-02-09,Regional Express Co.,transport_cost,Isolation Forest,64.0,277.38,0.7430281170992329,High
transport_cost|Isolation Forest|National Freight Partners|2015-02-25 00:00:00|44592,2015-02-25,National Freight Partners,transport_cost,Isolation Forest,64.0,276.44,0.7430281170992329,High
transport_cost|Isolation Forest|National Freight Partners|2015-06-25 00:00:00|71469,2015-06-25,National Freight Partners,transport_cost,Isolation Forest,64.0,277.21,0.7430281170992329,High
transport_cost|Isolation Forest|National Freight Partners|2015-06-01 00:00:00|71504,2015-06-01,National Freight Partners,transport_cost,Isolation Forest,64.0,277.25,0.7430281170992329,High
transport_cost|Isolation Forest|Regional Express Co.|2015-05-05 00:00:00|117702,2015-05-05,Regional Express Co.,transport_cost,Isolation Forest,64.0,277.35,0.7430281170992329,High
transport_cost|Isolation Forest|National Freight Partners|2015-03-02 00:00:00|117690,2015-03-02,National Freight Partners,transport_cost,Isolation Forest,64.0,277.29,0.7430281170992329,High
transport_cost|Isolation Forest|Regional Express Co.|2015-05-29 00:00:00|61615,2015-05-29,Regional Express Co.,transport_cost,Isolation Forest,64.0,276.66,0.7430281170992329,High
transport_cost|Isolation Forest|Regional Express Co.|2015-01-29 00:00:00|16139,2015-01-29,Regional Express Co.,transport_cost,Isolation Forest,64.0,276.08,0.7430281170992329,High
transport_cost|Isolation Forest|Regional Express Co.|2015-10-21 00:00:00|16128,2015-10-21,Regional Express Co.,transport_cost,Isolation Forest,64.0,276.94,0.7430281170992329,High
transport_cost|Isolation Forest|Regional Express Co.|2016-05-30 00:00:00|16111,2016-05-30,Regional Express Co.,transport_cost,Isolation Forest,64.0,276.06,0.7430281170992329,High
transport_cost|Isolation Forest|National Freight Partners|2016-06-02 00:00:00|48331,2016-06-02,National Freight Partners,transport_cost,Isolation Forest,64.0,276.29,0.7430281170992329,High
transport_cost|Isolation Forest|Regional Express Co.|2016-02-11 00:00:00|16093,2016-02-11,Regional Express Co.,transport_cost,Isolation Forest,64.0,277.19,0.7430281170992329,High
transport_cost|Isolation Forest|National Freight Partners|2015-05-20 00:00:00|29227,2015-05-20,National Freight Partners,transport_cost,Isolation Forest,64.0,275.96,0.7430281170992329,High
transport_cost|Isolation Forest|Regional Express Co.|2016-09-03 00:00:00|74915,2016-09-03,Regional Express Co.,transport_cost,Isolation Forest,64.0,276.87,0.7430281170992329,High
transport_cost|Isolation Forest|National Freight Partners|2017-08-11 00:00:00|16004,2017-08-11,National Freight Partners,transport_cost,Isolation Forest,64.0,277.3,0.7430281170992329,High
transport_cost|Isolation Forest|Regional Express Co.|2016-05-18 00:00:00|117496,2016-05-18,Regional Express Co.,transport_cost,Isolation Forest,64.0,275.89,0.7430281170992329,High
transport_cost|Isolation Forest|National Freight Partners|2016-11-29 00:00:00|11397,2016-11-29,National Freight Partners,transport_cost,Isolation Forest,64.0,276.87,0.7430281170992329,High
transport_cost|Isolation Forest|National Freight Partners|2015-02-17 00:00:00|29306,2015-02-17,National Freight Partners,transport_cost,Isolation Forest,64.0,276.18,0.7430281170992329,High
transport_cost|Isolation Forest|National Freight Partners|2017-11-19 00:00:00|176779,2017-11-19,National Freight Partners,transport_cost,Isolation Forest,64.0,276.97,0.7430281170992329,High
transport_cost|Isolation Forest|Regional Express Co.|2016-01-03 00:00:00|117475,2016-01-03,Regional Express Co.,transport_cost,Isolation Forest,64.0,276.91,0.7430281170992329,High
transport_cost|Isolation Forest|Regional Express Co.|2015-03-02 00:00:00|11383,2015-03-02,Regional Express Co.,transport_cost,Isolation Forest,64.0,276.85,0.7430281170992329,High
transport_cost|Isolation Forest|National Freight Partners|2016-01-05 00:00:00|132675,2016-01-05,National Freight Partners,transport_cost,Isolation Forest,64.0,276.04,0.7430281170992329,High
transport_cost|Isolation Forest|National Freight Partners|2017-04-09 00:00:00|44591,2017-04-09,National Freight Partners,transport_cost,Isolation Forest,64.0,277.12,0.7430281170992329,High
transport_cost|Isolation Forest|National Freight Partners|2017-09-10 00:00:00|141839,2017-09-10,National Freight Partners,transport_cost,Isolation Forest,64.0,276.66,0.7430281170992329,High
transport_cost|Isolation Forest|National Freight Partners|2015-12-08 00:00:00|133224,2015-12-08,National Freight Partners,transport_cost,Isolation Forest,64.0,275.96,0.7430281170992329,High
transport_cost|Isolation Forest|National Freight Partners|2016-05-22 00:00:00|152466,2016-05-22,National Freight Partners,transport_cost,Isolation Forest,64.0,276.77,0.7430281170992329,High
transport_cost|Isolation Forest|National Freight Partners|2015-03-01 00:00:00|44259,2015-03-01,National Freight Partners,transport_cost,Isolation Forest,64.0,276.18,0.7430281170992329,High
transport_cost|Isolation Forest|National Freight Partners|2017-08-29 00:00:00|47903,2017-08-29,National Freight Partners,transport_cost,Isolation Forest,64.0,276.48,0.7430281170992329,High
transport_cost|Isolation Forest|National Freight Partners|2015-11-28 00:00:00|36436,2015-11-28,National Freight Partners,transport_cost,Isolation Forest,64.0,276.68,0.7430281170992329,High
transport_cost|Isolation Forest|Regional Express Co.|2015-01-19 00:00:00|141808,2015-01-19,Regional Express Co.,transport_cost,Isolation Forest,64.0,276.86,0.7430281170992329,High
transport_cost|Isolation Forest|Regional Express Co.|2015-08-12 00:00:00|44664,2015-08-12,Regional Express Co.,transport_cost,Isolation Forest,64.0,276.0,0.7430281170992329,High
transport_cost|Isolation Forest|Regional Express Co.|2016-09-04 00:00:00|48194,2016-09-04,Regional Express Co.,transport_cost,Isolation Forest,64.0,276.09,0.7430281170992329,High
transport_cost|Isolation Forest|National Freight Partners|2015-02-27 00:00:00|47937,2015-02-27,National Freight Partners,transport_cost,Isolation Forest,64.0,275.92,0.7430281170992329,High
transport_cost|Isolation Forest|Regional Express Co.|2016-07-27 00:00:00|39285,2016-07-27,Regional Express Co.,transport_cost,Isolation Forest,64.0,277.26,0.7430281170992329,High
inventory_change|Isolation Forest|Ras Al Khaimah Distribution Center|2018-06-12 00:00:00|1255,2018-06-12,Ras Al Khaimah Distribution Center,inventory_change,Isolation Forest,0.0,-10.0,0.7427416993139847,High
inventory_change|Isolation Forest|Abu Dhabi Distribution Center|2017-10-03 00:00:00|1005,2017-10-03,Abu Dhabi Distribution Center,inventory_change,Isolation Forest,-52.0,-1258.0,0.7425935977635344,High
inventory_change|Isolation Forest|Ajman Distribution Center|2017-05-22 00:00:00|871,2017-05-22,Ajman Distribution Center,inventory_change,Isolation Forest,-79.5,1566.0,0.7425255644727757,High
transport_cost|Isolation Forest|Regional Express Co.|2016-11-04 00:00:00|169133,2016-11-04,Regional Express Co.,transport_cost,Isolation Forest,64.0,275.8,0.7420233517515479,High
transport_cost|Isolation Forest|Regional Express Co.|2015-04-22 00:00:00|16062,2015-04-22,Regional Express Co.,transport_cost,Isolation Forest,64.0,275.8,0.7420233517515479,High
inventory_change|Isolation Forest|Abu Dhabi Distribution Center|2017-06-02 00:00:00|882,2017-06-02,Abu Dhabi Distribution Center,inventory_change,Isolation Forest,-52.0,1328.0,0.7420233517515479,High
transport_cost|Isolation Forest|National Freight Partners|2016-09-25 00:00:00|157439,2016-09-25,National Freight Partners,transport_cost,Isolation Forest,64.0,275.79,0.7420233517515479,High
inventory_change|Isolation Forest|Sharjah Distribution Center|2016-03-30 00:00:00|453,2016-03-30,Sharjah Distribution Center,inventory_change,Isolation Forest,-35.0,736.0,0.7410199451053449,High
daily_sales|Isolation Forest|Network|2017-11-24 00:00:00|1058,2017-11-24,Network,daily_sales,Isolation Forest,122569.795,204879.99,0.7407520584201893,High
inventory_change|Isolation Forest|Ajman Distribution Center|2016-12-20 00:00:00|718,2016-12-20,Ajman Distribution Center,inventory_change,Isolation Forest,-79.5,536.0,0.7405187507210413,High
transport_cost|Isolation Forest|National Freight Partners|2016-05-02 00:00:00|122365,2016-05-02,National Freight Partners,transport_cost,Isolation Forest,64.0,275.49,0.7395173786828738,High
transport_cost|Isolation Forest|National Freight Partners|2015-09-03 00:00:00|71638,2015-09-03,National Freight Partners,transport_cost,Isolation Forest,64.0,275.7,0.7395173786828738,High
transport_cost|Isolation Forest|Regional Express Co.|2015-12-16 00:00:00|71610,2015-12-16,Regional Express Co.,transport_cost,Isolation Forest,64.0,275.59,0.7395173786828738,High
transport_cost|Isolation Forest|National Freight Partners|2016-02-29 00:00:00|172820,2016-02-29,National Freight Partners,transport_cost,Isolation Forest,64.0,275.74,0.7395173786828738,High
transport_cost|Isolation Forest|National Freight Partners|2015-10-13 00:00:00|157319,2015-10-13,National Freight Partners,transport_cost,Isolation Forest,64.0,275.53,0.7395173786828738,High
transport_cost|Isolation Forest|Regional Express Co.|2015-05-05 00:00:00|178425,2015-05-05,Regional Express Co.,transport_cost,Isolation Forest,64.0,275.54,0.7395173786828738,High
transport_cost|Isolation Forest|Regional Express Co.|2017-11-02 00:00:00|176639,2017-11-02,Regional Express Co.,transport_cost,Isolation Forest,64.0,275.76,0.7395173786828738,High
transport_cost|Isolation Forest|Regional Express Co.|2016-07-16 00:00:00|99998,2016-07-16,Regional Express Co.,transport_cost,Isolation Forest,64.0,275.52,0.7395173786828738,High
transport_cost|Isolation Forest|National Freight Partners|2015-04-10 00:00:00|141821,2015-04-10,National Freight Partners,transport_cost,Isolation Forest,64.0,275.45,0.7395173786828738,High
transport_cost|Isolation Forest|Regional Express Co.|2017-10-24 00:00:00|117272,2017-10-24,Regional Express Co.,transport_cost,Isolation Forest,64.0,275.47,0.7395173786828738,High
transport_cost|Isolation Forest|Regional Express Co.|2017-10-09 00:00:00|157194,2017-10-09,Regional Express Co.,transport_cost,Isolation Forest,64.0,275.77,0.7395173786828738,High
transport_cost|Isolation Forest|National Freight Partners|2016-05-11 00:00:00|97409,2016-05-11,National Freight Partners,transport_cost,Isolation Forest,64.0,275.6,0.7395173786828738,High
transport_cost|Isolation Forest|Regional Express Co.|2015-11-02 00:00:00|142602,2015-11-02,Regional Express Co.,transport_cost,Isolation Forest,64.0,275.67,0.7395173786828738,High
transport_cost|Isolation Forest|Regional Express Co.|2015-10-06 00:00:00|29299,2015-10-06,Regional Express Co.,transport_cost,Isolation Forest,64.0,275.64,0.7395173786828738,High
transport_cost|Isolation Forest|Regional Express Co.|2016-12-24 00:00:00|111543,2016-12-24,Regional Express Co.,transport_cost,Isolation Forest,64.0,275.56,0.7395173786828738,High
transport_cost|Isolation Forest|Regional Express Co.|2017-01-30 00:00:00|124933,2017-01-30,Regional Express Co.,transport_cost,Isolation Forest,64.0,275.7,0.7395173786828738,High
inventory_change|Isolation Forest|Dubai Distribution Center|2017-10-03 00:00:00|1005,2017-10-03,Dubai Distribution Center,inventory_change,Isolation Forest,-84.0,-1171.0,0.7386112715314432,High
inventory_change|Isolation Forest|Ras Al Khaimah Distribution Center|2016-12-14 00:00:00|710,2016-12-14,Ras Al Khaimah Distribution Center,inventory_change,Isolation Forest,0.0,27.0,0.7385418055861184,High
transport_cost|Isolation Forest|National Freight Partners|2016-08-08 00:00:00|75318,2016-08-08,National Freight Partners,transport_cost,Isolation Forest,64.0,275.12,0.7379143084768891,High
transport_cost|Isolation Forest|National Freight Partners|2016-09-25 00:00:00|176707,2016-09-25,National Freight Partners,transport_cost,Isolation Forest,64.0,275.2,0.7379143084768891,High
transport_cost|Isolation Forest|Regional Express Co.|2018-01-26 00:00:00|124964,2018-01-26,Regional Express Co.,transport_cost,Isolation Forest,64.0,275.22,0.7379143084768891,High
transport_cost|Isolation Forest|National Freight Partners|2017-12-23 00:00:00|44359,2017-12-23,National Freight Partners,transport_cost,Isolation Forest,64.0,274.12,0.7379143084768891,High
transport_cost|Isolation Forest|National Freight Partners|2017-11-27 00:00:00|44456,2017-11-27,National Freight Partners,transport_cost,Isolation Forest,64.0,274.11,0.7379143084768891,High
transport_cost|Isolation Forest|Regional Express Co.|2016-08-21 00:00:00|63972,2016-08-21,Regional Express Co.,transport_cost,Isolation Forest,64.0,275.21,0.7379143084768891,High
transport_cost|Isolation Forest|Regional Express Co.|2015-05-30 00:00:00|29129,2015-05-30,Regional Express Co.,transport_cost,Isolation Forest,64.0,274.28,0.7379143084768891,High
transport_cost|Isolation Forest|National Freight Partners|2017-12-01 00:00:00|97275,2017-12-01,National Freight Partners,transport_cost,Isolation Forest,64.0,275.27,0.7379143084768891,High
transport_cost|Isolation Forest|Regional Express Co.|2016-11-09 00:00:00|73864,2016-11-09,Regional Express Co.,transport_cost,Isolation Forest,64.0,274.28,0.7379143084768891,High
transport_cost|Isolation Forest|National Freight Partners|2017-07-27 00:00:00|176669,2017-07-27,National Freight Partners,transport_cost,Isolation Forest,64.0,275.0,0.7379143084768891,High
transport_cost|Isolation Forest|National Freight Partners|2016-10-29 00:00:00|62938,2016-10-29,National Freight Partners,transport_cost,Isolation Forest,64.0,275.34,0.7379143084768891,High
transport_cost|Isolation Forest|Regional Express Co.|2018-01-25 00:00:00|165793,2018-01-25,Regional Express Co.,transport_cost,Isolation Forest,64.0,274.19,0.7379143084768891,High
transport_cost|Isolation Forest|National Freight Partners|2015-05-10 00:00:00|2965,2015-05-10,National Freight Partners,transport_cost,Isolation Forest,64.0,274.1,0.7379143084768891,High
transport_cost|Isolation Forest|Regional Express Co.|2015-02-21 00:00:00|29303,2015-02-21,Regional Express Co.,transport_cost,Isolation Forest,64.0,275.18,0.7379143084768891,High
transport_cost|Isolation Forest|Regional Express Co.|2016-06-17 00:00:00|16113,2016-06-17,Regional Express Co.,transport_cost,Isolation Forest,64.0,274.05,0.7379143084768891,High
transport_cost|Isolation Forest|National Freight Partners|2015-02-10 00:00:00|114169,2015-02-10,National Freight Partners,transport_cost,Isolation Forest,64.0,275.19,0.7379143084768891,High
transport_cost|Isolation Forest|National Freight Partners|2015-06-06 00:00:00|176699,2015-06-06,National Freight Partners,transport_cost,Isolation Forest,64.0,274.04,0.7379143084768891,High
transport_cost|Isolation Forest|Regional Express Co.|2015-01-05 00:00:00|47979,2015-01-05,Regional Express Co.,transport_cost,Isolation Forest,64.0,275.22,0.7379143084768891,High
transport_cost|Isolation Forest|Regional Express Co.|2015-05-13 00:00:00|63928,2015-05-13,Regional Express Co.,transport_cost,Isolation Forest,64.0,275.23,0.7379143084768891,High
transport_cost|Isolation Forest|Regional Express Co.|2017-06-25 00:00:00|169159,2017-06-25,Regional Express Co.,transport_cost,Isolation Forest,64.0,275.38,0.7379143084768891,High
transport_cost|Isolation Forest|National Freight Partners|2017-05-03 00:00:00|106057,2017-05-03,National Freight Partners,transport_cost,Isolation Forest,64.0,275.12,0.7379143084768891,High
transport_cost|Isolation Forest|National Freight Partners|2016-05-13 00:00:00|79581,2016-05-13,National Freight Partners,transport_cost,Isolation Forest,64.0,274.24,0.7379143084768891,High
transport_cost|Isolation Forest|Regional Express Co.|2015-10-07 00:00:00|18078,2015-10-07,Regional Express Co.,transport_cost,Isolation Forest,64.0,274.24,0.7379143084768891,High
transport_cost|Isolation Forest|Regional Express Co.|2015-09-24 00:00:00|69266,2015-09-24,Regional Express Co.,transport_cost,Isolation Forest,64.0,274.12,0.7379143084768891,High
transport_cost|Isolation Forest|National Freight Partners|2016-09-11 00:00:00|36257,2016-09-11,National Freight Partners,transport_cost,Isolation Forest,64.0,275.01,0.7379143084768891,High
transport_cost|Isolation Forest|Regional Express Co.|2017-02-27 00:00:00|138995,2017-02-27,Regional Express Co.,transport_cost,Isolation Forest,64.0,274.37,0.7379143084768891,High
transport_cost|Isolation Forest|Regional Express Co.|2017-06-29 00:00:00|105021,2017-06-29,Regional Express Co.,transport_cost,Isolation Forest,64.0,275.12,0.7379143084768891,High
transport_cost|Isolation Forest|Regional Express Co.|2015-06-27 00:00:00|44579,2015-06-27,Regional Express Co.,transport_cost,Isolation Forest,64.0,275.06,0.7379143084768891,High
transport_cost|Isolation Forest|Regional Express Co.|2015-02-14 00:00:00|36414,2015-02-14,Regional Express Co.,transport_cost,Isolation Forest,64.0,274.06,0.7379143084768891,High
transport_cost|Isolation Forest|Regional Express Co.|2016-02-21 00:00:00|131729,2016-02-21,Regional Express Co.,transport_cost,Isolation Forest,64.0,275.06,0.7379143084768891,High
transport_cost|Isolation Forest|Regional Express Co.|2016-11-14 00:00:00|146569,2016-11-14,Regional Express Co.,transport_cost,Isolation Forest,64.0,274.22,0.7379143084768891,High
transport_cost|Isolation Forest|Regional Express Co.|2016-10-06 00:00:00|71588,2016-10-06,Regional Express Co.,transport_cost,Isolation Forest,64.0,275.01,0.7379143084768891,High
transport_cost|Isolation Forest|National Freight Partners|2015-07-14 00:00:00|157164,2015-07-14,National Freight Partners,transport_cost,Isolation Forest,64.0,274.43,0.7379143084768891,High
transport_cost|Isolation Forest|National Freight Partners|2016-01-05 00:00:00|71605,2016-01-05,National Freight Partners,transport_cost,Isolation Forest,64.0,274.09,0.7379143084768891,High
transport_cost|Isolation Forest|National Freight Partners|2016-10-10 00:00:00|117203,2016-10-10,National Freight Partners,transport_cost,Isolation Forest,64.0,274.43,0.7379143084768891,High
transport_cost|Isolation Forest|National Freight Partners|2015-09-03 00:00:00|71692,2015-09-03,National Freight Partners,transport_cost,Isolation Forest,64.0,274.52,0.7379143084768891,High
transport_cost|Isolation Forest|National Freight Partners|2015-04-28 00:00:00|62113,2015-04-28,National Freight Partners,transport_cost,Isolation Forest,64.0,273.93,0.7379143084768891,High
transport_cost|Isolation Forest|National Freight Partners|2017-08-14 00:00:00|169163,2017-08-14,National Freight Partners,transport_cost,Isolation Forest,64.0,275.14,0.7379143084768891,High
transport_cost|Isolation Forest|Regional Express Co.|2017-05-11 00:00:00|44277,2017-05-11,Regional Express Co.,transport_cost,Isolation Forest,64.0,275.22,0.7379143084768891,High
transport_cost|Isolation Forest|Regional Express Co.|2015-12-04 00:00:00|17989,2015-12-04,Regional Express Co.,transport_cost,Isolation Forest,64.0,274.03,0.7379143084768891,High
transport_cost|Isolation Forest|National Freight Partners|2015-07-07 00:00:00|71478,2015-07-07,National Freight Partners,transport_cost,Isolation Forest,64.0,274.06,0.7379143084768891,High
transport_cost|Isolation Forest|Regional Express Co.|2016-02-11 00:00:00|39279,2016-02-11,Regional Express Co.,transport_cost,Isolation Forest,64.0,274.7,0.7374152146131561,High
transport_cost|Isolation Forest|Regional Express Co.|2016-05-13 00:00:00|79576,2016-05-13,Regional Express Co.,transport_cost,Isolation Forest,64.0,274.75,0.7374152146131561,High
transport_cost|Isolation Forest|Regional Express Co.|2017-05-12 00:00:00|29346,2017-05-12,Regional Express Co.,transport_cost,Isolation Forest,64.0,274.7,0.7374152146131561,High
transport_cost|Isolation Forest|Regional Express Co.|2017-07-25 00:00:00|52015,2017-07-25,Regional Express Co.,transport_cost,Isolation Forest,64.0,274.74,0.7374152146131561,High
transport_cost|Isolation Forest|National Freight Partners|2017-07-18 00:00:00|125130,2017-07-18,National Freight Partners,transport_cost,Isolation Forest,64.0,274.66,0.7374152146131561,High
transport_cost|Isolation Forest|National Freight Partners|2015-06-13 00:00:00|122280,2015-06-13,National Freight Partners,transport_cost,Isolation Forest,64.0,274.66,0.7374152146131561,High
daily_sales|Isolation Forest|Network|2017-10-01 00:00:00|1004,2017-10-01,Network,daily_sales,Isolation Forest,122569.795,199123.57,0.7372520741683881,High
transport_cost|Isolation Forest|Regional Express Co.|2016-01-29 00:00:00|176976,2016-01-29,Regional Express Co.,transport_cost,Isolation Forest,64.0,274.96,0.7369164583152922,High
transport_cost|Isolation Forest|Regional Express Co.|2017-08-14 00:00:00|148,2017-08-14,Regional Express Co.,transport_cost,Isolation Forest,64.0,274.88,0.7369164583152922,High
transport_cost|Isolation Forest|Regional Express Co.|2017-01-05 00:00:00|176782,2017-01-05,Regional Express Co.,transport_cost,Isolation Forest,64.0,274.99,0.7369164583152922,High
transport_cost|Isolation Forest|Regional Express Co.|2016-08-09 00:00:00|29189,2016-08-09,Regional Express Co.,transport_cost,Isolation Forest,64.0,274.92,0.7369164583152922,High
transport_cost|Isolation Forest|National Freight Partners|2016-09-21 00:00:00|18076,2016-09-21,National Freight Partners,transport_cost,Isolation Forest,64.0,274.8,0.7369164583152922,High
transport_cost|Isolation Forest|National Freight Partners|2016-05-16 00:00:00|125162,2016-05-16,National Freight Partners,transport_cost,Isolation Forest,64.0,274.8,0.7369164583152922,High
transport_cost|Isolation Forest|National Freight Partners|2016-05-04 00:00:00|97346,2016-05-04,National Freight Partners,transport_cost,Isolation Forest,64.0,274.94,0.7369164583152922,High
transport_cost|Isolation Forest|Regional Express Co.|2015-12-17 00:00:00|165863,2015-12-17,Regional Express Co.,transport_cost,Isolation Forest,64.0,274.92,0.7369164583152922,High
transport_cost|Isolation Forest|National Freight Partners|2017-03-09 00:00:00|39075,2017-03-09,National Freight Partners,transport_cost,Isolation Forest,64.0,274.9,0.7369164583152922,High
transport_cost|Isolation Forest|Regional Express Co.|2017-02-08 00:00:00|110640,2017-02-08,Regional Express Co.,transport_cost,Isolation Forest,64.0,274.86,0.7369164583152922,High
inventory_change|Isolation Forest|Ajman Distribution Center|2015-09-23 00:00:00|264,2015-09-23,Ajman Distribution Center,inventory_change,Isolation Forest,-79.5,1578.0,0.7365213799235327,High
inventory_change|Isolation Forest|Ajman Distribution Center|2016-03-21 00:00:00|444,2016-03-21,Ajman Distribution Center,inventory_change,Isolation Forest,-79.5,1580.0,0.7360232281774489,High
inventory_change|Isolation Forest|Ajman Distribution Center|2017-06-16 00:00:00|896,2017-06-16,Ajman Distribution Center,inventory_change,Isolation Forest,-79.5,1670.0,0.7360232281774489,High
transport_cost|Isolation Forest|Regional Express Co.|2017-06-22 00:00:00|47856,2017-06-22,Regional Express Co.,transport_cost,Isolation Forest,64.0,273.87,0.735919957504065,High
transport_cost|Isolation Forest|Regional Express Co.|2016-06-29 00:00:00|51019,2016-06-29,Regional Express Co.,transport_cost,Isolation Forest,64.0,273.81,0.735919957504065,High
transport_cost|Isolation Forest|Regional Express Co.|2015-07-24 00:00:00|157383,2015-07-24,Regional Express Co.,transport_cost,Isolation Forest,64.0,273.88,0.735919957504065,High
transport_cost|Isolation Forest|Regional Express Co.|2016-04-04 00:00:00|206,2016-04-04,Regional Express Co.,transport_cost,Isolation Forest,64.0,273.83,0.735919957504065,High
transport_cost|Isolation Forest|Regional Express Co.|2016-11-01 00:00:00|17987,2016-11-01,Regional Express Co.,transport_cost,Isolation Forest,64.0,273.87,0.735919957504065,High
transport_cost|Isolation Forest|National Freight Partners|2015-08-20 00:00:00|103837,2015-08-20,National Freight Partners,transport_cost,Isolation Forest,64.0,273.87,0.735919957504065,High
inventory_change|Isolation Forest|Sharjah Distribution Center|2016-11-25 00:00:00|693,2016-11-25,Sharjah Distribution Center,inventory_change,Isolation Forest,-35.0,734.0,0.7350279352433793,High
inventory_change|Isolation Forest|Sharjah Distribution Center|2017-04-17 00:00:00|836,2017-04-17,Sharjah Distribution Center,inventory_change,Isolation Forest,-35.0,735.0,0.7350279352433793,High
inventory_change|Isolation Forest|Abu Dhabi Distribution Center|2017-07-02 00:00:00|912,2017-07-02,Abu Dhabi Distribution Center,inventory_change,Isolation Forest,-52.0,1232.0,0.7350279352433793,High
transport_cost|Isolation Forest|Regional Express Co.|2017-01-28 00:00:00|124937,2017-01-28,Regional Express Co.,transport_cost,Isolation Forest,64.0,273.36,0.7344277323283785,High
transport_cost|Isolation Forest|National Freight Partners|2015-08-04 00:00:00|27412,2015-08-04,National Freight Partners,transport_cost,Isolation Forest,64.0,273.36,0.7344277323283785,High
transport_cost|Isolation Forest|Regional Express Co.|2017-06-01 00:00:00|59503,2017-06-01,Regional Express Co.,transport_cost,Isolation Forest,64.0,273.69,0.7344277323283785,High
transport_cost|Isolation Forest|National Freight Partners|2016-09-03 00:00:00|140325,2016-09-03,National Freight Partners,transport_cost,Isolation Forest,64.0,273.56,0.7344277323283785,High
transport_cost|Isolation Forest|Regional Express Co.|2016-03-24 00:00:00|125031,2016-03-24,Regional Express Co.,transport_cost,Isolation Forest,64.0,273.7,0.7344277323283785,High
transport_cost|Isolation Forest|Regional Express Co.|2016-04-08 00:00:00|153186,2016-04-08,Regional Express Co.,transport_cost,Isolation Forest,64.0,273.51,0.7344277323283785,High
transport_cost|Isolation Forest|Regional Express Co.|2015-06-13 00:00:00|122183,2015-06-13,Regional Express Co.,transport_cost,Isolation Forest,64.0,273.27,0.7344277323283785,High
transport_cost|Isolation Forest|Regional Express Co.|2017-05-17 00:00:00|105793,2017-05-17,Regional Express Co.,transport_cost,Isolation Forest,64.0,273.57,0.7344277323283785,High
transport_cost|Isolation Forest|Regional Express Co.|2017-05-18 00:00:00|105774,2017-05-18,Regional Express Co.,transport_cost,Isolation Forest,64.0,273.67,0.7344277323283785,High
transport_cost|Isolation Forest|National Freight Partners|2017-02-20 00:00:00|139096,2017-02-20,National Freight Partners,transport_cost,Isolation Forest,64.0,273.64,0.7344277323283785,High
transport_cost|Isolation Forest|National Freight Partners|2016-03-18 00:00:00|97379,2016-03-18,National Freight Partners,transport_cost,Isolation Forest,64.0,273.68,0.7344277323283785,High
transport_cost|Isolation Forest|National Freight Partners|2015-10-13 00:00:00|44106,2015-10-13,National Freight Partners,transport_cost,Isolation Forest,64.0,273.32,0.7344277323283785,High
transport_cost|Isolation Forest|National Freight Partners|2016-10-06 00:00:00|39276,2016-10-06,National Freight Partners,transport_cost,Isolation Forest,64.0,273.35,0.7344277323283785,High
transport_cost|Isolation Forest|National Freight Partners|2016-11-20 00:00:00|73705,2016-11-20,National Freight Partners,transport_cost,Isolation Forest,64.0,273.58,0.7344277323283785,High
transport_cost|Isolation Forest|National Freight Partners|2015-07-29 00:00:00|125100,2015-07-29,National Freight Partners,transport_cost,Isolation Forest,64.0,273.35,0.7344277323283785,High
transport_cost|Isolation Forest|Regional Express Co.|2015-07-21 00:00:00|157326,2015-07-21,Regional Express Co.,transport_cost,Isolation Forest,64.0,273.12,0.7334345969155448,High
transport_cost|Isolation Forest|Regional Express Co.|2016-05-18 00:00:00|140353,2016-05-18,Regional Express Co.,transport_cost,Isolation Forest,64.0,273.17,0.7334345969155448,High
transport_cost|Isolation Forest|National Freight Partners|2017-12-12 00:00:00|176796,2017-12-12,National Freight Partners,transport_cost,Isolation Forest,64.0,273.16,0.7334345969155448,High
transport_cost|Isolation Forest|Regional Express Co.|2016-09-11 00:00:00|36261,2016-09-11,Regional Express Co.,transport_cost,Isolation Forest,64.0,273.22,0.7334345969155448,High
transport_cost|Isolation Forest|National Freight Partners|2016-09-30 00:00:00|44049,2016-09-30,National Freight Partners,transport_cost,Isolation Forest,64.0,273.11,0.7334345969155448,High
inventory_change|Isolation Forest|Ajman Distribution Center|2017-03-31 00:00:00|819,2017-03-31,Ajman Distribution Center,inventory_change,Isolation Forest,-79.5,1585.0,0.7330413852322659,High
transport_cost|Isolation Forest|National Freight Partners|2016-09-03 00:00:00|140324,2016-09-03,National Freight Partners,transport_cost,Isolation Forest,64.0,272.87,0.7324428044775264,High
transport_cost|Isolation Forest|National Freight Partners|2016-05-04 00:00:00|79745,2016-05-04,National Freight Partners,transport_cost,Isolation Forest,64.0,272.19,0.7324428044775264,High
transport_cost|Isolation Forest|Regional Express Co.|2015-04-13 00:00:00|117773,2015-04-13,Regional Express Co.,transport_cost,Isolation Forest,64.0,272.58,0.7324428044775264,High
transport_cost|Isolation Forest|Regional Express Co.|2018-01-22 00:00:00|176832,2018-01-22,Regional Express Co.,transport_cost,Isolation Forest,64.0,273.05,0.7324428044775264,High
transport_cost|Isolation Forest|Regional Express Co.|2015-10-21 00:00:00|169161,2015-10-21,Regional Express Co.,transport_cost,Isolation Forest,64.0,272.24,0.7324428044775264,High
transport_cost|Isolation Forest|Regional Express Co.|2016-06-07 00:00:00|18095,2016-06-07,Regional Express Co.,transport_cost,Isolation Forest,64.0,272.92,0.7324428044775264,High
transport_cost|Isolation Forest|Regional Express Co.|2017-05-03 00:00:00|176717,2017-05-03,Regional Express Co.,transport_cost,Isolation Forest,64.0,272.95,0.7324428044775264,High
transport_cost|Isolation Forest|National Freight Partners|2016-01-22 00:00:00|69218,2016-01-22,National Freight Partners,transport_cost,Isolation Forest,64.0,272.52,0.7324428044775264,High
transport_cost|Isolation Forest|National Freight Partners|2015-01-27 00:00:00|20042,2015-01-27,National Freight Partners,transport_cost,Isolation Forest,64.0,272.03,0.7324428044775264,High
transport_cost|Isolation Forest|National Freight Partners|2015-12-08 00:00:00|18090,2015-12-08,National Freight Partners,transport_cost,Isolation Forest,64.0,272.98,0.7324428044775264,High
transport_cost|Isolation Forest|Regional Express Co.|2015-03-26 00:00:00|11305,2015-03-26,Regional Express Co.,transport_cost,Isolation Forest,64.0,272.82,0.7324428044775264,High
transport_cost|Isolation Forest|Regional Express Co.|2016-03-08 00:00:00|11377,2016-03-08,Regional Express Co.,transport_cost,Isolation Forest,64.0,272.24,0.7324428044775264,High
transport_cost|Isolation Forest|National Freight Partners|2018-01-08 00:00:00|69170,2018-01-08,National Freight Partners,transport_cost,Isolation Forest,64.0,272.03,0.7324428044775264,High
transport_cost|Isolation Forest|Regional Express Co.|2015-12-05 00:00:00|17993,2015-12-05,Regional Express Co.,transport_cost,Isolation Forest,64.0,272.27,0.7324428044775264,High
transport_cost|Isolation Forest|National Freight Partners|2017-03-27 00:00:00|11314,2017-03-27,National Freight Partners,transport_cost,Isolation Forest,64.0,272.73,0.7324428044775264,High
transport_cost|Isolation Forest|National Freight Partners|2017-02-27 00:00:00|69274,2017-02-27,National Freight Partners,transport_cost,Isolation Forest,64.0,271.81,0.7324428044775264,High
transport_cost|Isolation Forest|Regional Express Co.|2017-01-25 00:00:00|32032,2017-01-25,Regional Express Co.,transport_cost,Isolation Forest,64.0,272.49,0.7324428044775264,High
transport_cost|Isolation Forest|National Freight Partners|2016-10-30 00:00:00|112600,2016-10-30,National Freight Partners,transport_cost,Isolation Forest,64.0,271.96,0.7324428044775264,High
transport_cost|Isolation Forest|Regional Express Co.|2017-05-12 00:00:00|55036,2017-05-12,Regional Express Co.,transport_cost,Isolation Forest,64.0,272.38,0.7324428044775264,High
transport_cost|Isolation Forest|Regional Express Co.|2015-08-16 00:00:00|29297,2015-08-16,Regional Express Co.,transport_cost,Isolation Forest,64.0,271.93,0.7324428044775264,High
transport_cost|Isolation Forest|Regional Express Co.|2015-06-04 00:00:00|177828,2015-06-04,Regional Express Co.,transport_cost,Isolation Forest,64.0,271.82,0.7324428044775264,High
transport_cost|Isolation Forest|Regional Express Co.|2016-07-21 00:00:00|96,2016-07-21,Regional Express Co.,transport_cost,Isolation Forest,64.0,272.25,0.7324428044775264,High
transport_cost|Isolation Forest|National Freight Partners|2017-01-27 00:00:00|36293,2017-01-27,National Freight Partners,transport_cost,Isolation Forest,64.0,272.72,0.7324428044775264,High
transport_cost|Isolation Forest|Regional Express Co.|2015-02-09 00:00:00|114187,2015-02-09,Regional Express Co.,transport_cost,Isolation Forest,64.0,272.03,0.7324428044775264,High
transport_cost|Isolation Forest|National Freight Partners|2017-03-30 00:00:00|157345,2017-03-30,National Freight Partners,transport_cost,Isolation Forest,64.0,272.16,0.7324428044775264,High
transport_cost|Isolation Forest|National Freight Partners|2018-01-07 00:00:00|29137,2018-01-07,National Freight Partners,transport_cost,Isolation Forest,64.0,271.88,0.7324428044775264,High
transport_cost|Isolation Forest|National Freight Partners|2016-04-18 00:00:00|125042,2016-04-18,National Freight Partners,transport_cost,Isolation Forest,64.0,271.97,0.7324428044775264,High
transport_cost|Isolation Forest|National Freight Partners|2016-07-08 00:00:00|44497,2016-07-08,National Freight Partners,transport_cost,Isolation Forest,64.0,271.97,0.7324428044775264,High
transport_cost|Isolation Forest|National Freight Partners|2017-01-14 00:00:00|141831,2017-01-14,National Freight Partners,transport_cost,Isolation Forest,64.0,273.01,0.7324428044775264,High
transport_cost|Isolation Forest|National Freight Partners|2016-07-03 00:00:00|141762,2016-07-03,National Freight Partners,transport_cost,Isolation Forest,64.0,272.5,0.7324428044775264,High
transport_cost|Isolation Forest|National Freight Partners|2016-11-26 00:00:00|141755,2016-11-26,National Freight Partners,transport_cost,Isolation Forest,64.0,272.9,0.7324428044775264,High
transport_cost|Isolation Forest|National Freight Partners|2016-10-03 00:00:00|117196,2016-10-03,National Freight Partners,transport_cost,Isolation Forest,64.0,272.72,0.7324428044775264,High
transport_cost|Isolation Forest|Regional Express Co.|2015-08-21 00:00:00|32212,2015-08-21,Regional Express Co.,transport_cost,Isolation Forest,64.0,272.15,0.7324428044775264,High
transport_cost|Isolation Forest|National Freight Partners|2015-11-16 00:00:00|177042,2015-11-16,National Freight Partners,transport_cost,Isolation Forest,64.0,272.51,0.7324428044775264,High
transport_cost|Isolation Forest|Regional Express Co.|2015-05-15 00:00:00|44803,2015-05-15,Regional Express Co.,transport_cost,Isolation Forest,64.0,273.02,0.7324428044775264,High
transport_cost|Isolation Forest|Regional Express Co.|2017-02-28 00:00:00|117303,2017-02-28,Regional Express Co.,transport_cost,Isolation Forest,64.0,272.22,0.7324428044775264,High
transport_cost|Isolation Forest|National Freight Partners|2017-07-14 00:00:00|176955,2017-07-14,National Freight Partners,transport_cost,Isolation Forest,64.0,272.53,0.7324428044775264,High
transport_cost|Isolation Forest|National Freight Partners|2017-03-04 00:00:00|97372,2017-03-04,National Freight Partners,transport_cost,Isolation Forest,64.0,271.98,0.7324428044775264,High
inventory_change|Isolation Forest|Ajman Distribution Center|2017-09-02 00:00:00|974,2017-09-02,Ajman Distribution Center,inventory_change,Isolation Forest,-79.5,1665.0,0.7320501245176972,High
inventory_change|Isolation Forest|Ajman Distribution Center|2016-10-07 00:00:00|644,2016-10-07,Ajman Distribution Center,inventory_change,Isolation Forest,-79.5,1665.0,0.7320501245176972,High
transport_cost|Isolation Forest|National Freight Partners|2016-06-23 00:00:00|202,2016-06-23,National Freight Partners,transport_cost,Isolation Forest,64.0,271.75,0.731947411306462,High
inventory_change|Isolation Forest|Sharjah Distribution Center|2018-02-01 00:00:00|1126,2018-02-01,Sharjah Distribution Center,inventory_change,Isolation Forest,-35.0,-189.0,0.7304907379334988,High
inventory_change|Isolation Forest|Ras Al Khaimah Distribution Center|2015-10-07 00:00:00|276,2015-10-07,Ras Al Khaimah Distribution Center,inventory_change,Isolation Forest,0.0,20.0,0.7300424559054501,High
inventory_change|Isolation Forest|Ras Al Khaimah Distribution Center|2017-12-02 00:00:00|1063,2017-12-02,Ras Al Khaimah Distribution Center,inventory_change,Isolation Forest,0.0,19.0,0.7300424559054501,High
transport_cost|Isolation Forest|Regional Express Co.|2015-05-13 00:00:00|20000,2015-05-13,Regional Express Co.,transport_cost,Isolation Forest,64.0,271.68,0.7294754668641612,High
transport_cost|Isolation Forest|Regional Express Co.|2015-07-26 00:00:00|144435,2015-07-26,Regional Express Co.,transport_cost,Isolation Forest,64.0,271.56,0.7294754668641612,High
transport_cost|Isolation Forest|Regional Express Co.|2015-04-07 00:00:00|122293,2015-04-07,Regional Express Co.,transport_cost,Isolation Forest,64.0,271.66,0.7294754668641612,High
transport_cost|Isolation Forest|National Freight Partners|2015-11-24 00:00:00|133493,2015-11-24,National Freight Partners,transport_cost,Isolation Forest,64.0,271.7,0.7294754668641612,High
daily_sales|Isolation Forest|Network|2018-09-03 00:00:00|1337,2018-09-03,Network,daily_sales,Isolation Forest,122569.795,143.55,0.7288797979369817,High
inventory_change|Isolation Forest|Sharjah Distribution Center|2015-08-29 00:00:00|239,2015-08-29,Sharjah Distribution Center,inventory_change,Isolation Forest,-35.0,731.0,0.7285912560903783,High
inventory_change|Isolation Forest|Abu Dhabi Distribution Center|2016-02-22 00:00:00|416,2016-02-22,Abu Dhabi Distribution Center,inventory_change,Isolation Forest,-52.0,1238.0,0.7280984679428836,High
transport_cost|Isolation Forest|National Freight Partners|2016-08-08 00:00:00|44477,2016-08-08,National Freight Partners,transport_cost,Isolation Forest,64.0,270.99,0.7279963091845785,High
transport_cost|Isolation Forest|National Freight Partners|2017-03-27 00:00:00|157445,2017-03-27,National Freight Partners,transport_cost,Isolation Forest,64.0,271.02,0.7279963091845785,High
transport_cost|Isolation Forest|National Freight Partners|2016-11-26 00:00:00|157364,2016-11-26,National Freight Partners,transport_cost,Isolation Forest,64.0,270.93,0.7279963091845785,High
transport_cost|Isolation Forest|Regional Express Co.|2016-09-04 00:00:00|48145,2016-09-04,Regional Express Co.,transport_cost,Isolation Forest,64.0,271.09,0.7279963091845785,High
transport_cost|Isolation Forest|National Freight Partners|2017-02-25 00:00:00|56248,2017-02-25,National Freight Partners,transport_cost,Isolation Forest,64.0,271.32,0.7279963091845785,High
transport_cost|Isolation Forest|Regional Express Co.|2016-09-03 00:00:00|147786,2016-09-03,Regional Express Co.,transport_cost,Isolation Forest,64.0,271.07,0.7279963091845785,High
transport_cost|Isolation Forest|Regional Express Co.|2016-09-03 00:00:00|147778,2016-09-03,Regional Express Co.,transport_cost,Isolation Forest,64.0,270.99,0.7279963091845785,High
transport_cost|Isolation Forest|Regional Express Co.|2017-06-22 00:00:00|168982,2017-06-22,Regional Express Co.,transport_cost,Isolation Forest,64.0,270.95,0.7279963091845785,High
transport_cost|Isolation Forest|National Freight Partners|2016-06-21 00:00:00|48266,2016-06-21,National Freight Partners,transport_cost,Isolation Forest,64.0,270.99,0.7279963091845785,High
inventory_change|Isolation Forest|Ras Al Khaimah Distribution Center|2017-01-22 00:00:00|749,2017-01-22,Ras Al Khaimah Distribution Center,inventory_change,Isolation Forest,0.0,21.0,0.7275769449088363,High
transport_cost|Isolation Forest|Regional Express Co.|2017-02-08 00:00:00|157230,2017-02-08,Regional Express Co.,transport_cost,Isolation Forest,64.0,271.17,0.7275039234338749,High
transport_cost|Isolation Forest|National Freight Partners|2016-08-05 00:00:00|18073,2016-08-05,National Freight Partners,transport_cost,Isolation Forest,64.0,271.1,0.7275039234338749,High
transport_cost|Isolation Forest|Regional Express Co.|2015-07-26 00:00:00|104217,2015-07-26,Regional Express Co.,transport_cost,Isolation Forest,64.0,271.5,0.7275039234338749,High
transport_cost|Isolation Forest|Regional Express Co.|2016-03-02 00:00:00|18046,2016-03-02,Regional Express Co.,transport_cost,Isolation Forest,64.0,271.4,0.7275039234338749,High
transport_cost|Isolation Forest|National Freight Partners|2016-05-30 00:00:00|176864,2016-05-30,National Freight Partners,transport_cost,Isolation Forest,64.0,271.29,0.7275039234338749,High
transport_cost|Isolation Forest|Regional Express Co.|2016-06-27 00:00:00|151830,2016-06-27,Regional Express Co.,transport_cost,Isolation Forest,64.0,271.53,0.7275039234338749,High
transport_cost|Isolation Forest|National Freight Partners|2017-02-12 00:00:00|117340,2017-02-12,National Freight Partners,transport_cost,Isolation Forest,64.0,271.2,0.7275039234338749,High
transport_cost|Isolation Forest|National Freight Partners|2016-07-23 00:00:00|99849,2016-07-23,National Freight Partners,transport_cost,Isolation Forest,64.0,271.26,0.7275039234338749,High
transport_cost|Isolation Forest|National Freight Partners|2015-10-27 00:00:00|29168,2015-10-27,National Freight Partners,transport_cost,Isolation Forest,64.0,271.52,0.7275039234338749,High
transport_cost|Isolation Forest|Regional Express Co.|2017-09-13 00:00:00|77494,2017-09-13,Regional Express Co.,transport_cost,Isolation Forest,64.0,271.11,0.7275039234338749,High
transport_cost|Isolation Forest|Regional Express Co.|2017-09-16 00:00:00|77445,2017-09-16,Regional Express Co.,transport_cost,Isolation Forest,64.0,271.53,0.7275039234338749,High
transport_cost|Isolation Forest|National Freight Partners|2015-07-23 00:00:00|47863,2015-07-23,National Freight Partners,transport_cost,Isolation Forest,64.0,271.11,0.7275039234338749,High
transport_cost|Isolation Forest|National Freight Partners|2016-09-24 00:00:00|97212,2016-09-24,National Freight Partners,transport_cost,Isolation Forest,64.0,271.51,0.7275039234338749,High
inventory_change|Isolation Forest|Ras Al Khaimah Distribution Center|2018-03-02 00:00:00|1153,2018-03-02,Ras Al Khaimah Distribution Center,inventory_change,Isolation Forest,0.0,17.0,0.7274748593248997,High
inventory_change|Isolation Forest|Ras Al Khaimah Distribution Center|2017-09-15 00:00:00|985,2017-09-15,Ras Al Khaimah Distribution Center,inventory_change,Isolation Forest,0.0,17.0,0.7274748593248997,High
inventory_change|Isolation Forest|Sharjah Distribution Center|2017-12-09 00:00:00|1072,2017-12-09,Sharjah Distribution Center,inventory_change,Isolation Forest,-35.0,342.0,0.7271138913253155,High
inventory_change|Isolation Forest|Ras Al Khaimah Distribution Center|2015-11-16 00:00:00|316,2015-11-16,Ras Al Khaimah Distribution Center,inventory_change,Isolation Forest,0.0,22.0,0.7270848427982984,High
inventory_change|Isolation Forest|Ras Al Khaimah Distribution Center|2018-01-02 00:00:00|1094,2018-01-02,Ras Al Khaimah Distribution Center,inventory_change,Isolation Forest,0.0,22.0,0.7270848427982984,High
inventory_change|Isolation Forest|Sharjah Distribution Center|2016-05-04 00:00:00|488,2016-05-04,Sharjah Distribution Center,inventory_change,Isolation Forest,-35.0,346.0,0.7266221024045334,High
inventory_change|Isolation Forest|Ajman Distribution Center|2015-02-08 00:00:00|37,2015-02-08,Ajman Distribution Center,inventory_change,Isolation Forest,-79.5,499.0,0.7261306461088676,High
inventory_change|Isolation Forest|Ajman Distribution Center|2017-09-01 00:00:00|973,2017-09-01,Ajman Distribution Center,inventory_change,Isolation Forest,-79.5,499.0,0.7261306461088676,High
transport_cost|Isolation Forest|National Freight Partners|2016-01-26 00:00:00|29228,2016-01-26,National Freight Partners,transport_cost,Isolation Forest,64.0,270.8,0.7260287634536502,High
transport_cost|Isolation Forest|Regional Express Co.|2015-09-18 00:00:00|157485,2015-09-18,Regional Express Co.,transport_cost,Isolation Forest,64.0,270.9,0.7260287634536502,High
transport_cost|Isolation Forest|National Freight Partners|2015-10-07 00:00:00|19978,2015-10-07,National Freight Partners,transport_cost,Isolation Forest,64.0,270.72,0.7260287634536502,High
transport_cost|Isolation Forest|National Freight Partners|2015-05-29 00:00:00|177948,2015-05-29,National Freight Partners,transport_cost,Isolation Forest,64.0,270.73,0.7260287634536502,High
transport_cost|Isolation Forest|Regional Express Co.|2016-06-17 00:00:00|97345,2016-06-17,Regional Express Co.,transport_cost,Isolation Forest,64.0,270.82,0.7260287634536502,High
transport_cost|Isolation Forest|Regional Express Co.|2016-03-27 00:00:00|36437,2016-03-27,Regional Express Co.,transport_cost,Isolation Forest,64.0,270.86,0.7260287634536502,High
transport_cost|Isolation Forest|Regional Express Co.|2016-08-29 00:00:00|74987,2016-08-29,Regional Express Co.,transport_cost,Isolation Forest,64.0,270.7,0.7260287634536502,High
inventory_change|Isolation Forest|Sharjah Distribution Center|2016-07-03 00:00:00|548,2016-07-03,Sharjah Distribution Center,inventory_change,Isolation Forest,-35.0,663.0,0.7257123565534703,High
inventory_change|Isolation Forest|Sharjah Distribution Center|2017-01-12 00:00:00|741,2017-01-12,Sharjah Distribution Center,inventory_change,Isolation Forest,-35.0,665.0,0.7257123565534703,High
inventory_change|Isolation Forest|Sharjah Distribution Center|2015-02-24 00:00:00|53,2015-02-24,Sharjah Distribution Center,inventory_change,Isolation Forest,-35.0,727.0,0.7251487304931429,High
inventory_change|Isolation Forest|Dubai Distribution Center|2017-02-09 00:00:00|769,2017-02-09,Dubai Distribution Center,inventory_change,Isolation Forest,-84.0,1421.0,0.7251487304931429,High
transport_cost|Isolation Forest|Regional Express Co.|2017-04-23 00:00:00|55350,2017-04-23,Regional Express Co.,transport_cost,Isolation Forest,64.0,270.48,0.7250469856095105,High
transport_cost|Isolation Forest|Regional Express Co.|2016-03-03 00:00:00|4052,2016-03-03,Regional Express Co.,transport_cost,Isolation Forest,64.0,270.53,0.7250469856095105,High
transport_cost|Isolation Forest|Regional Express Co.|2016-09-03 00:00:00|147781,2016-09-03,Regional Express Co.,transport_cost,Isolation Forest,64.0,270.57,0.7250469856095105,High
transport_cost|Isolation Forest|Regional Express Co.|2016-05-13 00:00:00|44636,2016-05-13,Regional Express Co.,transport_cost,Isolation Forest,64.0,270.57,0.7250469856095105,High
transport_cost|Isolation Forest|National Freight Partners|2015-01-18 00:00:00|44256,2015-01-18,National Freight Partners,transport_cost,Isolation Forest,64.0,270.54,0.7250469856095105,High
transport_cost|Isolation Forest|Regional Express Co.|2017-01-20 00:00:00|111030,2017-01-20,Regional Express Co.,transport_cost,Isolation Forest,64.0,269.64,0.7245565946558743,High
transport_cost|Isolation Forest|Regional Express Co.|2015-06-14 00:00:00|169073,2015-06-14,Regional Express Co.,transport_cost,Isolation Forest,64.0,270.18,0.7245565946558743,High
transport_cost|Isolation Forest|Regional Express Co.|2015-11-16 00:00:00|176804,2015-11-16,Regional Express Co.,transport_cost,Isolation Forest,64.0,270.28,0.7245565946558743,High
transport_cost|Isolation Forest|Regional Express Co.|2015-01-16 00:00:00|169081,2015-01-16,Regional Express Co.,transport_cost,Isolation Forest,64.0,269.76,0.7245565946558743,High
transport_cost|Isolation Forest|National Freight Partners|2017-02-25 00:00:00|107378,2017-02-25,National Freight Partners,transport_cost,Isolation Forest,64.0,270.02,0.7245565946558743,High
transport_cost|Isolation Forest|Regional Express Co.|2016-12-20 00:00:00|44045,2016-12-20,Regional Express Co.,transport_cost,Isolation Forest,64.0,270.28,0.7245565946558743,High
transport_cost|Isolation Forest|Regional Express Co.|2015-11-17 00:00:00|177098,2015-11-17,Regional Express Co.,transport_cost,Isolation Forest,64.0,269.85,0.7245565946558743,High
transport_cost|Isolation Forest|National Freight Partners|2015-10-31 00:00:00|16209,2015-10-31,National Freight Partners,transport_cost,Isolation Forest,64.0,270.25,0.7245565946558743,High
transport_cost|Isolation Forest|Regional Express Co.|2016-11-09 00:00:00|112420,2016-11-09,Regional Express Co.,transport_cost,Isolation Forest,64.0,270.18,0.7245565946558743,High
transport_cost|Isolation Forest|Regional Express Co.|2016-11-28 00:00:00|44466,2016-11-28,Regional Express Co.,transport_cost,Isolation Forest,64.0,269.81,0.7245565946558743,High
transport_cost|Isolation Forest|National Freight Partners|2015-06-14 00:00:00|47900,2015-06-14,National Freight Partners,transport_cost,Isolation Forest,64.0,269.77,0.7245565946558743,High
transport_cost|Isolation Forest|National Freight Partners|2016-11-20 00:00:00|146464,2016-11-20,National Freight Partners,transport_cost,Isolation Forest,64.0,270.16,0.7245565946558743,High
transport_cost|Isolation Forest|Regional Express Co.|2016-12-20 00:00:00|36387,2016-12-20,Regional Express Co.,transport_cost,Isolation Forest,64.0,270.39,0.7245565946558743,High
transport_cost|Isolation Forest|Regional Express Co.|2016-04-04 00:00:00|117722,2016-04-04,Regional Express Co.,transport_cost,Isolation Forest,64.0,270.16,0.7245565946558743,High
transport_cost|Isolation Forest|Regional Express Co.|2015-04-10 00:00:00|141792,2015-04-10,Regional Express Co.,transport_cost,Isolation Forest,64.0,269.66,0.7245565946558743,High
transport_cost|Isolation Forest|National Freight Partners|2018-01-12 00:00:00|82,2018-01-12,National Freight Partners,transport_cost,Isolation Forest,64.0,269.66,0.7245565946558743,High
transport_cost|Isolation Forest|National Freight Partners|2016-01-03 00:00:00|117800,2016-01-03,National Freight Partners,transport_cost,Isolation Forest,64.0,269.81,0.7245565946558743,High
transport_cost|Isolation Forest|Regional Express Co.|2015-12-23 00:00:00|36427,2015-12-23,Regional Express Co.,transport_cost,Isolation Forest,64.0,269.93,0.7245565946558743,High
transport_cost|Isolation Forest|Regional Express Co.|2015-01-04 00:00:00|20036,2015-01-04,Regional Express Co.,transport_cost,Isolation Forest,64.0,269.85,0.7245565946558743,High
transport_cost|Isolation Forest|National Freight Partners|2015-11-02 00:00:00|69275,2015-11-02,National Freight Partners,transport_cost,Isolation Forest,64.0,270.13,0.7245565946558743,High
transport_cost|Isolation Forest|National Freight Partners|2016-08-21 00:00:00|125002,2016-08-21,National Freight Partners,transport_cost,Isolation Forest,64.0,270.25,0.7245565946558743,High
transport_cost|Isolation Forest|Regional Express Co.|2016-09-04 00:00:00|36256,2016-09-04,Regional Express Co.,transport_cost,Isolation Forest,64.0,269.68,0.7245565946558743,High
transport_cost|Isolation Forest|Regional Express Co.|2016-03-31 00:00:00|131011,2016-03-31,Regional Express Co.,transport_cost,Isolation Forest,64.0,269.91,0.7245565946558743,High
transport_cost|Isolation Forest|National Freight Partners|2015-01-05 00:00:00|48179,2015-01-05,National Freight Partners,transport_cost,Isolation Forest,64.0,270.31,0.7245565946558743,High
transport_cost|Isolation Forest|Regional Express Co.|2017-06-22 00:00:00|36329,2017-06-22,Regional Express Co.,transport_cost,Isolation Forest,64.0,269.6,0.7245565946558743,High
transport_cost|Isolation Forest|Regional Express Co.|2016-07-30 00:00:00|36314,2016-07-30,Regional Express Co.,transport_cost,Isolation Forest,64.0,269.75,0.7245565946558743,High
transport_cost|Isolation Forest|National Freight Partners|2016-08-16 00:00:00|151004,2016-08-16,National Freight Partners,transport_cost,Isolation Forest,64.0,269.8,0.7245565946558743,High
transport_cost|Isolation Forest|Regional Express Co.|2015-10-07 00:00:00|36327,2015-10-07,Regional Express Co.,transport_cost,Isolation Forest,64.0,269.67,0.7245565946558743,High
transport_cost|Isolation Forest|Regional Express Co.|2015-04-04 00:00:00|176721,2015-04-04,Regional Express Co.,transport_cost,Isolation Forest,64.0,264.57,0.7241681426801786,High
transport_cost|Isolation Forest|Regional Express Co.|2017-12-05 00:00:00|52754,2017-12-05,Regional Express Co.,transport_cost,Isolation Forest,64.0,264.1,0.7241681426801786,High
transport_cost|Isolation Forest|National Freight Partners|2017-07-24 00:00:00|69145,2017-07-24,National Freight Partners,transport_cost,Isolation Forest,64.0,264.75,0.7241681426801786,High
transport_cost|Isolation Forest|National Freight Partners|2016-04-28 00:00:00|4064,2016-04-28,National Freight Partners,transport_cost,Isolation Forest,64.0,264.89,0.7241681426801786,High
transport_cost|Isolation Forest|National Freight Partners|2017-04-23 00:00:00|176918,2017-04-23,National Freight Partners,transport_cost,Isolation Forest,64.0,264.28,0.7241681426801786,High
transport_cost|Isolation Forest|National Freight Partners|2015-08-21 00:00:00|143983,2015-08-21,National Freight Partners,transport_cost,Isolation Forest,64.0,264.56,0.7241681426801786,High
transport_cost|Isolation Forest|Regional Express Co.|2016-07-14 00:00:00|36445,2016-07-14,Regional Express Co.,transport_cost,Isolation Forest,64.0,264.41,0.7241681426801786,High
transport_cost|Isolation Forest|Regional Express Co.|2016-11-09 00:00:00|122379,2016-11-09,Regional Express Co.,transport_cost,Isolation Forest,64.0,264.34,0.7241681426801786,High
transport_cost|Isolation Forest|Regional Express Co.|2018-01-10 00:00:00|97276,2018-01-10,Regional Express Co.,transport_cost,Isolation Forest,64.0,264.63,0.7241681426801786,High
transport_cost|Isolation Forest|National Freight Partners|2016-12-18 00:00:00|73284,2016-12-18,National Freight Partners,transport_cost,Isolation Forest,64.0,264.8,0.7241681426801786,High
transport_cost|Isolation Forest|Regional Express Co.|2015-07-01 00:00:00|125010,2015-07-01,Regional Express Co.,transport_cost,Isolation Forest,64.0,264.18,0.7241681426801786,High
transport_cost|Isolation Forest|Regional Express Co.|2017-05-13 00:00:00|105866,2017-05-13,Regional Express Co.,transport_cost,Isolation Forest,64.0,264.39,0.7241681426801786,High
transport_cost|Isolation Forest|National Freight Partners|2015-04-16 00:00:00|29225,2015-04-16,National Freight Partners,transport_cost,Isolation Forest,64.0,264.37,0.7241681426801786,High
transport_cost|Isolation Forest|Regional Express Co.|2016-01-23 00:00:00|141864,2016-01-23,Regional Express Co.,transport_cost,Isolation Forest,64.0,264.79,0.7241681426801786,High
transport_cost|Isolation Forest|National Freight Partners|2016-07-27 00:00:00|169058,2016-07-27,National Freight Partners,transport_cost,Isolation Forest,64.0,264.49,0.7241681426801786,High
transport_cost|Isolation Forest|Regional Express Co.|2016-11-01 00:00:00|31742,2016-11-01,Regional Express Co.,transport_cost,Isolation Forest,64.0,264.64,0.7241681426801786,High
transport_cost|Isolation Forest|Regional Express Co.|2016-01-13 00:00:00|20058,2016-01-13,Regional Express Co.,transport_cost,Isolation Forest,64.0,264.62,0.7241681426801786,High
transport_cost|Isolation Forest|Regional Express Co.|2017-07-28 00:00:00|78349,2017-07-28,Regional Express Co.,transport_cost,Isolation Forest,64.0,264.87,0.7241681426801786,High
transport_cost|Isolation Forest|Regional Express Co.|2015-03-02 00:00:00|172841,2015-03-02,Regional Express Co.,transport_cost,Isolation Forest,64.0,264.18,0.7241681426801786,High
transport_cost|Isolation Forest|Regional Express Co.|2015-02-28 00:00:00|113843,2015-02-28,Regional Express Co.,transport_cost,Isolation Forest,64.0,264.53,0.7241681426801786,High
transport_cost|Isolation Forest|National Freight Partners|2017-03-18 00:00:00|55924,2017-03-18,National Freight Partners,transport_cost,Isolation Forest,64.0,264.55,0.7241681426801786,High
transport_cost|Isolation Forest|Regional Express Co.|2015-04-24 00:00:00|39237,2015-04-24,Regional Express Co.,transport_cost,Isolation Forest,64.0,264.41,0.7241681426801786,High
transport_cost|Isolation Forest|Regional Express Co.|2015-12-17 00:00:00|11374,2015-12-17,Regional Express Co.,transport_cost,Isolation Forest,64.0,264.81,0.7241681426801786,High
transport_cost|Isolation Forest|Regional Express Co.|2018-01-28 00:00:00|169025,2018-01-28,Regional Express Co.,transport_cost,Isolation Forest,64.0,264.8,0.7241681426801786,High
transport_cost|Isolation Forest|National Freight Partners|2015-09-28 00:00:00|117281,2015-09-28,National Freight Partners,transport_cost,Isolation Forest,64.0,264.58,0.7241681426801786,High
transport_cost|Isolation Forest|Regional Express Co.|2017-12-16 00:00:00|140343,2017-12-16,Regional Express Co.,transport_cost,Isolation Forest,64.0,265.93,0.7240665353818287,High
transport_cost|Isolation Forest|Regional Express Co.|2015-01-16 00:00:00|76875,2015-01-16,Regional Express Co.,transport_cost,Isolation Forest,64.0,269.5,0.7240665353818287,High
transport_cost|Isolation Forest|Regional Express Co.|2015-07-21 00:00:00|144548,2015-07-21,Regional Express Co.,transport_cost,Isolation Forest,64.0,266.22,0.7240665353818287,High
transport_cost|Isolation Forest|National Freight Partners|2015-04-10 00:00:00|157493,2015-04-10,National Freight Partners,transport_cost,Isolation Forest,64.0,266.06,0.7240665353818287,High
transport_cost|Isolation Forest|National Freight Partners|2016-08-16 00:00:00|75203,2016-08-16,National Freight Partners,transport_cost,Isolation Forest,64.0,266.05,0.7240665353818287,High
transport_cost|Isolation Forest|Regional Express Co.|2016-10-21 00:00:00|74189,2016-10-21,Regional Express Co.,transport_cost,Isolation Forest,64.0,265.58,0.7240665353818287,High
transport_cost|Isolation Forest|Regional Express Co.|2016-06-11 00:00:00|117582,2016-06-11,Regional Express Co.,transport_cost,Isolation Forest,64.0,266.34,0.7240665353818287,High
transport_cost|Isolation Forest|Regional Express Co.|2017-08-11 00:00:00|62946,2017-08-11,Regional Express Co.,transport_cost,Isolation Forest,64.0,269.52,0.7240665353818287,High
transport_cost|Isolation Forest|National Freight Partners|2017-01-17 00:00:00|145469,2017-01-17,National Freight Partners,transport_cost,Isolation Forest,64.0,269.32,0.7240665353818287,High
transport_cost|Isolation Forest|National Freight Partners|2015-09-03 00:00:00|71783,2015-09-03,National Freight Partners,transport_cost,Isolation Forest,64.0,269.26,0.7240665353818287,High
transport_cost|Isolation Forest|National Freight Partners|2015-12-16 00:00:00|101997,2015-12-16,National Freight Partners,transport_cost,Isolation Forest,64.0,265.52,0.7240665353818287,High
transport_cost|Isolation Forest|National Freight Partners|2016-05-11 00:00:00|71734,2016-05-11,National Freight Partners,transport_cost,Isolation Forest,64.0,265.6,0.7240665353818287,High
transport_cost|Isolation Forest|Regional Express Co.|2017-06-05 00:00:00|20031,2017-06-05,Regional Express Co.,transport_cost,Isolation Forest,64.0,266.02,0.7240665353818287,High
transport_cost|Isolation Forest|Regional Express Co.|2016-12-29 00:00:00|111445,2016-12-29,Regional Express Co.,transport_cost,Isolation Forest,64.0,269.31,0.7240665353818287,High
transport_cost|Isolation Forest|Regional Express Co.|2017-09-01 00:00:00|44886,2017-09-01,Regional Express Co.,transport_cost,Isolation Forest,64.0,265.93,0.7240665353818287,High
transport_cost|Isolation Forest|Regional Express Co.|2015-03-04 00:00:00|176749,2015-03-04,Regional Express Co.,transport_cost,Isolation Forest,64.0,265.84,0.7240665353818287,High
transport_cost|Isolation Forest|National Freight Partners|2017-08-27 00:00:00|77808,2017-08-27,National Freight Partners,transport_cost,Isolation Forest,64.0,266.22,0.7240665353818287,High
transport_cost|Isolation Forest|National Freight Partners|2015-09-23 00:00:00|62942,2015-09-23,National Freight Partners,transport_cost,Isolation Forest,64.0,265.82,0.7240665353818287,High
transport_cost|Isolation Forest|National Freight Partners|2017-09-24 00:00:00|39217,2017-09-24,National Freight Partners,transport_cost,Isolation Forest,64.0,265.81,0.7240665353818287,High
transport_cost|Isolation Forest|National Freight Partners|2015-01-16 00:00:00|114662,2015-01-16,National Freight Partners,transport_cost,Isolation Forest,64.0,265.61,0.7240665353818287,High
transport_cost|Isolation Forest|National Freight Partners|2017-02-19 00:00:00|56326,2017-02-19,National Freight Partners,transport_cost,Isolation Forest,64.0,265.66,0.7240665353818287,High
transport_cost|Isolation Forest|Regional Express Co.|2016-12-09 00:00:00|29231,2016-12-09,Regional Express Co.,transport_cost,Isolation Forest,64.0,266.31,0.7240665353818287,High
transport_cost|Isolation Forest|National Freight Partners|2016-09-13 00:00:00|98908,2016-09-13,National Freight Partners,transport_cost,Isolation Forest,64.0,265.59,0.7240665353818287,High
transport_cost|Isolation Forest|National Freight Partners|2017-09-26 00:00:00|115063,2017-09-26,National Freight Partners,transport_cost,Isolation Forest,64.0,266.22,0.7240665353818287,High
transport_cost|Isolation Forest|National Freight Partners|2016-10-27 00:00:00|112685,2016-10-27,National Freight Partners,transport_cost,Isolation Forest,64.0,269.53,0.7240665353818287,High
transport_cost|Isolation Forest|Regional Express Co.|2015-07-26 00:00:00|97390,2015-07-26,Regional Express Co.,transport_cost,Isolation Forest,64.0,269.29,0.7240665353818287,High
transport_cost|Isolation Forest|National Freight Partners|2017-03-18 00:00:00|29226,2017-03-18,National Freight Partners,transport_cost,Isolation Forest,64.0,265.48,0.7240665353818287,High
transport_cost|Isolation Forest|National Freight Partners|2015-11-21 00:00:00|39241,2015-11-21,National Freight Partners,transport_cost,Isolation Forest,64.0,269.26,0.7240665353818287,High
transport_cost|Isolation Forest|Regional Express Co.|2016-07-16 00:00:00|39247,2016-07-16,Regional Express Co.,transport_cost,Isolation Forest,64.0,265.44,0.7240665353818287,High
transport_cost|Isolation Forest|Regional Express Co.|2015-09-28 00:00:00|103247,2015-09-28,Regional Express Co.,transport_cost,Isolation Forest,64.0,266.28,0.7240665353818287,High
transport_cost|Isolation Forest|National Freight Partners|2016-10-28 00:00:00|44439,2016-10-28,National Freight Partners,transport_cost,Isolation Forest,64.0,266.23,0.7240665353818287,High
transport_cost|Isolation Forest|National Freight Partners|2016-01-07 00:00:00|44437,2016-01-07,National Freight Partners,transport_cost,Isolation Forest,64.0,269.36,0.7240665353818287,High
transport_cost|Isolation Forest|Regional Express Co.|2017-09-16 00:00:00|59457,2017-09-16,Regional Express Co.,transport_cost,Isolation Forest,64.0,269.33,0.7240665353818287,High
transport_cost|Isolation Forest|National Freight Partners|2017-03-21 00:00:00|55870,2017-03-21,National Freight Partners,transport_cost,Isolation Forest,64.0,265.63,0.7240665353818287,High
transport_cost|Isolation Forest|National Freight Partners|2015-04-05 00:00:00|29121,2015-04-05,National Freight Partners,transport_cost,Isolation Forest,64.0,269.29,0.7240665353818287,High
transport_cost|Isolation Forest|National Freight Partners|2015-06-04 00:00:00|177829,2015-06-04,National Freight Partners,transport_cost,Isolation Forest,64.0,265.61,0.7240665353818287,High
transport_cost|Isolation Forest|Regional Express Co.|2016-09-28 00:00:00|117207,2016-09-28,Regional Express Co.,transport_cost,Isolation Forest,64.0,265.53,0.7240665353818287,High
transport_cost|Isolation Forest|National Freight Partners|2015-11-02 00:00:00|177043,2015-11-02,National Freight Partners,transport_cost,Isolation Forest,64.0,269.52,0.7240665353818287,High
transport_cost|Isolation Forest|National Freight Partners|2017-08-23 00:00:00|117231,2017-08-23,National Freight Partners,transport_cost,Isolation Forest,64.0,266.21,0.7240665353818287,High
transport_cost|Isolation Forest|National Freight Partners|2015-06-02 00:00:00|157381,2015-06-02,National Freight Partners,transport_cost,Isolation Forest,64.0,269.37,0.7240665353818287,High
transport_cost|Isolation Forest|National Freight Partners|2017-04-16 00:00:00|55463,2017-04-16,National Freight Partners,transport_cost,Isolation Forest,64.0,265.87,0.7240665353818287,High
transport_cost|Isolation Forest|National Freight Partners|2015-06-21 00:00:00|5771,2015-06-21,National Freight Partners,transport_cost,Isolation Forest,64.0,269.57,0.7240665353818287,High
transport_cost|Isolation Forest|Regional Express Co.|2016-05-06 00:00:00|152745,2016-05-06,Regional Express Co.,transport_cost,Isolation Forest,64.0,269.3,0.7240665353818287,High
transport_cost|Isolation Forest|Regional Express Co.|2015-04-22 00:00:00|62202,2015-04-22,Regional Express Co.,transport_cost,Isolation Forest,64.0,265.58,0.7240665353818287,High
transport_cost|Isolation Forest|Regional Express Co.|2016-06-08 00:00:00|79163,2016-06-08,Regional Express Co.,transport_cost,Isolation Forest,64.0,269.46,0.7240665353818287,High
transport_cost|Isolation Forest|National Freight Partners|2016-04-01 00:00:00|176928,2016-04-01,National Freight Partners,transport_cost,Isolation Forest,64.0,266.05,0.7240665353818287,High
transport_cost|Isolation Forest|Regional Express Co.|2017-06-24 00:00:00|137014,2017-06-24,Regional Express Co.,transport_cost,Isolation Forest,64.0,266.22,0.7240665353818287,High
transport_cost|Isolation Forest|Regional Express Co.|2015-08-31 00:00:00|19963,2015-08-31,Regional Express Co.,transport_cost,Isolation Forest,64.0,269.57,0.7240665353818287,High
transport_cost|Isolation Forest|Regional Express Co.|2015-07-11 00:00:00|71496,2015-07-11,Regional Express Co.,transport_cost,Isolation Forest,64.0,265.92,0.7240665353818287,High
transport_cost|Isolation Forest|National Freight Partners|2017-07-12 00:00:00|117746,2017-07-12,National Freight Partners,transport_cost,Isolation Forest,64.0,269.3,0.7240665353818287,High
transport_cost|Isolation Forest|Regional Express Co.|2016-11-26 00:00:00|19900,2016-11-26,Regional Express Co.,transport_cost,Isolation Forest,64.0,266.08,0.7240665353818287,High
transport_cost|Isolation Forest|National Freight Partners|2016-07-21 00:00:00|169061,2016-07-21,National Freight Partners,transport_cost,Isolation Forest,64.0,265.65,0.7240665353818287,High
transport_cost|Isolation Forest|National Freight Partners|2017-07-14 00:00:00|122289,2017-07-14,National Freight Partners,transport_cost,Isolation Forest,64.0,266.05,0.7240665353818287,High
transport_cost|Isolation Forest|Regional Express Co.|2015-08-21 00:00:00|122292,2015-08-21,Regional Express Co.,transport_cost,Isolation Forest,64.0,269.33,0.7240665353818287,High
transport_cost|Isolation Forest|Regional Express Co.|2015-06-11 00:00:00|18080,2015-06-11,Regional Express Co.,transport_cost,Isolation Forest,64.0,265.94,0.7240665353818287,High
daily_sales|Isolation Forest|Network|2018-08-29 00:00:00|1336,2018-08-29,Network,daily_sales,Isolation Forest,122569.795,1530.55,0.7239649423398961,High
transport_cost|Isolation Forest|National Freight Partners|2015-06-25 00:00:00|71645,2015-06-25,National Freight Partners,transport_cost,Isolation Forest,64.0,264.07,0.7236783461385332,High
transport_cost|Isolation Forest|Regional Express Co.|2015-05-29 00:00:00|11349,2015-05-29,Regional Express Co.,transport_cost,Isolation Forest,64.0,264.0,0.7236783461385332,High
transport_cost|Isolation Forest|Regional Express Co.|2017-03-24 00:00:00|168998,2017-03-24,Regional Express Co.,transport_cost,Isolation Forest,64.0,263.96,0.7236783461385332,High
transport_cost|Isolation Forest|Regional Express Co.|2015-07-26 00:00:00|122375,2015-07-26,Regional Express Co.,transport_cost,Isolation Forest,64.0,263.94,0.7236783461385332,High
transport_cost|Isolation Forest|National Freight Partners|2016-08-15 00:00:00|71726,2016-08-15,National Freight Partners,transport_cost,Isolation Forest,64.0,263.82,0.7236783461385332,High
transport_cost|Isolation Forest|National Freight Partners|2016-06-23 00:00:00|39142,2016-06-23,National Freight Partners,transport_cost,Isolation Forest,64.0,263.66,0.7236783461385332,High
transport_cost|Isolation Forest|National Freight Partners|2015-12-13 00:00:00|124977,2015-12-13,National Freight Partners,transport_cost,Isolation Forest,64.0,263.93,0.7236783461385332,High
transport_cost|Isolation Forest|Regional Express Co.|2016-12-21 00:00:00|73254,2016-12-21,Regional Express Co.,transport_cost,Isolation Forest,64.0,264.03,0.7236783461385332,High
transport_cost|Isolation Forest|National Freight Partners|2015-07-23 00:00:00|97389,2015-07-23,National Freight Partners,transport_cost,Isolation Forest,64.0,264.05,0.7236783461385332,High
transport_cost|Isolation Forest|Regional Express Co.|2016-02-08 00:00:00|71591,2016-02-08,Regional Express Co.,transport_cost,Isolation Forest,64.0,263.97,0.7236783461385332,High
transport_cost|Isolation Forest|National Freight Partners|2017-07-08 00:00:00|165815,2017-07-08,National Freight Partners,transport_cost,Isolation Forest,64.0,263.91,0.7236783461385332,High
transport_cost|Isolation Forest|Regional Express Co.|2015-09-03 00:00:00|47877,2015-09-03,Regional Express Co.,transport_cost,Isolation Forest,64.0,264.06,0.7236783461385332,High
transport_cost|Isolation Forest|National Freight Partners|2016-01-18 00:00:00|48141,2016-01-18,National Freight Partners,transport_cost,Isolation Forest,64.0,263.56,0.7236783461385332,High
transport_cost|Isolation Forest|National Freight Partners|2017-09-01 00:00:00|15994,2017-09-01,National Freight Partners,transport_cost,Isolation Forest,64.0,263.63,0.7236783461385332,High
transport_cost|Isolation Forest|National Freight Partners|2016-09-25 00:00:00|8,2016-09-25,National Freight Partners,transport_cost,Isolation Forest,64.0,263.78,0.7236783461385332,High
transport_cost|Isolation Forest|National Freight Partners|2015-07-28 00:00:00|32563,2015-07-28,National Freight Partners,transport_cost,Isolation Forest,64.0,263.97,0.7236783461385332,High
transport_cost|Isolation Forest|Regional Express Co.|2015-03-28 00:00:00|69234,2015-03-28,Regional Express Co.,transport_cost,Isolation Forest,64.0,263.65,0.7236783461385332,High
transport_cost|Isolation Forest|National Freight Partners|2017-03-27 00:00:00|157391,2017-03-27,National Freight Partners,transport_cost,Isolation Forest,64.0,263.99,0.7236783461385332,High
transport_cost|Isolation Forest|National Freight Partners|2017-05-11 00:00:00|51855,2017-05-11,National Freight Partners,transport_cost,Isolation Forest,64.0,263.92,0.7236783461385332,High
transport_cost|Isolation Forest|National Freight Partners|2017-06-22 00:00:00|117229,2017-06-22,National Freight Partners,transport_cost,Isolation Forest,64.0,263.9,0.7236783461385332,High
transport_cost|Isolation Forest|National Freight Partners|2015-06-04 00:00:00|122343,2015-06-04,National Freight Partners,transport_cost,Isolation Forest,64.0,263.69,0.7236783461385332,High
transport_cost|Isolation Forest|Regional Express Co.|2015-11-14 00:00:00|157290,2015-11-14,Regional Express Co.,transport_cost,Isolation Forest,64.0,264.05,0.7236783461385332,High
transport_cost|Isolation Forest|Regional Express Co.|2017-02-25 00:00:00|97256,2017-02-25,Regional Express Co.,transport_cost,Isolation Forest,64.0,263.73,0.7236783461385332,High
transport_cost|Isolation Forest|National Freight Partners|2017-01-13 00:00:00|69124,2017-01-13,National Freight Partners,transport_cost,Isolation Forest,64.0,263.76,0.7236783461385332,High
transport_cost|Isolation Forest|National Freight Partners|2015-07-01 00:00:00|59483,2015-07-01,National Freight Partners,transport_cost,Isolation Forest,64.0,267.75,0.72357680756304,High
transport_cost|Isolation Forest|National Freight Partners|2017-10-25 00:00:00|71460,2017-10-25,National Freight Partners,transport_cost,Isolation Forest,64.0,267.23,0.72357680756304,High
transport_cost|Isolation Forest|Regional Express Co.|2016-11-04 00:00:00|146740,2016-11-04,Regional Express Co.,transport_cost,Isolation Forest,64.0,267.09,0.72357680756304,High
transport_cost|Isolation Forest|National Freight Partners|2016-06-24 00:00:00|36248,2016-06-24,National Freight Partners,transport_cost,Isolation Forest,64.0,267.61,0.72357680756304,High
transport_cost|Isolation Forest|National Freight Partners|2016-12-16 00:00:00|169101,2016-12-16,National Freight Partners,transport_cost,Isolation Forest,64.0,267.78,0.72357680756304,High
transport_cost|Isolation Forest|Regional Express Co.|2015-07-01 00:00:00|157484,2015-07-01,Regional Express Co.,transport_cost,Isolation Forest,64.0,265.07,0.72357680756304,High
transport_cost|Isolation Forest|National Freight Partners|2016-03-08 00:00:00|44434,2016-03-08,National Freight Partners,transport_cost,Isolation Forest,64.0,265.29,0.72357680756304,High
transport_cost|Isolation Forest|Regional Express Co.|2016-10-10 00:00:00|147183,2016-10-10,Regional Express Co.,transport_cost,Isolation Forest,64.0,265.22,0.72357680756304,High
transport_cost|Isolation Forest|Regional Express Co.|2015-02-01 00:00:00|157399,2015-02-01,Regional Express Co.,transport_cost,Isolation Forest,64.0,267.15,0.72357680756304,High
transport_cost|Isolation Forest|National Freight Partners|2017-06-16 00:00:00|176769,2017-06-16,National Freight Partners,transport_cost,Isolation Forest,64.0,266.58,0.72357680756304,High
transport_cost|Isolation Forest|Regional Express Co.|2015-02-23 00:00:00|48229,2015-02-23,Regional Express Co.,transport_cost,Isolation Forest,64.0,267.53,0.72357680756304,High
transport_cost|Isolation Forest|Regional Express Co.|2017-09-16 00:00:00|59459,2017-09-16,Regional Express Co.,transport_cost,Isolation Forest,64.0,267.29,0.72357680756304,High
transport_cost|Isolation Forest|National Freight Partners|2015-04-10 00:00:00|178891,2015-04-10,National Freight Partners,transport_cost,Isolation Forest,64.0,265.01,0.72357680756304,High
transport_cost|Isolation Forest|Regional Express Co.|2016-09-25 00:00:00|113338,2016-09-25,Regional Express Co.,transport_cost,Isolation Forest,64.0,267.5,0.72357680756304,High
transport_cost|Isolation Forest|National Freight Partners|2015-07-25 00:00:00|144462,2015-07-25,National Freight Partners,transport_cost,Isolation Forest,64.0,266.57,0.72357680756304,High
transport_cost|Isolation Forest|National Freight Partners|2017-05-15 00:00:00|122220,2017-05-15,National Freight Partners,transport_cost,Isolation Forest,64.0,268.14,0.72357680756304,High
transport_cost|Isolation Forest|Regional Express Co.|2015-02-28 00:00:00|69163,2015-02-28,Regional Express Co.,transport_cost,Isolation Forest,64.0,267.48,0.72357680756304,High
transport_cost|Isolation Forest|Regional Express Co.|2017-09-24 00:00:00|177073,2017-09-24,Regional Express Co.,transport_cost,Isolation Forest,64.0,267.54,0.72357680756304,High
transport_cost|Isolation Forest|National Freight Partners|2015-06-11 00:00:00|47907,2015-06-11,National Freight Partners,transport_cost,Isolation Forest,64.0,267.77,0.72357680756304,High
transport_cost|Isolation Forest|Regional Express Co.|2016-05-07 00:00:00|117495,2016-05-07,Regional Express Co.,transport_cost,Isolation Forest,64.0,267.93,0.72357680756304,High
transport_cost|Isolation Forest|Regional Express Co.|2017-02-25 00:00:00|150869,2017-02-25,Regional Express Co.,transport_cost,Isolation Forest,64.0,267.67,0.72357680756304,High
transport_cost|Isolation Forest|National Freight Partners|2017-09-01 00:00:00|77706,2017-09-01,National Freight Partners,transport_cost,Isolation Forest,64.0,267.13,0.72357680756304,High
transport_cost|Isolation Forest|National Freight Partners|2015-12-18 00:00:00|141748,2015-12-18,National Freight Partners,transport_cost,Isolation Forest,64.0,265.0,0.72357680756304,High
transport_cost|Isolation Forest|Regional Express Co.|2015-07-10 00:00:00|157152,2015-07-10,Regional Express Co.,transport_cost,Isolation Forest,64.0,265.29,0.72357680756304,High
transport_cost|Isolation Forest|Regional Express Co.|2017-03-19 00:00:00|44821,2017-03-19,Regional Express Co.,transport_cost,Isolation Forest,64.0,267.24,0.72357680756304,High
transport_cost|Isolation Forest|National Freight Partners|2017-02-28 00:00:00|176906,2017-02-28,National Freight Partners,transport_cost,Isolation Forest,64.0,266.88,0.72357680756304,High
transport_cost|Isolation Forest|National Freight Partners|2015-11-04 00:00:00|39273,2015-11-04,National Freight Partners,transport_cost,Isolation Forest,64.0,267.47,0.72357680756304,High
transport_cost|Isolation Forest|Regional Express Co.|2017-04-26 00:00:00|157340,2017-04-26,Regional Express Co.,transport_cost,Isolation Forest,64.0,265.29,0.72357680756304,High
transport_cost|Isolation Forest|Regional Express Co.|2017-02-23 00:00:00|107420,2017-02-23,Regional Express Co.,transport_cost,Isolation Forest,64.0,266.49,0.72357680756304,High
transport_cost|Isolation Forest|National Freight Partners|2016-05-10 00:00:00|79634,2016-05-10,National Freight Partners,transport_cost,Isolation Forest,64.0,267.7,0.72357680756304,High
transport_cost|Isolation Forest|National Freight Partners|2016-09-04 00:00:00|150907,2016-09-04,National Freight Partners,transport_cost,Isolation Forest,64.0,266.46,0.72357680756304,High
transport_cost|Isolation Forest|Regional Express Co.|2017-12-20 00:00:00|124994,2017-12-20,Regional Express Co.,transport_cost,Isolation Forest,64.0,265.4,0.72357680756304,High
transport_cost|Isolation Forest|National Freight Partners|2017-03-25 00:00:00|117544,2017-03-25,National Freight Partners,transport_cost,Isolation Forest,64.0,265.13,0.72357680756304,High
transport_cost|Isolation Forest|Regional Express Co.|2015-11-30 00:00:00|33214,2015-11-30,Regional Express Co.,transport_cost,Isolation Forest,64.0,267.45,0.72357680756304,High
transport_cost|Isolation Forest|National Freight Partners|2017-09-26 00:00:00|172711,2017-09-26,National Freight Partners,transport_cost,Isolation Forest,64.0,267.93,0.72357680756304,High
transport_cost|Isolation Forest|Regional Express Co.|2017-09-26 00:00:00|141699,2017-09-26,Regional Express Co.,transport_cost,Isolation Forest,64.0,267.14,0.72357680756304,High
transport_cost|Isolation Forest|Regional Express Co.|2016-04-23 00:00:00|101557,2016-04-23,Regional Express Co.,transport_cost,Isolation Forest,64.0,267.52,0.72357680756304,High
transport_cost|Isolation Forest|National Freight Partners|2017-07-30 00:00:00|53826,2017-07-30,National Freight Partners,transport_cost,Isolation Forest,64.0,266.69,0.72357680756304,High
transport_cost|Isolation Forest|National Freight Partners|2015-03-31 00:00:00|157448,2015-03-31,National Freight Partners,transport_cost,Isolation Forest,64.0,267.95,0.72357680756304,High
transport_cost|Isolation Forest|Regional Express Co.|2017-01-20 00:00:00|69270,2017-01-20,Regional Express Co.,transport_cost,Isolation Forest,64.0,267.82,0.72357680756304,High
transport_cost|Isolation Forest|Regional Express Co.|2017-05-14 00:00:00|11368,2017-05-14,Regional Express Co.,transport_cost,Isolation Forest,64.0,265.25,0.72357680756304,High
transport_cost|Isolation Forest|Regional Express Co.|2017-07-24 00:00:00|117261,2017-07-24,Regional Express Co.,transport_cost,Isolation Forest,64.0,265.32,0.72357680756304,High
transport_cost|Isolation Forest|Regional Express Co.|2016-03-03 00:00:00|36368,2016-03-03,Regional Express Co.,transport_cost,Isolation Forest,64.0,265.07,0.72357680756304,High
transport_cost|Isolation Forest|National Freight Partners|2015-11-28 00:00:00|36235,2015-11-28,National Freight Partners,transport_cost,Isolation Forest,64.0,266.72,0.72357680756304,High
transport_cost|Isolation Forest|National Freight Partners|2016-11-09 00:00:00|18022,2016-11-09,National Freight Partners,transport_cost,Isolation Forest,64.0,266.8,0.72357680756304,High
transport_cost|Isolation Forest|Regional Express Co.|2015-01-18 00:00:00|16200,2015-01-18,Regional Express Co.,transport_cost,Isolation Forest,64.0,267.46,0.72357680756304,High
transport_cost|Isolation Forest|National Freight Partners|2017-12-08 00:00:00|169047,2017-12-08,National Freight Partners,transport_cost,Isolation Forest,64.0,267.41,0.72357680756304,High
transport_cost|Isolation Forest|Regional Express Co.|2016-07-23 00:00:00|20115,2016-07-23,Regional Express Co.,transport_cost,Isolation Forest,64.0,266.65,0.72357680756304,High
transport_cost|Isolation Forest|National Freight Partners|2015-07-23 00:00:00|16121,2015-07-23,National Freight Partners,transport_cost,Isolation Forest,64.0,267.29,0.72357680756304,High
transport_cost|Isolation Forest|National Freight Partners|2016-10-03 00:00:00|172834,2016-10-03,National Freight Partners,transport_cost,Isolation Forest,64.0,267.19,0.72357680756304,High
transport_cost|Isolation Forest|National Freight Partners|2015-02-01 00:00:00|172840,2015-02-01,National Freight Partners,transport_cost,Isolation Forest,64.0,266.66,0.72357680756304,High
transport_cost|Isolation Forest|National Freight Partners|2015-07-23 00:00:00|16120,2015-07-23,National Freight Partners,transport_cost,Isolation Forest,64.0,267.14,0.72357680756304,High
transport_cost|Isolation Forest|Regional Express Co.|2015-06-24 00:00:00|71702,2015-06-24,Regional Express Co.,transport_cost,Isolation Forest,64.0,267.63,0.72357680756304,High
transport_cost|Isolation Forest|Regional Express Co.|2017-06-22 00:00:00|52037,2017-06-22,Regional Express Co.,transport_cost,Isolation Forest,64.0,268.16,0.72357680756304,High
transport_cost|Isolation Forest|Regional Express Co.|2016-08-01 00:00:00|20124,2016-08-01,Regional Express Co.,transport_cost,Isolation Forest,64.0,266.78,0.72357680756304,High
transport_cost|Isolation Forest|National Freight Partners|2017-08-14 00:00:00|51929,2017-08-14,National Freight Partners,transport_cost,Isolation Forest,64.0,265.3,0.72357680756304,High
transport_cost|Isolation Forest|Regional Express Co.|2015-08-28 00:00:00|19920,2015-08-28,Regional Express Co.,transport_cost,Isolation Forest,64.0,267.12,0.72357680756304,High
transport_cost|Isolation Forest|National Freight Partners|2016-06-21 00:00:00|48089,2016-06-21,National Freight Partners,transport_cost,Isolation Forest,64.0,267.85,0.72357680756304,High
transport_cost|Isolation Forest|National Freight Partners|2016-10-03 00:00:00|18012,2016-10-03,National Freight Partners,transport_cost,Isolation Forest,64.0,267.87,0.72357680756304,High
transport_cost|Isolation Forest|National Freight Partners|2016-06-21 00:00:00|151949,2016-06-21,National Freight Partners,transport_cost,Isolation Forest,64.0,266.91,0.72357680756304,High
transport_cost|Isolation Forest|National Freight Partners|2015-08-31 00:00:00|71693,2015-08-31,National Freight Partners,transport_cost,Isolation Forest,64.0,266.67,0.72357680756304,High
transport_cost|Isolation Forest|National Freight Partners|2015-03-01 00:00:00|71662,2015-03-01,National Freight Partners,transport_cost,Isolation Forest,64.0,266.96,0.72357680756304,High
transport_cost|Isolation Forest|National Freight Partners|2016-01-23 00:00:00|48036,2016-01-23,National Freight Partners,transport_cost,Isolation Forest,64.0,264.93,0.72357680756304,High
transport_cost|Isolation Forest|Regional Express Co.|2016-07-26 00:00:00|16109,2016-07-26,Regional Express Co.,transport_cost,Isolation Forest,64.0,268.02,0.72357680756304,High
transport_cost|Isolation Forest|Regional Express Co.|2016-09-29 00:00:00|74514,2016-09-29,Regional Express Co.,transport_cost,Isolation Forest,64.0,265.32,0.72357680756304,High
transport_cost|Isolation Forest|Regional Express Co.|2015-10-24 00:00:00|39173,2015-10-24,Regional Express Co.,transport_cost,Isolation Forest,64.0,267.41,0.72357680756304,High
transport_cost|Isolation Forest|Regional Express Co.|2017-02-23 00:00:00|16162,2017-02-23,Regional Express Co.,transport_cost,Isolation Forest,64.0,265.38,0.72357680756304,High
transport_cost|Isolation Forest|National Freight Partners|2015-05-29 00:00:00|71654,2015-05-29,National Freight Partners,transport_cost,Isolation Forest,64.0,267.77,0.72357680756304,High
transport_cost|Isolation Forest|Regional Express Co.|2017-03-21 00:00:00|16049,2017-03-21,Regional Express Co.,transport_cost,Isolation Forest,64.0,265.34,0.72357680756304,High
transport_cost|Isolation Forest|National Freight Partners|2017-07-22 00:00:00|36332,2017-07-22,National Freight Partners,transport_cost,Isolation Forest,64.0,267.54,0.72357680756304,High
transport_cost|Isolation Forest|Regional Express Co.|2016-12-20 00:00:00|145941,2016-12-20,Regional Express Co.,transport_cost,Isolation Forest,64.0,264.95,0.72357680756304,High
transport_cost|Isolation Forest|Regional Express Co.|2015-03-29 00:00:00|75761,2015-03-29,Regional Express Co.,transport_cost,Isolation Forest,64.0,263.49,0.7231888808744437,High
inventory_change|Isolation Forest|Ajman Distribution Center|2015-03-06 00:00:00|63,2015-03-06,Ajman Distribution Center,inventory_change,Isolation Forest,-79.5,1660.0,0.7231888808744437,High
transport_cost|Isolation Forest|Regional Express Co.|2017-03-22 00:00:00|71661,2017-03-22,Regional Express Co.,transport_cost,Isolation Forest,64.0,263.52,0.7231888808744437,High
transport_cost|Isolation Forest|Regional Express Co.|2017-04-12 00:00:00|117696,2017-04-12,Regional Express Co.,transport_cost,Isolation Forest,64.0,263.5,0.7231888808744437,High
inventory_change|Isolation Forest|Abu Dhabi Distribution Center|2015-11-08 00:00:00|310,2015-11-08,Abu Dhabi Distribution Center,inventory_change,Isolation Forest,-52.0,1241.0,0.7231888808744437,High
transport_cost|Isolation Forest|Regional Express Co.|2016-02-03 00:00:00|176980,2016-02-03,Regional Express Co.,transport_cost,Isolation Forest,64.0,269.09,0.7230874109753256,High
transport_cost|Isolation Forest|Regional Express Co.|2015-07-26 00:00:00|144429,2015-07-26,Regional Express Co.,transport_cost,Isolation Forest,64.0,268.36,0.7230874109753256,High
transport_cost|Isolation Forest|Regional Express Co.|2017-02-27 00:00:00|44262,2017-02-27,Regional Express Co.,transport_cost,Isolation Forest,64.0,268.83,0.7230874109753256,High
transport_cost|Isolation Forest|National Freight Partners|2015-11-16 00:00:00|117781,2015-11-16,National Freight Partners,transport_cost,Isolation Forest,64.0,268.95,0.7230874109753256,High
transport_cost|Isolation Forest|Regional Express Co.|2016-03-22 00:00:00|117420,2016-03-22,Regional Express Co.,transport_cost,Isolation Forest,64.0,269.19,0.7230874109753256,High
transport_cost|Isolation Forest|National Freight Partners|2016-09-26 00:00:00|117719,2016-09-26,National Freight Partners,transport_cost,Isolation Forest,64.0,269.05,0.7230874109753256,High
transport_cost|Isolation Forest|Regional Express Co.|2017-02-26 00:00:00|141718,2017-02-26,Regional Express Co.,transport_cost,Isolation Forest,64.0,268.42,0.7230874109753256,High
transport_cost|Isolation Forest|National Freight Partners|2017-07-21 00:00:00|53933,2017-07-21,National Freight Partners,transport_cost,Isolation Forest,64.0,269.03,0.7230874109753256,High
transport_cost|Isolation Forest|Regional Express Co.|2017-10-06 00:00:00|117294,2017-10-06,Regional Express Co.,transport_cost,Isolation Forest,64.0,268.65,0.7230874109753256,High
transport_cost|Isolation Forest|Regional Express Co.|2016-01-01 00:00:00|117561,2016-01-01,Regional Express Co.,transport_cost,Isolation Forest,64.0,268.52,0.7230874109753256,High
transport_cost|Isolation Forest|Regional Express Co.|2016-06-06 00:00:00|48087,2016-06-06,Regional Express Co.,transport_cost,Isolation Forest,64.0,269.08,0.7230874109753256,High
transport_cost|Isolation Forest|Regional Express Co.|2017-02-12 00:00:00|48121,2017-02-12,Regional Express Co.,transport_cost,Isolation Forest,64.0,268.19,0.7230874109753256,High
transport_cost|Isolation Forest|Regional Express Co.|2016-04-07 00:00:00|36378,2016-04-07,Regional Express Co.,transport_cost,Isolation Forest,64.0,268.83,0.7230874109753256,High
transport_cost|Isolation Forest|Regional Express Co.|2016-03-23 00:00:00|125036,2016-03-23,Regional Express Co.,transport_cost,Isolation Forest,64.0,268.34,0.7230874109753256,High
transport_cost|Isolation Forest|Regional Express Co.|2017-05-16 00:00:00|44306,2017-05-16,Regional Express Co.,transport_cost,Isolation Forest,64.0,268.89,0.7230874109753256,High
transport_cost|Isolation Forest|Regional Express Co.|2015-08-12 00:00:00|97224,2015-08-12,Regional Express Co.,transport_cost,Isolation Forest,64.0,268.45,0.7230874109753256,High
transport_cost|Isolation Forest|Regional Express Co.|2015-08-25 00:00:00|176646,2015-08-25,Regional Express Co.,transport_cost,Isolation Forest,64.0,268.41,0.7230874109753256,High
transport_cost|Isolation Forest|National Freight Partners|2016-06-08 00:00:00|176866,2016-06-08,National Freight Partners,transport_cost,Isolation Forest,64.0,269.05,0.7230874109753256,High
transport_cost|Isolation Forest|Regional Express Co.|2015-10-13 00:00:00|142992,2015-10-13,Regional Express Co.,transport_cost,Isolation Forest,64.0,268.73,0.7230874109753256,High
transport_cost|Isolation Forest|National Freight Partners|2015-07-07 00:00:00|47919,2015-07-07,National Freight Partners,transport_cost,Isolation Forest,64.0,268.39,0.7230874109753256,High
transport_cost|Isolation Forest|National Freight Partners|2015-01-03 00:00:00|114907,2015-01-03,National Freight Partners,transport_cost,Isolation Forest,64.0,268.64,0.7230874109753256,High
transport_cost|Isolation Forest|National Freight Partners|2017-10-28 00:00:00|168968,2017-10-28,National Freight Partners,transport_cost,Isolation Forest,64.0,268.35,0.7230874109753256,High
transport_cost|Isolation Forest|Regional Express Co.|2017-06-22 00:00:00|54406,2017-06-22,Regional Express Co.,transport_cost,Isolation Forest,64.0,269.19,0.7230874109753256,High
transport_cost|Isolation Forest|National Freight Partners|2016-10-17 00:00:00|74260,2016-10-17,National Freight Partners,transport_cost,Isolation Forest,64.0,268.24,0.7230874109753256,High
transport_cost|Isolation Forest|Regional Express Co.|2015-04-06 00:00:00|29101,2015-04-06,Regional Express Co.,transport_cost,Isolation Forest,64.0,269.01,0.7230874109753256,High
transport_cost|Isolation Forest|Regional Express Co.|2015-07-14 00:00:00|157182,2015-07-14,Regional Express Co.,transport_cost,Isolation Forest,64.0,268.73,0.7230874109753256,High
transport_cost|Isolation Forest|National Freight Partners|2017-03-18 00:00:00|55925,2017-03-18,National Freight Partners,transport_cost,Isolation Forest,64.0,268.97,0.7230874109753256,High
transport_cost|Isolation Forest|Regional Express Co.|2015-10-09 00:00:00|165803,2015-10-09,Regional Express Co.,transport_cost,Isolation Forest,64.0,268.77,0.7230874109753256,High
transport_cost|Isolation Forest|National Freight Partners|2016-12-09 00:00:00|29244,2016-12-09,National Freight Partners,transport_cost,Isolation Forest,64.0,268.42,0.7230874109753256,High
transport_cost|Isolation Forest|National Freight Partners|2017-01-04 00:00:00|157463,2017-01-04,National Freight Partners,transport_cost,Isolation Forest,64.0,268.79,0.7230874109753256,High
transport_cost|Isolation Forest|Regional Express Co.|2017-09-05 00:00:00|122291,2017-09-05,Regional Express Co.,transport_cost,Isolation Forest,64.0,268.77,0.7230874109753256,High
transport_cost|Isolation Forest|Regional Express Co.|2017-02-16 00:00:00|39196,2017-02-16,Regional Express Co.,transport_cost,Isolation Forest,64.0,269.04,0.7230874109753256,High
transport_cost|Isolation Forest|Regional Express Co.|2015-03-11 00:00:00|113634,2015-03-11,Regional Express Co.,transport_cost,Isolation Forest,64.0,268.88,0.7230874109753256,High
transport_cost|Isolation Forest|Regional Express Co.|2018-01-03 00:00:00|169034,2018-01-03,Regional Express Co.,transport_cost,Isolation Forest,64.0,268.9,0.7230874109753256,High
transport_cost|Isolation Forest|Regional Express Co.|2017-04-12 00:00:00|20019,2017-04-12,Regional Express Co.,transport_cost,Isolation Forest,64.0,268.25,0.7230874109753256,High
transport_cost|Isolation Forest|Regional Express Co.|2015-12-20 00:00:00|63940,2015-12-20,Regional Express Co.,transport_cost,Isolation Forest,64.0,263.47,0.7226997466638476,High
transport_cost|Isolation Forest|National Freight Partners|2016-06-24 00:00:00|172778,2016-06-24,National Freight Partners,transport_cost,Isolation Forest,64.0,263.01,0.7226997466638476,High
transport_cost|Isolation Forest|National Freight Partners|2017-10-04 00:00:00|176705,2017-10-04,National Freight Partners,transport_cost,Isolation Forest,64.0,263.44,0.7226997466638476,High
transport_cost|Isolation Forest|Regional Express Co.|2015-07-24 00:00:00|104254,2015-07-24,Regional Express Co.,transport_cost,Isolation Forest,64.0,263.45,0.7226997466638476,High
transport_cost|Isolation Forest|National Freight Partners|2015-07-25 00:00:00|69132,2015-07-25,National Freight Partners,transport_cost,Isolation Forest,64.0,263.29,0.7226997466638476,High
transport_cost|Isolation Forest|Regional Express Co.|2015-12-08 00:00:00|17990,2015-12-08,Regional Express Co.,transport_cost,Isolation Forest,64.0,263.34,0.7226997466638476,High
transport_cost|Isolation Forest|Regional Express Co.|2015-08-23 00:00:00|44089,2015-08-23,Regional Express Co.,transport_cost,Isolation Forest,64.0,263.15,0.7226997466638476,High
transport_cost|Isolation Forest|National Freight Partners|2017-12-17 00:00:00|44465,2017-12-17,National Freight Partners,transport_cost,Isolation Forest,64.0,263.15,0.7226997466638476,High
transport_cost|Isolation Forest|National Freight Partners|2016-09-16 00:00:00|44767,2016-09-16,National Freight Partners,transport_cost,Isolation Forest,64.0,263.27,0.7226997466638476,High
transport_cost|Isolation Forest|National Freight Partners|2015-09-28 00:00:00|157134,2015-09-28,National Freight Partners,transport_cost,Isolation Forest,64.0,263.38,0.7226997466638476,High
transport_cost|Isolation Forest|National Freight Partners|2017-01-13 00:00:00|69229,2017-01-13,National Freight Partners,transport_cost,Isolation Forest,64.0,263.2,0.7226997466638476,High
transport_cost|Isolation Forest|National Freight Partners|2016-10-04 00:00:00|44053,2016-10-04,National Freight Partners,transport_cost,Isolation Forest,64.0,262.49,0.7222109432828346,High
transport_cost|Isolation Forest|Regional Express Co.|2017-07-31 00:00:00|48165,2017-07-31,Regional Express Co.,transport_cost,Isolation Forest,64.0,262.5,0.7222109432828346,High
transport_cost|Isolation Forest|Regional Express Co.|2016-08-09 00:00:00|176984,2016-08-09,Regional Express Co.,transport_cost,Isolation Forest,64.0,262.9,0.7222109432828346,High
transport_cost|Isolation Forest|Regional Express Co.|2015-07-29 00:00:00|117292,2015-07-29,Regional Express Co.,transport_cost,Isolation Forest,64.0,262.47,0.7222109432828346,High
transport_cost|Isolation Forest|National Freight Partners|2015-09-26 00:00:00|177002,2015-09-26,National Freight Partners,transport_cost,Isolation Forest,64.0,262.92,0.7222109432828346,High
transport_cost|Isolation Forest|National Freight Partners|2015-07-11 00:00:00|157187,2015-07-11,National Freight Partners,transport_cost,Isolation Forest,64.0,262.52,0.7222109432828346,High
transport_cost|Isolation Forest|National Freight Partners|2016-10-01 00:00:00|44414,2016-10-01,National Freight Partners,transport_cost,Isolation Forest,64.0,262.5,0.7222109432828346,High
transport_cost|Isolation Forest|Regional Express Co.|2015-10-26 00:00:00|44745,2015-10-26,Regional Express Co.,transport_cost,Isolation Forest,64.0,262.69,0.7222109432828346,High
transport_cost|Isolation Forest|Regional Express Co.|2016-04-22 00:00:00|140368,2016-04-22,Regional Express Co.,transport_cost,Isolation Forest,64.0,262.58,0.7222109432828346,High
transport_cost|Isolation Forest|Regional Express Co.|2017-09-22 00:00:00|115156,2017-09-22,Regional Express Co.,transport_cost,Isolation Forest,64.0,262.94,0.7222109432828346,High
transport_cost|Isolation Forest|National Freight Partners|2017-10-09 00:00:00|16040,2017-10-09,National Freight Partners,transport_cost,Isolation Forest,64.0,262.54,0.7222109432828346,High
transport_cost|Isolation Forest|National Freight Partners|2017-10-03 00:00:00|47909,2017-10-03,National Freight Partners,transport_cost,Isolation Forest,64.0,262.95,0.7222109432828346,High
transport_cost|Isolation Forest|Regional Express Co.|2015-08-18 00:00:00|48115,2015-08-18,Regional Express Co.,transport_cost,Isolation Forest,64.0,262.79,0.7222109432828346,High
transport_cost|Isolation Forest|National Freight Partners|2017-04-08 00:00:00|106590,2017-04-08,National Freight Partners,transport_cost,Isolation Forest,64.0,262.96,0.7222109432828346,High
transport_cost|Isolation Forest|Regional Express Co.|2016-06-07 00:00:00|152213,2016-06-07,Regional Express Co.,transport_cost,Isolation Forest,64.0,262.86,0.7222109432828346,High
transport_cost|Isolation Forest|Regional Express Co.|2015-07-24 00:00:00|144474,2015-07-24,Regional Express Co.,transport_cost,Isolation Forest,64.0,262.73,0.7222109432828346,High
transport_cost|Isolation Forest|Regional Express Co.|2017-08-14 00:00:00|78035,2017-08-14,Regional Express Co.,transport_cost,Isolation Forest,64.0,262.7,0.7222109432828346,High
transport_cost|Isolation Forest|Regional Express Co.|2015-11-19 00:00:00|157453,2015-11-19,Regional Express Co.,transport_cost,Isolation Forest,64.0,262.95,0.7222109432828346,High
transport_cost|Isolation Forest|National Freight Partners|2015-10-23 00:00:00|19947,2015-10-23,National Freight Partners,transport_cost,Isolation Forest,64.0,262.76,0.7222109432828346,High
transport_cost|Isolation Forest|Regional Express Co.|2016-08-28 00:00:00|99194,2016-08-28,Regional Express Co.,transport_cost,Isolation Forest,64.0,262.83,0.7222109432828346,High
inventory_change|Isolation Forest|Abu Dhabi Distribution Center|2017-01-19 00:00:00|748,2017-01-19,Abu Dhabi Distribution Center,inventory_change,Isolation Forest,-52.0,1317.0,0.7217224705076458,High
inventory_change|Isolation Forest|Ajman Distribution Center|2015-01-16 00:00:00|14,2015-01-16,Ajman Distribution Center,inventory_change,Isolation Forest,-79.5,1595.0,0.7217224705076458,High
daily_sales|Isolation Forest|Network|2017-09-30 00:00:00|1003,2017-09-30,Network,daily_sales,Isolation Forest,122569.795,191467.84,0.7214615600672405,High
inventory_change|Isolation Forest|Sharjah Distribution Center|2015-09-10 00:00:00|251,2015-09-10,Sharjah Distribution Center,inventory_change,Isolation Forest,-35.0,334.0,0.7207465158804606,High
inventory_change|Isolation Forest|Sharjah Distribution Center|2017-05-31 00:00:00|880,2017-05-31,Sharjah Distribution Center,inventory_change,Isolation Forest,-35.0,725.0,0.7202590335817024,High
transport_cost|Isolation Forest|Regional Express Co.|2017-09-01 00:00:00|71698,2017-09-01,Regional Express Co.,transport_cost,Isolation Forest,64.0,262.37,0.7202590335817024,High
transport_cost|Isolation Forest|Regional Express Co.|2016-08-22 00:00:00|169054,2016-08-22,Regional Express Co.,transport_cost,Isolation Forest,64.0,262.24,0.7202590335817024,High
transport_cost|Isolation Forest|National Freight Partners|2015-08-21 00:00:00|122377,2015-08-21,National Freight Partners,transport_cost,Isolation Forest,64.0,262.37,0.7202590335817024,High
transport_cost|Isolation Forest|National Freight Partners|2017-07-23 00:00:00|78425,2017-07-23,National Freight Partners,transport_cost,Isolation Forest,64.0,262.23,0.7202590335817024,High
transport_cost|Isolation Forest|National Freight Partners|2016-10-23 00:00:00|146950,2016-10-23,National Freight Partners,transport_cost,Isolation Forest,64.0,262.26,0.7202590335817024,High
transport_cost|Isolation Forest|National Freight Partners|2015-02-14 00:00:00|44314,2015-02-14,National Freight Partners,transport_cost,Isolation Forest,64.0,262.28,0.7202590335817024,High
transport_cost|Isolation Forest|Regional Express Co.|2017-07-14 00:00:00|104753,2017-07-14,Regional Express Co.,transport_cost,Isolation Forest,64.0,262.26,0.7202590335817024,High
transport_cost|Isolation Forest|Regional Express Co.|2017-05-11 00:00:00|69211,2017-05-11,Regional Express Co.,transport_cost,Isolation Forest,64.0,262.23,0.7202590335817024,High
inventory_change|Isolation Forest|Ajman Distribution Center|2017-10-03 00:00:00|1005,2017-10-03,Ajman Distribution Center,inventory_change,Isolation Forest,-79.5,-1948.0,0.7199417132123074,High
transport_cost|Isolation Forest|National Freight Partners|2017-02-28 00:00:00|29111,2017-02-28,National Freight Partners,transport_cost,Isolation Forest,64.0,262.19,0.7192850578980833,High
transport_cost|Isolation Forest|Regional Express Co.|2016-10-06 00:00:00|125068,2016-10-06,Regional Express Co.,transport_cost,Isolation Forest,64.0,261.93,0.7192850578980833,High
transport_cost|Isolation Forest|National Freight Partners|2016-08-28 00:00:00|19904,2016-08-28,National Freight Partners,transport_cost,Isolation Forest,64.0,262.2,0.7192850578980833,High
transport_cost|Isolation Forest|National Freight Partners|2017-03-25 00:00:00|157503,2017-03-25,National Freight Partners,transport_cost,Isolation Forest,64.0,262.0,0.7192850578980833,High
transport_cost|Isolation Forest|National Freight Partners|2015-12-10 00:00:00|140340,2015-12-10,National Freight Partners,transport_cost,Isolation Forest,64.0,262.09,0.7192850578980833,High
transport_cost|Isolation Forest|National Freight Partners|2016-11-26 00:00:00|71452,2016-11-26,National Freight Partners,transport_cost,Isolation Forest,64.0,262.06,0.7192850578980833,High
transport_cost|Isolation Forest|National Freight Partners|2016-04-05 00:00:00|16189,2016-04-05,National Freight Partners,transport_cost,Isolation Forest,64.0,262.17,0.7192850578980833,High
transport_cost|Isolation Forest|National Freight Partners|2016-10-26 00:00:00|117457,2016-10-26,National Freight Partners,transport_cost,Isolation Forest,64.0,261.95,0.7192850578980833,High
transport_cost|Isolation Forest|Regional Express Co.|2015-10-22 00:00:00|157172,2015-10-22,Regional Express Co.,transport_cost,Isolation Forest,64.0,262.14,0.7192850578980833,High
transport_cost|Isolation Forest|Regional Express Co.|2015-04-21 00:00:00|44269,2015-04-21,Regional Express Co.,transport_cost,Isolation Forest,64.0,262.05,0.7192850578980833,High
transport_cost|Isolation Forest|Regional Express Co.|2016-09-11 00:00:00|67,2016-09-11,Regional Express Co.,transport_cost,Isolation Forest,64.0,261.87,0.7192850578980833,High
transport_cost|Isolation Forest|Regional Express Co.|2017-05-18 00:00:00|168994,2017-05-18,Regional Express Co.,transport_cost,Isolation Forest,64.0,261.83,0.7192850578980833,High
transport_cost|Isolation Forest|Regional Express Co.|2017-10-04 00:00:00|44229,2017-10-04,Regional Express Co.,transport_cost,Isolation Forest,64.0,261.51,0.7187985640673664,High
inventory_change|Isolation Forest|Abu Dhabi Distribution Center|2015-07-22 00:00:00|201,2015-07-22,Abu Dhabi Distribution Center,inventory_change,Isolation Forest,-52.0,1316.0,0.7187985640673664,High
transport_cost|Isolation Forest|National Freight Partners|2017-07-19 00:00:00|71482,2017-07-19,National Freight Partners,transport_cost,Isolation Forest,64.0,261.62,0.7187985640673664,High
transport_cost|Isolation Forest|National Freight Partners|2015-09-11 00:00:00|97210,2015-09-11,National Freight Partners,transport_cost,Isolation Forest,64.0,261.77,0.7187985640673664,High
transport_cost|Isolation Forest|National Freight Partners|2015-05-25 00:00:00|97375,2015-05-25,National Freight Partners,transport_cost,Isolation Forest,64.0,261.61,0.7187985640673664,High
transport_cost|Isolation Forest|Regional Express Co.|2016-08-20 00:00:00|172774,2016-08-20,Regional Express Co.,transport_cost,Isolation Forest,64.0,261.51,0.7187985640673664,High
transport_cost|Isolation Forest|National Freight Partners|2016-07-16 00:00:00|100002,2016-07-16,National Freight Partners,transport_cost,Isolation Forest,64.0,261.72,0.7187985640673664,High
transport_cost|Isolation Forest|Regional Express Co.|2016-03-24 00:00:00|124966,2016-03-24,Regional Express Co.,transport_cost,Isolation Forest,64.0,261.58,0.7187985640673664,High
inventory_change|Isolation Forest|Abu Dhabi Distribution Center|2016-08-08 00:00:00|584,2016-08-08,Abu Dhabi Distribution Center,inventory_change,Isolation Forest,-52.0,1316.0,0.7187985640673664,High
transport_cost|Isolation Forest|National Freight Partners|2016-10-06 00:00:00|74406,2016-10-06,National Freight Partners,transport_cost,Isolation Forest,64.0,261.64,0.7187985640673664,High
transport_cost|Isolation Forest|National Freight Partners|2015-07-26 00:00:00|69114,2015-07-26,National Freight Partners,transport_cost,Isolation Forest,64.0,261.53,0.7187985640673664,High
transport_cost|Isolation Forest|Regional Express Co.|2015-11-21 00:00:00|51098,2015-11-21,Regional Express Co.,transport_cost,Isolation Forest,64.0,261.66,0.7187985640673664,High
transport_cost|Isolation Forest|National Freight Partners|2015-04-15 00:00:00|176914,2015-04-15,National Freight Partners,transport_cost,Isolation Forest,64.0,261.51,0.7187985640673664,High
transport_cost|Isolation Forest|Regional Express Co.|2016-07-05 00:00:00|44511,2016-07-05,Regional Express Co.,transport_cost,Isolation Forest,64.0,261.68,0.7187985640673664,High
transport_cost|Isolation Forest|National Freight Partners|2017-05-13 00:00:00|44327,2017-05-13,National Freight Partners,transport_cost,Isolation Forest,64.0,261.77,0.7187985640673664,High
inventory_change|Isolation Forest|Abu Dhabi Distribution Center|2017-08-25 00:00:00|966,2017-08-25,Abu Dhabi Distribution Center,inventory_change,Isolation Forest,-52.0,1314.0,0.7183123992803919,High
inventory_change|Isolation Forest|Sharjah Distribution Center|2017-02-02 00:00:00|762,2017-02-02,Sharjah Distribution Center,inventory_change,Isolation Forest,-35.0,723.0,0.7183123992803919,High
inventory_change|Isolation Forest|Abu Dhabi Distribution Center|2015-10-12 00:00:00|283,2015-10-12,Abu Dhabi Distribution Center,inventory_change,Isolation Forest,-52.0,1315.0,0.7183123992803919,High
transport_cost|Isolation Forest|National Freight Partners|2015-12-03 00:00:00|117789,2015-12-03,National Freight Partners,transport_cost,Isolation Forest,64.0,260.94,0.7178265633146086,High
transport_cost|Isolation Forest|National Freight Partners|2016-08-02 00:00:00|48070,2016-08-02,National Freight Partners,transport_cost,Isolation Forest,64.0,261.36,0.7178265633146086,High
transport_cost|Isolation Forest|National Freight Partners|2017-02-27 00:00:00|157222,2017-02-27,National Freight Partners,transport_cost,Isolation Forest,64.0,261.23,0.7178265633146086,High
transport_cost|Isolation Forest|Regional Express Co.|2017-01-05 00:00:00|44072,2017-01-05,Regional Express Co.,transport_cost,Isolation Forest,64.0,261.45,0.7178265633146086,High
transport_cost|Isolation Forest|Regional Express Co.|2017-03-02 00:00:00|4040,2017-03-02,Regional Express Co.,transport_cost,Isolation Forest,64.0,261.06,0.7178265633146086,High
transport_cost|Isolation Forest|Regional Express Co.|2016-10-23 00:00:00|74150,2016-10-23,Regional Express Co.,transport_cost,Isolation Forest,64.0,261.07,0.7178265633146086,High
transport_cost|Isolation Forest|Regional Express Co.|2015-09-28 00:00:00|172718,2015-09-28,Regional Express Co.,transport_cost,Isolation Forest,64.0,261.37,0.7178265633146086,High
transport_cost|Isolation Forest|Regional Express Co.|2017-09-08 00:00:00|16161,2017-09-08,Regional Express Co.,transport_cost,Isolation Forest,64.0,260.96,0.7178265633146086,High
transport_cost|Isolation Forest|National Freight Partners|2016-08-17 00:00:00|44862,2016-08-17,National Freight Partners,transport_cost,Isolation Forest,64.0,261.23,0.7178265633146086,High
transport_cost|Isolation Forest|National Freight Partners|2015-11-03 00:00:00|29152,2015-11-03,National Freight Partners,transport_cost,Isolation Forest,64.0,261.37,0.7178265633146086,High
transport_cost|Isolation Forest|National Freight Partners|2016-11-15 00:00:00|112306,2016-11-15,National Freight Partners,transport_cost,Isolation Forest,64.0,261.34,0.7178265633146086,High
transport_cost|Isolation Forest|National Freight Partners|2016-01-10 00:00:00|81423,2016-01-10,National Freight Partners,transport_cost,Isolation Forest,64.0,260.91,0.7178265633146086,High
transport_cost|Isolation Forest|National Freight Partners|2017-04-24 00:00:00|157204,2017-04-24,National Freight Partners,transport_cost,Isolation Forest,64.0,261.16,0.7178265633146086,High
inventory_change|Isolation Forest|Dubai Distribution Center|2017-08-13 00:00:00|954,2017-08-13,Dubai Distribution Center,inventory_change,Isolation Forest,-84.0,1415.0,0.7178265633146086,High
transport_cost|Isolation Forest|Regional Express Co.|2015-04-23 00:00:00|157496,2015-04-23,Regional Express Co.,transport_cost,Isolation Forest,64.0,261.36,0.7178265633146086,High
inventory_change|Isolation Forest|Sharjah Distribution Center|2015-09-22 00:00:00|263,2015-09-22,Sharjah Distribution Center,inventory_change,Isolation Forest,-35.0,722.0,0.7173410559476159,High
transport_cost|Isolation Forest|National Freight Partners|2015-05-05 00:00:00|16168,2015-05-05,National Freight Partners,transport_cost,Isolation Forest,64.0,260.28,0.7163710261211514,High
inventory_change|Isolation Forest|Dubai Distribution Center|2015-10-31 00:00:00|302,2015-10-31,Dubai Distribution Center,inventory_change,Isolation Forest,-84.0,1410.0,0.7163710261211514,High
transport_cost|Isolation Forest|Regional Express Co.|2017-03-25 00:00:00|71543,2017-03-25,Regional Express Co.,transport_cost,Isolation Forest,64.0,260.28,0.7163710261211514,High
transport_cost|Isolation Forest|National Freight Partners|2016-06-06 00:00:00|71685,2016-06-06,National Freight Partners,transport_cost,Isolation Forest,64.0,260.3,0.7163710261211514,High
transport_cost|Isolation Forest|National Freight Partners|2017-10-04 00:00:00|176704,2017-10-04,National Freight Partners,transport_cost,Isolation Forest,64.0,260.36,0.7163710261211514,High
transport_cost|Isolation Forest|Regional Express Co.|2016-07-18 00:00:00|172777,2016-07-18,Regional Express Co.,transport_cost,Isolation Forest,64.0,260.66,0.7158865032176301,High
transport_cost|Isolation Forest|Regional Express Co.|2017-01-10 00:00:00|165784,2017-01-10,Regional Express Co.,transport_cost,Isolation Forest,64.0,260.46,0.7158865032176301,High
transport_cost|Isolation Forest|National Freight Partners|2017-08-29 00:00:00|77766,2017-08-29,National Freight Partners,transport_cost,Isolation Forest,64.0,260.83,0.7158865032176301,High
transport_cost|Isolation Forest|National Freight Partners|2017-03-30 00:00:00|117370,2017-03-30,National Freight Partners,transport_cost,Isolation Forest,64.0,260.83,0.7158865032176301,High
transport_cost|Isolation Forest|Regional Express Co.|2015-04-27 00:00:00|62132,2015-04-27,Regional Express Co.,transport_cost,Isolation Forest,64.0,260.82,0.7158865032176301,High
transport_cost|Isolation Forest|Regional Express Co.|2016-07-23 00:00:00|75559,2016-07-23,Regional Express Co.,transport_cost,Isolation Forest,64.0,260.82,0.7158865032176301,High
transport_cost|Isolation Forest|Regional Express Co.|2016-11-16 00:00:00|73765,2016-11-16,Regional Express Co.,transport_cost,Isolation Forest,64.0,260.52,0.7158865032176301,High
transport_cost|Isolation Forest|National Freight Partners|2016-11-21 00:00:00|73681,2016-11-21,National Freight Partners,transport_cost,Isolation Forest,64.0,260.62,0.7158865032176301,High
transport_cost|Isolation Forest|Regional Express Co.|2016-06-06 00:00:00|169187,2016-06-06,Regional Express Co.,transport_cost,Isolation Forest,64.0,260.47,0.7158865032176301,High
transport_cost|Isolation Forest|National Freight Partners|2016-08-09 00:00:00|151112,2016-08-09,National Freight Partners,transport_cost,Isolation Forest,64.0,260.44,0.7158865032176301,High
transport_cost|Isolation Forest|Regional Express Co.|2016-07-30 00:00:00|71776,2016-07-30,Regional Express Co.,transport_cost,Isolation Forest,64.0,260.54,0.7158865032176301,High
transport_cost|Isolation Forest|Regional Express Co.|2017-05-19 00:00:00|121,2017-05-19,Regional Express Co.,transport_cost,Isolation Forest,64.0,260.83,0.7158865032176301,High
transport_cost|Isolation Forest|National Freight Partners|2015-08-21 00:00:00|143985,2015-08-21,National Freight Partners,transport_cost,Isolation Forest,64.0,260.74,0.7158865032176301,High
transport_cost|Isolation Forest|National Freight Partners|2017-07-12 00:00:00|54061,2017-07-12,National Freight Partners,transport_cost,Isolation Forest,64.0,260.59,0.7158865032176301,High
transport_cost|Isolation Forest|National Freight Partners|2015-04-22 00:00:00|71705,2015-04-22,National Freight Partners,transport_cost,Isolation Forest,64.0,260.49,0.7158865032176301,High
transport_cost|Isolation Forest|National Freight Partners|2015-05-28 00:00:00|177967,2015-05-28,National Freight Partners,transport_cost,Isolation Forest,64.0,260.54,0.7158865032176301,High
transport_cost|Isolation Forest|Regional Express Co.|2017-09-16 00:00:00|59466,2017-09-16,Regional Express Co.,transport_cost,Isolation Forest,64.0,260.52,0.7158865032176301,High
transport_cost|Isolation Forest|National Freight Partners|2017-04-12 00:00:00|36355,2017-04-12,National Freight Partners,transport_cost,Isolation Forest,64.0,260.2,0.7157860579077222,High
transport_cost|Isolation Forest|Regional Express Co.|2015-02-25 00:00:00|36412,2015-02-25,Regional Express Co.,transport_cost,Isolation Forest,64.0,260.14,0.7157860579077222,High
transport_cost|Isolation Forest|Regional Express Co.|2017-08-18 00:00:00|97232,2017-08-18,Regional Express Co.,transport_cost,Isolation Forest,64.0,260.09,0.7157860579077222,High
transport_cost|Isolation Forest|Regional Express Co.|2015-03-02 00:00:00|11386,2015-03-02,Regional Express Co.,transport_cost,Isolation Forest,64.0,260.12,0.7157860579077222,High
transport_cost|Isolation Forest|Regional Express Co.|2016-07-25 00:00:00|75508,2016-07-25,Regional Express Co.,transport_cost,Isolation Forest,64.0,260.16,0.7157860579077222,High
transport_cost|Isolation Forest|Regional Express Co.|2016-05-04 00:00:00|176932,2016-05-04,Regional Express Co.,transport_cost,Isolation Forest,64.0,259.63,0.7157860579077222,High
transport_cost|Isolation Forest|National Freight Partners|2015-04-10 00:00:00|125064,2015-04-10,National Freight Partners,transport_cost,Isolation Forest,64.0,259.74,0.7157860579077222,High
transport_cost|Isolation Forest|National Freight Partners|2016-05-30 00:00:00|169124,2016-05-30,National Freight Partners,transport_cost,Isolation Forest,64.0,259.71,0.7157860579077222,High
transport_cost|Isolation Forest|Regional Express Co.|2015-01-03 00:00:00|169113,2015-01-03,Regional Express Co.,transport_cost,Isolation Forest,64.0,259.73,0.7157860579077222,High
transport_cost|Isolation Forest|National Freight Partners|2016-09-30 00:00:00|48273,2016-09-30,National Freight Partners,transport_cost,Isolation Forest,64.0,260.16,0.7157860579077222,High
transport_cost|Isolation Forest|Regional Express Co.|2016-01-23 00:00:00|29157,2016-01-23,Regional Express Co.,transport_cost,Isolation Forest,64.0,259.62,0.7157860579077222,High
transport_cost|Isolation Forest|Regional Express Co.|2017-02-01 00:00:00|44255,2017-02-01,Regional Express Co.,transport_cost,Isolation Forest,64.0,260.19,0.7157860579077222,High
transport_cost|Isolation Forest|National Freight Partners|2017-04-17 00:00:00|138178,2017-04-17,National Freight Partners,transport_cost,Isolation Forest,64.0,260.23,0.7157860579077222,High
transport_cost|Isolation Forest|National Freight Partners|2018-01-28 00:00:00|69168,2018-01-28,National Freight Partners,transport_cost,Isolation Forest,64.0,259.74,0.7157860579077222,High
inventory_change|Isolation Forest|Abu Dhabi Distribution Center|2015-03-11 00:00:00|68,2015-03-11,Abu Dhabi Distribution Center,inventory_change,Isolation Forest,-52.0,414.0,0.7154741148289147,High
transport_cost|Isolation Forest|National Freight Partners|2015-06-11 00:00:00|61419,2015-06-11,National Freight Partners,transport_cost,Isolation Forest,64.0,259.92,0.7153019306518288,High
transport_cost|Isolation Forest|National Freight Partners|2015-01-31 00:00:00|176965,2015-01-31,National Freight Partners,transport_cost,Isolation Forest,64.0,259.87,0.7153019306518288,High
transport_cost|Isolation Forest|National Freight Partners|2017-04-12 00:00:00|36353,2017-04-12,National Freight Partners,transport_cost,Isolation Forest,64.0,259.84,0.7153019306518288,High
transport_cost|Isolation Forest|National Freight Partners|2016-02-07 00:00:00|81021,2016-02-07,National Freight Partners,transport_cost,Isolation Forest,64.0,259.95,0.7153019306518288,High
transport_cost|Isolation Forest|National Freight Partners|2017-02-22 00:00:00|44235,2017-02-22,National Freight Partners,transport_cost,Isolation Forest,64.0,259.97,0.7153019306518288,High
transport_cost|Isolation Forest|Regional Express Co.|2015-04-24 00:00:00|63013,2015-04-24,Regional Express Co.,transport_cost,Isolation Forest,64.0,259.93,0.7153019306518288,High
transport_cost|Isolation Forest|National Freight Partners|2016-02-21 00:00:00|71579,2016-02-21,National Freight Partners,transport_cost,Isolation Forest,64.0,259.91,0.7153019306518288,High
inventory_change|Isolation Forest|Dubai Distribution Center|2015-08-16 00:00:00|226,2015-08-16,Dubai Distribution Center,inventory_change,Isolation Forest,-84.0,1308.0,0.7151436823911509,High
inventory_change|Isolation Forest|Dubai Distribution Center|2015-09-11 00:00:00|252,2015-09-11,Dubai Distribution Center,inventory_change,Isolation Forest,-84.0,1312.0,0.7151436823911509,High
transport_cost|Isolation Forest|Regional Express Co.|2016-12-09 00:00:00|157312,2016-12-09,Regional Express Co.,transport_cost,Isolation Forest,64.0,259.14,0.7148181308390273,High
transport_cost|Isolation Forest|Regional Express Co.|2015-05-13 00:00:00|48234,2015-05-13,Regional Express Co.,transport_cost,Isolation Forest,64.0,259.1,0.7148181308390273,High
transport_cost|Isolation Forest|Regional Express Co.|2017-04-08 00:00:00|55581,2017-04-08,Regional Express Co.,transport_cost,Isolation Forest,64.0,259.43,0.7148181308390273,High
transport_cost|Isolation Forest|Regional Express Co.|2016-10-15 00:00:00|112915,2016-10-15,Regional Express Co.,transport_cost,Isolation Forest,64.0,259.48,0.7148181308390273,High
transport_cost|Isolation Forest|Regional Express Co.|2016-06-07 00:00:00|69281,2016-06-07,Regional Express Co.,transport_cost,Isolation Forest,64.0,259.32,0.7148181308390273,High
transport_cost|Isolation Forest|National Freight Partners|2017-06-25 00:00:00|136987,2017-06-25,National Freight Partners,transport_cost,Isolation Forest,64.0,259.18,0.7148181308390273,High
transport_cost|Isolation Forest|National Freight Partners|2015-03-26 00:00:00|125104,2015-03-26,National Freight Partners,transport_cost,Isolation Forest,64.0,258.94,0.7148181308390273,High
transport_cost|Isolation Forest|Regional Express Co.|2015-05-16 00:00:00|69235,2015-05-16,Regional Express Co.,transport_cost,Isolation Forest,64.0,258.83,0.7148181308390273,High
transport_cost|Isolation Forest|National Freight Partners|2016-12-15 00:00:00|146022,2016-12-15,National Freight Partners,transport_cost,Isolation Forest,64.0,258.8,0.7148181308390273,High
transport_cost|Isolation Forest|National Freight Partners|2016-12-29 00:00:00|111446,2016-12-29,National Freight Partners,transport_cost,Isolation Forest,64.0,259.04,0.7148181308390273,High
transport_cost|Isolation Forest|Regional Express Co.|2017-01-15 00:00:00|16144,2017-01-15,Regional Express Co.,transport_cost,Isolation Forest,64.0,259.28,0.7148181308390273,High
transport_cost|Isolation Forest|Regional Express Co.|2017-03-18 00:00:00|16056,2017-03-18,Regional Express Co.,transport_cost,Isolation Forest,64.0,259.26,0.7148181308390273,High
transport_cost|Isolation Forest|Regional Express Co.|2015-09-10 00:00:00|48283,2015-09-10,Regional Express Co.,transport_cost,Isolation Forest,64.0,259.51,0.7148181308390273,High
transport_cost|Isolation Forest|Regional Express Co.|2015-04-28 00:00:00|62955,2015-04-28,Regional Express Co.,transport_cost,Isolation Forest,64.0,258.96,0.7148181308390273,High
transport_cost|Isolation Forest|Regional Express Co.|2016-07-16 00:00:00|39149,2016-07-16,Regional Express Co.,transport_cost,Isolation Forest,64.0,259.21,0.7148181308390273,High
transport_cost|Isolation Forest|National Freight Partners|2015-11-09 00:00:00|124958,2015-11-09,National Freight Partners,transport_cost,Isolation Forest,64.0,259.44,0.7148181308390273,High
transport_cost|Isolation Forest|National Freight Partners|2015-06-14 00:00:00|177655,2015-06-14,National Freight Partners,transport_cost,Isolation Forest,64.0,259.01,0.7148181308390273,High
transport_cost|Isolation Forest|National Freight Partners|2016-06-21 00:00:00|125005,2016-06-21,National Freight Partners,transport_cost,Isolation Forest,64.0,258.96,0.7148181308390273,High
transport_cost|Isolation Forest|Regional Express Co.|2017-07-28 00:00:00|44787,2017-07-28,Regional Express Co.,transport_cost,Isolation Forest,64.0,259.06,0.7148181308390273,High
transport_cost|Isolation Forest|Regional Express Co.|2017-03-30 00:00:00|177091,2017-03-30,Regional Express Co.,transport_cost,Isolation Forest,64.0,259.0,0.7148181308390273,High
transport_cost|Isolation Forest|Regional Express Co.|2017-04-11 00:00:00|44720,2017-04-11,Regional Express Co.,transport_cost,Isolation Forest,64.0,259.28,0.7148181308390273,High
transport_cost|Isolation Forest|Regional Express Co.|2017-02-23 00:00:00|56268,2017-02-23,Regional Express Co.,transport_cost,Isolation Forest,64.0,259.29,0.7148181308390273,High
inventory_change|Isolation Forest|Abu Dhabi Distribution Center|2015-03-12 00:00:00|69,2015-03-12,Abu Dhabi Distribution Center,inventory_change,Isolation Forest,-52.0,1308.0,0.7148181308390273,High
transport_cost|Isolation Forest|National Freight Partners|2016-02-11 00:00:00|180050,2016-02-11,National Freight Partners,transport_cost,Isolation Forest,64.0,259.06,0.7148181308390273,High
transport_cost|Isolation Forest|Regional Express Co.|2016-09-30 00:00:00|125017,2016-09-30,Regional Express Co.,transport_cost,Isolation Forest,64.0,259.14,0.7148181308390273,High
transport_cost|Isolation Forest|Regional Express Co.|2015-11-17 00:00:00|102485,2015-11-17,Regional Express Co.,transport_cost,Isolation Forest,64.0,259.46,0.7148181308390273,High
transport_cost|Isolation Forest|National Freight Partners|2018-01-10 00:00:00|1277,2018-01-10,National Freight Partners,transport_cost,Isolation Forest,64.0,259.08,0.7148181308390273,High
transport_cost|Isolation Forest|National Freight Partners|2016-08-20 00:00:00|44751,2016-08-20,National Freight Partners,transport_cost,Isolation Forest,64.0,259.03,0.7148181308390273,High
inventory_change|Isolation Forest|Dubai Distribution Center|2015-05-28 00:00:00|146,2015-05-28,Dubai Distribution Center,inventory_change,Isolation Forest,-84.0,1290.0,0.7147602769009792,High
transport_cost|Isolation Forest|National Freight Partners|2016-11-25 00:00:00|112108,2016-11-25,National Freight Partners,transport_cost,Isolation Forest,64.0,257.87,0.7128862015916142,High
transport_cost|Isolation Forest|National Freight Partners|2015-10-11 00:00:00|44575,2015-10-11,National Freight Partners,transport_cost,Isolation Forest,64.0,258.72,0.7128862015916142,High
transport_cost|Isolation Forest|National Freight Partners|2018-01-16 00:00:00|52371,2018-01-16,National Freight Partners,transport_cost,Isolation Forest,64.0,258.11,0.7128862015916142,High
transport_cost|Isolation Forest|National Freight Partners|2015-05-17 00:00:00|178182,2015-05-17,National Freight Partners,transport_cost,Isolation Forest,64.0,258.35,0.7128862015916142,High
transport_cost|Isolation Forest|Regional Express Co.|2017-03-03 00:00:00|32712,2017-03-03,Regional Express Co.,transport_cost,Isolation Forest,64.0,258.28,0.7128862015916142,High
transport_cost|Isolation Forest|National Freight Partners|2017-01-03 00:00:00|111363,2017-01-03,National Freight Partners,transport_cost,Isolation Forest,64.0,258.27,0.7128862015916142,High
transport_cost|Isolation Forest|National Freight Partners|2016-10-15 00:00:00|112914,2016-10-15,National Freight Partners,transport_cost,Isolation Forest,64.0,258.71,0.7128862015916142,High
transport_cost|Isolation Forest|Regional Express Co.|2017-03-21 00:00:00|36408,2017-03-21,Regional Express Co.,transport_cost,Isolation Forest,64.0,258.28,0.7128862015916142,High
transport_cost|Isolation Forest|National Freight Partners|2015-11-02 00:00:00|117461,2015-11-02,National Freight Partners,transport_cost,Isolation Forest,64.0,258.08,0.7128862015916142,High
transport_cost|Isolation Forest|Regional Express Co.|2016-08-13 00:00:00|122305,2016-08-13,Regional Express Co.,transport_cost,Isolation Forest,64.0,258.18,0.7128862015916142,High
transport_cost|Isolation Forest|Regional Express Co.|2015-03-30 00:00:00|75747,2015-03-30,Regional Express Co.,transport_cost,Isolation Forest,64.0,258.51,0.7128862015916142,High
transport_cost|Isolation Forest|Regional Express Co.|2016-01-11 00:00:00|157455,2016-01-11,Regional Express Co.,transport_cost,Isolation Forest,64.0,258.04,0.7128862015916142,High
transport_cost|Isolation Forest|Regional Express Co.|2017-11-03 00:00:00|47844,2017-11-03,Regional Express Co.,transport_cost,Isolation Forest,64.0,258.22,0.7128862015916142,High
transport_cost|Isolation Forest|National Freight Partners|2017-08-18 00:00:00|44193,2017-08-18,National Freight Partners,transport_cost,Isolation Forest,64.0,258.79,0.7128862015916142,High
transport_cost|Isolation Forest|National Freight Partners|2015-03-27 00:00:00|117375,2015-03-27,National Freight Partners,transport_cost,Isolation Forest,64.0,257.77,0.7128862015916142,High
transport_cost|Isolation Forest|Regional Express Co.|2016-01-12 00:00:00|39278,2016-01-12,Regional Express Co.,transport_cost,Isolation Forest,64.0,258.57,0.7128862015916142,High
transport_cost|Isolation Forest|National Freight Partners|2016-10-24 00:00:00|74128,2016-10-24,National Freight Partners,transport_cost,Isolation Forest,64.0,258.79,0.7128862015916142,High
transport_cost|Isolation Forest|Regional Express Co.|2016-12-23 00:00:00|73215,2016-12-23,Regional Express Co.,transport_cost,Isolation Forest,64.0,258.61,0.7128862015916142,High
transport_cost|Isolation Forest|Regional Express Co.|2017-05-03 00:00:00|176962,2017-05-03,Regional Express Co.,transport_cost,Isolation Forest,64.0,257.97,0.7128862015916142,High
transport_cost|Isolation Forest|Regional Express Co.|2015-06-20 00:00:00|145128,2015-06-20,Regional Express Co.,transport_cost,Isolation Forest,64.0,258.33,0.7128862015916142,High
transport_cost|Isolation Forest|Regional Express Co.|2015-11-05 00:00:00|71764,2015-11-05,Regional Express Co.,transport_cost,Isolation Forest,64.0,258.6,0.7128862015916142,High
transport_cost|Isolation Forest|Regional Express Co.|2015-09-16 00:00:00|143515,2015-09-16,Regional Express Co.,transport_cost,Isolation Forest,64.0,258.46,0.7128862015916142,High
transport_cost|Isolation Forest|National Freight Partners|2016-08-18 00:00:00|157357,2016-08-18,National Freight Partners,transport_cost,Isolation Forest,64.0,258.78,0.7128862015916142,High
transport_cost|Isolation Forest|National Freight Partners|2016-12-06 00:00:00|44048,2016-12-06,National Freight Partners,transport_cost,Isolation Forest,64.0,258.69,0.7128862015916142,High
transport_cost|Isolation Forest|National Freight Partners|2017-04-24 00:00:00|71657,2017-04-24,National Freight Partners,transport_cost,Isolation Forest,64.0,258.03,0.7128862015916142,High
transport_cost|Isolation Forest|Regional Express Co.|2016-06-02 00:00:00|100784,2016-06-02,Regional Express Co.,transport_cost,Isolation Forest,64.0,257.91,0.7128862015916142,High
transport_cost|Isolation Forest|Regional Express Co.|2016-05-30 00:00:00|44475,2016-05-30,Regional Express Co.,transport_cost,Isolation Forest,64.0,258.22,0.7128862015916142,High
transport_cost|Isolation Forest|Regional Express Co.|2016-02-25 00:00:00|150925,2016-02-25,Regional Express Co.,transport_cost,Isolation Forest,64.0,258.47,0.7128862015916142,High
transport_cost|Isolation Forest|National Freight Partners|2017-10-11 00:00:00|172702,2017-10-11,National Freight Partners,transport_cost,Isolation Forest,64.0,258.05,0.7128862015916142,High
transport_cost|Isolation Forest|Regional Express Co.|2016-10-31 00:00:00|146817,2016-10-31,Regional Express Co.,transport_cost,Isolation Forest,64.0,258.67,0.7128862015916142,High
transport_cost|Isolation Forest|Regional Express Co.|2017-05-03 00:00:00|55171,2017-05-03,Regional Express Co.,transport_cost,Isolation Forest,64.0,257.76,0.7128862015916142,High
transport_cost|Isolation Forest|Regional Express Co.|2015-10-05 00:00:00|19972,2015-10-05,Regional Express Co.,transport_cost,Isolation Forest,64.0,258.15,0.7128862015916142,High
transport_cost|Isolation Forest|Regional Express Co.|2017-12-15 00:00:00|71596,2017-12-15,Regional Express Co.,transport_cost,Isolation Forest,64.0,258.06,0.7128862015916142,High
transport_cost|Isolation Forest|National Freight Partners|2015-10-26 00:00:00|117480,2015-10-26,National Freight Partners,transport_cost,Isolation Forest,64.0,257.93,0.7128862015916142,High
transport_cost|Isolation Forest|Regional Express Co.|2015-05-13 00:00:00|19985,2015-05-13,Regional Express Co.,transport_cost,Isolation Forest,64.0,257.85,0.7128862015916142,High
transport_cost|Isolation Forest|National Freight Partners|2017-01-28 00:00:00|48178,2017-01-28,National Freight Partners,transport_cost,Isolation Forest,64.0,258.11,0.7128862015916142,High
daily_sales|Isolation Forest|Network|2018-08-28 00:00:00|1335,2018-08-28,Network,daily_sales,Isolation Forest,122569.795,3637.17,0.7127861772509874,High
inventory_change|Isolation Forest|Dubai Distribution Center|2016-08-13 00:00:00|589,2016-08-13,Dubai Distribution Center,inventory_change,Isolation Forest,-84.0,1406.0,0.7125040063904429,High
transport_cost|Isolation Forest|National Freight Partners|2016-10-29 00:00:00|157424,2016-10-29,National Freight Partners,transport_cost,Isolation Forest,64.0,257.65,0.7124040356752375,High
transport_cost|Isolation Forest|Regional Express Co.|2015-03-05 00:00:00|113752,2015-03-05,Regional Express Co.,transport_cost,Isolation Forest,64.0,257.22,0.7124040356752375,High
transport_cost|Isolation Forest|National Freight Partners|2016-03-13 00:00:00|169152,2016-03-13,National Freight Partners,transport_cost,Isolation Forest,64.0,257.63,0.7124040356752375,High
transport_cost|Isolation Forest|Regional Express Co.|2017-01-14 00:00:00|145507,2017-01-14,Regional Express Co.,transport_cost,Isolation Forest,64.0,257.3,0.7119221958753859,High
transport_cost|Isolation Forest|National Freight Partners|2016-01-14 00:00:00|17972,2016-01-14,National Freight Partners,transport_cost,Isolation Forest,64.0,256.97,0.7119221958753859,High
transport_cost|Isolation Forest|Regional Express Co.|2017-01-30 00:00:00|16067,2017-01-30,Regional Express Co.,transport_cost,Isolation Forest,64.0,257.47,0.7119221958753859,High
transport_cost|Isolation Forest|Regional Express Co.|2017-05-29 00:00:00|105583,2017-05-29,Regional Express Co.,transport_cost,Isolation Forest,64.0,257.44,0.7119221958753859,High
transport_cost|Isolation Forest|Regional Express Co.|2016-02-29 00:00:00|172823,2016-02-29,Regional Express Co.,transport_cost,Isolation Forest,64.0,257.49,0.7119221958753859,High
transport_cost|Isolation Forest|Regional Express Co.|2015-05-29 00:00:00|62968,2015-05-29,Regional Express Co.,transport_cost,Isolation Forest,64.0,256.93,0.7119221958753859,High
transport_cost|Isolation Forest|National Freight Partners|2016-10-04 00:00:00|17931,2016-10-04,National Freight Partners,transport_cost,Isolation Forest,64.0,256.94,0.7119221958753859,High
transport_cost|Isolation Forest|Regional Express Co.|2015-10-29 00:00:00|17978,2015-10-29,Regional Express Co.,transport_cost,Isolation Forest,64.0,257.44,0.7119221958753859,High
transport_cost|Isolation Forest|Regional Express Co.|2016-06-27 00:00:00|44627,2016-06-27,Regional Express Co.,transport_cost,Isolation Forest,64.0,256.91,0.7119221958753859,High
transport_cost|Isolation Forest|National Freight Partners|2016-04-12 00:00:00|80048,2016-04-12,National Freight Partners,transport_cost,Isolation Forest,64.0,257.44,0.7119221958753859,High
transport_cost|Isolation Forest|National Freight Partners|2016-09-30 00:00:00|113233,2016-09-30,National Freight Partners,transport_cost,Isolation Forest,64.0,257.44,0.7119221958753859,High
transport_cost|Isolation Forest|National Freight Partners|2017-07-18 00:00:00|125011,2017-07-18,National Freight Partners,transport_cost,Isolation Forest,64.0,257.49,0.7119221958753859,High
transport_cost|Isolation Forest|Regional Express Co.|2015-10-18 00:00:00|125055,2015-10-18,Regional Express Co.,transport_cost,Isolation Forest,64.0,257.39,0.7119221958753859,High
transport_cost|Isolation Forest|Regional Express Co.|2015-03-24 00:00:00|177032,2015-03-24,Regional Express Co.,transport_cost,Isolation Forest,64.0,257.56,0.7119221958753859,High
transport_cost|Isolation Forest|National Freight Partners|2015-04-07 00:00:00|39199,2015-04-07,National Freight Partners,transport_cost,Isolation Forest,64.0,257.49,0.7119221958753859,High
transport_cost|Isolation Forest|Regional Express Co.|2015-07-10 00:00:00|157318,2015-07-10,Regional Express Co.,transport_cost,Isolation Forest,64.0,257.46,0.7119221958753859,High
transport_cost|Isolation Forest|Regional Express Co.|2016-09-17 00:00:00|177063,2016-09-17,Regional Express Co.,transport_cost,Isolation Forest,64.0,256.92,0.7119221958753859,High
transport_cost|Isolation Forest|National Freight Partners|2016-10-03 00:00:00|113182,2016-10-03,National Freight Partners,transport_cost,Isolation Forest,64.0,256.93,0.7119221958753859,High
transport_cost|Isolation Forest|National Freight Partners|2015-06-26 00:00:00|44574,2015-06-26,National Freight Partners,transport_cost,Isolation Forest,64.0,257.41,0.7119221958753859,High
inventory_change|Isolation Forest|Sharjah Distribution Center|2016-08-20 00:00:00|596,2016-08-20,Sharjah Distribution Center,inventory_change,Isolation Forest,-35.0,719.0,0.7115405175005436,High
transport_cost|Isolation Forest|Regional Express Co.|2016-10-28 00:00:00|44617,2016-10-28,Regional Express Co.,transport_cost,Isolation Forest,64.0,256.75,0.7109594937431221,High
transport_cost|Isolation Forest|National Freight Partners|2016-05-21 00:00:00|117488,2016-05-21,National Freight Partners,transport_cost,Isolation Forest,64.0,256.74,0.7109594937431221,High
transport_cost|Isolation Forest|Regional Express Co.|2016-06-02 00:00:00|48072,2016-06-02,Regional Express Co.,transport_cost,Isolation Forest,64.0,256.55,0.7109594937431221,High
transport_cost|Isolation Forest|National Freight Partners|2017-11-03 00:00:00|19917,2017-11-03,National Freight Partners,transport_cost,Isolation Forest,64.0,256.78,0.7109594937431221,High
transport_cost|Isolation Forest|National Freight Partners|2018-01-11 00:00:00|587,2018-01-11,National Freight Partners,transport_cost,Isolation Forest,64.0,256.49,0.7109594937431221,High
transport_cost|Isolation Forest|National Freight Partners|2017-04-15 00:00:00|172803,2017-04-15,National Freight Partners,transport_cost,Isolation Forest,64.0,256.56,0.7109594937431221,High
transport_cost|Isolation Forest|Regional Express Co.|2017-10-04 00:00:00|19979,2017-10-04,Regional Express Co.,transport_cost,Isolation Forest,64.0,256.54,0.7109594937431221,High
transport_cost|Isolation Forest|Regional Express Co.|2016-07-16 00:00:00|157460,2016-07-16,Regional Express Co.,transport_cost,Isolation Forest,64.0,256.82,0.7109594937431221,High
transport_cost|Isolation Forest|Regional Express Co.|2015-07-16 00:00:00|59469,2015-07-16,Regional Express Co.,transport_cost,Isolation Forest,64.0,256.6,0.7109594937431221,High
transport_cost|Isolation Forest|National Freight Partners|2017-05-11 00:00:00|117614,2017-05-11,National Freight Partners,transport_cost,Isolation Forest,64.0,256.53,0.7109594937431221,High
transport_cost|Isolation Forest|Regional Express Co.|2016-09-03 00:00:00|11360,2016-09-03,Regional Express Co.,transport_cost,Isolation Forest,64.0,256.75,0.7109594937431221,High
transport_cost|Isolation Forest|National Freight Partners|2015-04-22 00:00:00|63903,2015-04-22,National Freight Partners,transport_cost,Isolation Forest,64.0,256.86,0.7109594937431221,High
transport_cost|Isolation Forest|Regional Express Co.|2017-02-28 00:00:00|33055,2017-02-28,Regional Express Co.,transport_cost,Isolation Forest,64.0,256.58,0.7109594937431221,High
transport_cost|Isolation Forest|National Freight Partners|2017-06-10 00:00:00|44318,2017-06-10,National Freight Partners,transport_cost,Isolation Forest,64.0,256.48,0.7109594937431221,High
transport_cost|Isolation Forest|National Freight Partners|2017-10-07 00:00:00|17938,2017-10-07,National Freight Partners,transport_cost,Isolation Forest,64.0,256.79,0.7109594937431221,High
transport_cost|Isolation Forest|Regional Express Co.|2017-05-11 00:00:00|105908,2017-05-11,Regional Express Co.,transport_cost,Isolation Forest,64.0,256.5,0.7109594937431221,High
transport_cost|Isolation Forest|National Freight Partners|2017-06-24 00:00:00|117218,2017-06-24,National Freight Partners,transport_cost,Isolation Forest,64.0,256.62,0.7109594937431221,High
daily_sales|Isolation Forest|Network|2018-08-27 00:00:00|1334,2018-08-27,Network,daily_sales,Isolation Forest,122569.795,5292.42,0.7105199565931801,High
transport_cost|Isolation Forest|Regional Express Co.|2017-01-10 00:00:00|111238,2017-01-10,Regional Express Co.,transport_cost,Isolation Forest,64.0,256.42,0.7104786309700145,High
transport_cost|Isolation Forest|Regional Express Co.|2016-09-28 00:00:00|113286,2016-09-28,Regional Express Co.,transport_cost,Isolation Forest,64.0,256.28,0.7104786309700145,High
transport_cost|Isolation Forest|National Freight Partners|2016-11-16 00:00:00|112284,2016-11-16,National Freight Partners,transport_cost,Isolation Forest,64.0,256.21,0.7104786309700145,High
transport_cost|Isolation Forest|National Freight Partners|2015-12-19 00:00:00|133017,2015-12-19,National Freight Partners,transport_cost,Isolation Forest,64.0,256.4,0.7104786309700145,High
transport_cost|Isolation Forest|National Freight Partners|2017-04-04 00:00:00|141720,2017-04-04,National Freight Partners,transport_cost,Isolation Forest,64.0,256.44,0.7104786309700145,High
transport_cost|Isolation Forest|Regional Express Co.|2017-02-12 00:00:00|117399,2017-02-12,Regional Express Co.,transport_cost,Isolation Forest,64.0,256.03,0.7104786309700145,High
transport_cost|Isolation Forest|National Freight Partners|2017-08-18 00:00:00|115786,2017-08-18,National Freight Partners,transport_cost,Isolation Forest,64.0,256.01,0.7104786309700145,High
transport_cost|Isolation Forest|Regional Express Co.|2015-04-13 00:00:00|141738,2015-04-13,Regional Express Co.,transport_cost,Isolation Forest,64.0,256.13,0.7104786309700145,High
transport_cost|Isolation Forest|Regional Express Co.|2016-01-23 00:00:00|180380,2016-01-23,Regional Express Co.,transport_cost,Isolation Forest,64.0,256.47,0.7104786309700145,High
transport_cost|Isolation Forest|Regional Express Co.|2016-07-23 00:00:00|44530,2016-07-23,Regional Express Co.,transport_cost,Isolation Forest,64.0,255.93,0.7104786309700145,High
transport_cost|Isolation Forest|Regional Express Co.|2017-07-23 00:00:00|78426,2017-07-23,Regional Express Co.,transport_cost,Isolation Forest,64.0,256.14,0.7104786309700145,High
transport_cost|Isolation Forest|National Freight Partners|2015-05-30 00:00:00|29223,2015-05-30,National Freight Partners,transport_cost,Isolation Forest,64.0,256.01,0.7104786309700145,High
transport_cost|Isolation Forest|National Freight Partners|2016-10-31 00:00:00|29139,2016-10-31,National Freight Partners,transport_cost,Isolation Forest,64.0,256.14,0.7104786309700145,High
transport_cost|Isolation Forest|Regional Express Co.|2016-05-30 00:00:00|79288,2016-05-30,Regional Express Co.,transport_cost,Isolation Forest,64.0,256.4,0.7104786309700145,High
transport_cost|Isolation Forest|National Freight Partners|2017-01-10 00:00:00|165810,2017-01-10,National Freight Partners,transport_cost,Isolation Forest,64.0,255.74,0.7099980934320416,High
transport_cost|Isolation Forest|Regional Express Co.|2017-06-22 00:00:00|137057,2017-06-22,Regional Express Co.,transport_cost,Isolation Forest,64.0,255.76,0.7099980934320416,High
transport_cost|Isolation Forest|National Freight Partners|2017-01-27 00:00:00|110898,2017-01-27,National Freight Partners,transport_cost,Isolation Forest,64.0,255.71,0.7099980934320416,High
transport_cost|Isolation Forest|Regional Express Co.|2017-02-19 00:00:00|69272,2017-02-19,Regional Express Co.,transport_cost,Isolation Forest,64.0,255.91,0.7099980934320416,High
transport_cost|Isolation Forest|National Freight Partners|2017-05-03 00:00:00|55170,2017-05-03,National Freight Partners,transport_cost,Isolation Forest,64.0,255.75,0.7099980934320416,High
inventory_change|Isolation Forest|Sharjah Distribution Center|2016-05-15 00:00:00|499,2016-05-15,Sharjah Distribution Center,inventory_change,Isolation Forest,-35.0,677.0,0.7096886727765735,High
inventory_change|Isolation Forest|Dubai Distribution Center|2017-06-22 00:00:00|902,2017-06-22,Dubai Distribution Center,inventory_change,Isolation Forest,-84.0,1323.0,0.7088811307095971,High
inventory_change|Isolation Forest|Sharjah Distribution Center|2016-01-14 00:00:00|377,2016-01-14,Sharjah Distribution Center,inventory_change,Isolation Forest,-35.0,678.0,0.7087289909426824,High
inventory_change|Isolation Forest|Dubai Distribution Center|2016-11-25 00:00:00|693,2016-11-25,Dubai Distribution Center,inventory_change,Isolation Forest,-84.0,1401.0,0.7086578610963773,High
transport_cost|Isolation Forest|National Freight Partners|2016-09-02 00:00:00|122341,2016-09-02,National Freight Partners,transport_cost,Isolation Forest,64.0,255.62,0.708558430029921,High
transport_cost|Isolation Forest|National Freight Partners|2015-06-27 00:00:00|165799,2015-06-27,National Freight Partners,transport_cost,Isolation Forest,64.0,255.46,0.708558430029921,High
transport_cost|Isolation Forest|National Freight Partners|2017-03-01 00:00:00|56193,2017-03-01,National Freight Partners,transport_cost,Isolation Forest,64.0,255.58,0.708558430029921,High
transport_cost|Isolation Forest|Regional Express Co.|2015-07-27 00:00:00|144418,2015-07-27,Regional Express Co.,transport_cost,Isolation Forest,64.0,255.43,0.708558430029921,High
transport_cost|Isolation Forest|Regional Express Co.|2015-05-15 00:00:00|44316,2015-05-15,Regional Express Co.,transport_cost,Isolation Forest,64.0,255.58,0.708558430029921,High
transport_cost|Isolation Forest|Regional Express Co.|2016-03-02 00:00:00|176840,2016-03-02,Regional Express Co.,transport_cost,Isolation Forest,64.0,255.7,0.708558430029921,High
transport_cost|Isolation Forest|Regional Express Co.|2016-11-20 00:00:00|44055,2016-11-20,Regional Express Co.,transport_cost,Isolation Forest,64.0,255.51,0.708558430029921,High
transport_cost|Isolation Forest|Regional Express Co.|2017-06-07 00:00:00|71708,2017-06-07,Regional Express Co.,transport_cost,Isolation Forest,64.0,255.4,0.708558430029921,High
transport_cost|Isolation Forest|Regional Express Co.|2015-03-02 00:00:00|47978,2015-03-02,Regional Express Co.,transport_cost,Isolation Forest,64.0,255.61,0.708558430029921,High
transport_cost|Isolation Forest|Regional Express Co.|2017-02-05 00:00:00|36286,2017-02-05,Regional Express Co.,transport_cost,Isolation Forest,64.0,255.69,0.708558430029921,High
transport_cost|Isolation Forest|National Freight Partners|2015-07-03 00:00:00|47926,2015-07-03,National Freight Partners,transport_cost,Isolation Forest,64.0,255.53,0.708558430029921,High
transport_cost|Isolation Forest|National Freight Partners|2015-09-06 00:00:00|122187,2015-09-06,National Freight Partners,transport_cost,Isolation Forest,64.0,255.62,0.708558430029921,High
transport_cost|Isolation Forest|Regional Express Co.|2016-02-19 00:00:00|141758,2016-02-19,Regional Express Co.,transport_cost,Isolation Forest,64.0,255.36,0.7066434187908117,High
transport_cost|Isolation Forest|Regional Express Co.|2017-08-14 00:00:00|117288,2017-08-14,Regional Express Co.,transport_cost,Isolation Forest,64.0,255.31,0.7066434187908117,High
transport_cost|Isolation Forest|National Freight Partners|2015-05-29 00:00:00|62969,2015-05-29,National Freight Partners,transport_cost,Isolation Forest,64.0,255.29,0.7066434187908117,High
transport_cost|Isolation Forest|National Freight Partners|2017-06-16 00:00:00|165755,2017-06-16,National Freight Partners,transport_cost,Isolation Forest,64.0,255.1,0.705687854924477,High
transport_cost|Isolation Forest|Regional Express Co.|2016-06-15 00:00:00|11334,2016-06-15,Regional Express Co.,transport_cost,Isolation Forest,64.0,255.01,0.705687854924477,High
transport_cost|Isolation Forest|Regional Express Co.|2016-12-09 00:00:00|29362,2016-12-09,Regional Express Co.,transport_cost,Isolation Forest,64.0,254.94,0.705687854924477,High
transport_cost|Isolation Forest|National Freight Partners|2017-11-06 00:00:00|69120,2017-11-06,National Freight Partners,transport_cost,Isolation Forest,64.0,254.93,0.705687854924477,High
transport_cost|Isolation Forest|National Freight Partners|2017-06-06 00:00:00|36292,2017-06-06,National Freight Partners,transport_cost,Isolation Forest,64.0,255.0,0.705687854924477,High
transport_cost|Isolation Forest|National Freight Partners|2017-07-06 00:00:00|19936,2017-07-06,National Freight Partners,transport_cost,Isolation Forest,64.0,254.9,0.705687854924477,High
transport_cost|Isolation Forest|National Freight Partners|2016-07-14 00:00:00|36444,2016-07-14,National Freight Partners,transport_cost,Isolation Forest,64.0,255.22,0.705687854924477,High
transport_cost|Isolation Forest|National Freight Partners|2015-02-01 00:00:00|176725,2015-02-01,National Freight Partners,transport_cost,Isolation Forest,64.0,255.1,0.705687854924477,High
transport_cost|Isolation Forest|National Freight Partners|2015-02-21 00:00:00|113979,2015-02-21,National Freight Partners,transport_cost,Isolation Forest,64.0,255.09,0.705687854924477,High
transport_cost|Isolation Forest|Regional Express Co.|2015-12-21 00:00:00|44435,2015-12-21,Regional Express Co.,transport_cost,Isolation Forest,64.0,254.9,0.705687854924477,High
transport_cost|Isolation Forest|National Freight Partners|2015-11-21 00:00:00|107,2015-11-21,National Freight Partners,transport_cost,Isolation Forest,64.0,255.17,0.705687854924477,High
transport_cost|Isolation Forest|Regional Express Co.|2017-01-30 00:00:00|33061,2017-01-30,Regional Express Co.,transport_cost,Isolation Forest,64.0,254.91,0.705687854924477,High
transport_cost|Isolation Forest|Regional Express Co.|2016-06-22 00:00:00|78979,2016-06-22,Regional Express Co.,transport_cost,Isolation Forest,64.0,254.86,0.705687854924477,High
inventory_change|Isolation Forest|Dubai Distribution Center|2017-10-02 00:00:00|1004,2017-10-02,Dubai Distribution Center,inventory_change,Isolation Forest,-84.0,836.0,0.7054495247928813,High
transport_cost|Isolation Forest|Regional Express Co.|2016-07-23 00:00:00|75558,2016-07-23,Regional Express Co.,transport_cost,Isolation Forest,64.0,253.97,0.7046347027715476,High
transport_cost|Isolation Forest|Regional Express Co.|2015-12-11 00:00:00|117427,2015-12-11,Regional Express Co.,transport_cost,Isolation Forest,64.0,254.69,0.7046347027715476,High
transport_cost|Isolation Forest|Regional Express Co.|2017-07-22 00:00:00|165724,2017-07-22,Regional Express Co.,transport_cost,Isolation Forest,64.0,254.68,0.7046347027715476,High
transport_cost|Isolation Forest|National Freight Partners|2015-10-10 00:00:00|44663,2015-10-10,National Freight Partners,transport_cost,Isolation Forest,64.0,254.11,0.7046347027715476,High
transport_cost|Isolation Forest|Regional Express Co.|2016-12-08 00:00:00|117245,2016-12-08,Regional Express Co.,transport_cost,Isolation Forest,64.0,254.51,0.7046347027715476,High
transport_cost|Isolation Forest|Regional Express Co.|2016-06-24 00:00:00|36450,2016-06-24,Regional Express Co.,transport_cost,Isolation Forest,64.0,254.47,0.7046347027715476,High
transport_cost|Isolation Forest|National Freight Partners|2017-02-26 00:00:00|71545,2017-02-26,National Freight Partners,transport_cost,Isolation Forest,64.0,254.76,0.7046347027715476,High
transport_cost|Isolation Forest|National Freight Partners|2015-12-28 00:00:00|101825,2015-12-28,National Freight Partners,transport_cost,Isolation Forest,64.0,254.53,0.7046347027715476,High
transport_cost|Isolation Forest|National Freight Partners|2016-09-05 00:00:00|17933,2016-09-05,National Freight Partners,transport_cost,Isolation Forest,64.0,254.76,0.7046347027715476,High
transport_cost|Isolation Forest|National Freight Partners|2016-10-04 00:00:00|113141,2016-10-04,National Freight Partners,transport_cost,Isolation Forest,64.0,254.52,0.7046347027715476,High
transport_cost|Isolation Forest|Regional Express Co.|2016-05-13 00:00:00|152623,2016-05-13,Regional Express Co.,transport_cost,Isolation Forest,64.0,254.48,0.7046347027715476,High
transport_cost|Isolation Forest|Regional Express Co.|2017-04-30 00:00:00|117693,2017-04-30,Regional Express Co.,transport_cost,Isolation Forest,64.0,254.54,0.7046347027715476,High
transport_cost|Isolation Forest|Regional Express Co.|2016-11-16 00:00:00|117736,2016-11-16,Regional Express Co.,transport_cost,Isolation Forest,64.0,254.74,0.7046347027715476,High
transport_cost|Isolation Forest|National Freight Partners|2015-07-25 00:00:00|141704,2015-07-25,National Freight Partners,transport_cost,Isolation Forest,64.0,254.73,0.7046347027715476,High
transport_cost|Isolation Forest|Regional Express Co.|2015-09-20 00:00:00|143420,2015-09-20,Regional Express Co.,transport_cost,Isolation Forest,64.0,254.59,0.7046347027715476,High
transport_cost|Isolation Forest|Regional Express Co.|2016-01-03 00:00:00|117476,2016-01-03,Regional Express Co.,transport_cost,Isolation Forest,64.0,254.36,0.7041581178181369,High
transport_cost|Isolation Forest|National Freight Partners|2016-08-05 00:00:00|32110,2016-08-05,National Freight Partners,transport_cost,Isolation Forest,64.0,254.22,0.7041581178181369,High
transport_cost|Isolation Forest|National Freight Partners|2016-06-08 00:00:00|44551,2016-06-08,National Freight Partners,transport_cost,Isolation Forest,64.0,254.27,0.7041581178181369,High
transport_cost|Isolation Forest|National Freight Partners|2017-04-08 00:00:00|71801,2017-04-08,National Freight Partners,transport_cost,Isolation Forest,64.0,252.0,0.7035261776878646,High
transport_cost|Isolation Forest|National Freight Partners|2016-08-11 00:00:00|44755,2016-08-11,National Freight Partners,transport_cost,Isolation Forest,64.0,252.27,0.7035261776878646,High
transport_cost|Isolation Forest|National Freight Partners|2017-09-26 00:00:00|77247,2017-09-26,National Freight Partners,transport_cost,Isolation Forest,64.0,252.53,0.7035261776878646,High
transport_cost|Isolation Forest|National Freight Partners|2015-03-29 00:00:00|16057,2015-03-29,National Freight Partners,transport_cost,Isolation Forest,64.0,252.73,0.7035261776878646,High
transport_cost|Isolation Forest|National Freight Partners|2015-07-23 00:00:00|97424,2015-07-23,National Freight Partners,transport_cost,Isolation Forest,64.0,252.22,0.7035261776878646,High
transport_cost|Isolation Forest|Regional Express Co.|2016-07-25 00:00:00|75522,2016-07-25,Regional Express Co.,transport_cost,Isolation Forest,64.0,252.31,0.7035261776878646,High
transport_cost|Isolation Forest|Regional Express Co.|2017-05-31 00:00:00|16202,2017-05-31,Regional Express Co.,transport_cost,Isolation Forest,64.0,252.45,0.7035261776878646,High
transport_cost|Isolation Forest|Regional Express Co.|2017-03-10 00:00:00|117327,2017-03-10,Regional Express Co.,transport_cost,Isolation Forest,64.0,252.72,0.7035261776878646,High
transport_cost|Isolation Forest|National Freight Partners|2015-12-19 00:00:00|44849,2015-12-19,National Freight Partners,transport_cost,Isolation Forest,64.0,252.59,0.7035261776878646,High
transport_cost|Isolation Forest|Regional Express Co.|2015-09-06 00:00:00|44201,2015-09-06,Regional Express Co.,transport_cost,Isolation Forest,64.0,252.16,0.7035261776878646,High
transport_cost|Isolation Forest|Regional Express Co.|2015-04-22 00:00:00|141729,2015-04-22,Regional Express Co.,transport_cost,Isolation Forest,64.0,252.53,0.7035261776878646,High
transport_cost|Isolation Forest|Regional Express Co.|2015-08-16 00:00:00|29298,2015-08-16,Regional Express Co.,transport_cost,Isolation Forest,64.0,252.1,0.7035261776878646,High
transport_cost|Isolation Forest|National Freight Partners|2017-03-24 00:00:00|138596,2017-03-24,National Freight Partners,transport_cost,Isolation Forest,64.0,252.63,0.7035261776878646,High
transport_cost|Isolation Forest|Regional Express Co.|2015-12-03 00:00:00|133320,2015-12-03,Regional Express Co.,transport_cost,Isolation Forest,64.0,252.05,0.7035261776878646,High
transport_cost|Isolation Forest|Regional Express Co.|2016-07-30 00:00:00|176879,2016-07-30,Regional Express Co.,transport_cost,Isolation Forest,64.0,252.1,0.7035261776878646,High
transport_cost|Isolation Forest|Regional Express Co.|2015-06-09 00:00:00|29343,2015-06-09,Regional Express Co.,transport_cost,Isolation Forest,64.0,252.58,0.7035261776878646,High
transport_cost|Isolation Forest|National Freight Partners|2017-12-16 00:00:00|48045,2017-12-16,National Freight Partners,transport_cost,Isolation Forest,64.0,252.05,0.7035261776878646,High
transport_cost|Isolation Forest|National Freight Partners|2015-07-06 00:00:00|44701,2015-07-06,National Freight Partners,transport_cost,Isolation Forest,64.0,252.29,0.7035261776878646,High
transport_cost|Isolation Forest|Regional Express Co.|2017-03-30 00:00:00|157246,2017-03-30,Regional Express Co.,transport_cost,Isolation Forest,64.0,252.62,0.7035261776878646,High
transport_cost|Isolation Forest|Regional Express Co.|2017-03-04 00:00:00|44343,2017-03-04,Regional Express Co.,transport_cost,Isolation Forest,64.0,252.49,0.7035261776878646,High
transport_cost|Isolation Forest|Regional Express Co.|2015-02-11 00:00:00|11379,2015-02-11,Regional Express Co.,transport_cost,Isolation Forest,64.0,252.06,0.7035261776878646,High
transport_cost|Isolation Forest|National Freight Partners|2017-05-28 00:00:00|137462,2017-05-28,National Freight Partners,transport_cost,Isolation Forest,64.0,252.4,0.7035261776878646,High
transport_cost|Isolation Forest|National Freight Partners|2018-01-07 00:00:00|44361,2018-01-07,National Freight Partners,transport_cost,Isolation Forest,64.0,252.22,0.7035261776878646,High
transport_cost|Isolation Forest|National Freight Partners|2016-06-08 00:00:00|36185,2016-06-08,National Freight Partners,transport_cost,Isolation Forest,64.0,252.46,0.7035261776878646,High
transport_cost|Isolation Forest|Regional Express Co.|2015-02-28 00:00:00|48172,2015-02-28,Regional Express Co.,transport_cost,Isolation Forest,64.0,252.1,0.7035261776878646,High
transport_cost|Isolation Forest|Regional Express Co.|2016-08-14 00:00:00|99445,2016-08-14,Regional Express Co.,transport_cost,Isolation Forest,64.0,251.98,0.7035261776878646,High
transport_cost|Isolation Forest|Regional Express Co.|2016-05-16 00:00:00|152553,2016-05-16,Regional Express Co.,transport_cost,Isolation Forest,64.0,252.31,0.7035261776878646,High
transport_cost|Isolation Forest|Regional Express Co.|2017-03-18 00:00:00|55922,2017-03-18,Regional Express Co.,transport_cost,Isolation Forest,64.0,252.31,0.7035261776878646,High
transport_cost|Isolation Forest|National Freight Partners|2017-06-12 00:00:00|39085,2017-06-12,National Freight Partners,transport_cost,Isolation Forest,64.0,252.31,0.7035261776878646,High
transport_cost|Isolation Forest|Regional Express Co.|2015-12-05 00:00:00|17991,2015-12-05,Regional Express Co.,transport_cost,Isolation Forest,64.0,252.38,0.7035261776878646,High
transport_cost|Isolation Forest|Regional Express Co.|2017-04-09 00:00:00|20008,2017-04-09,Regional Express Co.,transport_cost,Isolation Forest,64.0,251.97,0.7035261776878646,High
transport_cost|Isolation Forest|Regional Express Co.|2017-12-14 00:00:00|39131,2017-12-14,Regional Express Co.,transport_cost,Isolation Forest,64.0,251.96,0.7035261776878646,High
transport_cost|Isolation Forest|Regional Express Co.|2016-07-27 00:00:00|39151,2016-07-27,Regional Express Co.,transport_cost,Isolation Forest,64.0,252.08,0.7035261776878646,High
transport_cost|Isolation Forest|National Freight Partners|2015-06-24 00:00:00|61225,2015-06-24,National Freight Partners,transport_cost,Isolation Forest,64.0,252.15,0.7035261776878646,High
transport_cost|Isolation Forest|National Freight Partners|2017-07-08 00:00:00|104865,2017-07-08,National Freight Partners,transport_cost,Isolation Forest,64.0,251.92,0.7030503424936883,High
transport_cost|Isolation Forest|National Freight Partners|2017-02-27 00:00:00|48236,2017-02-27,National Freight Partners,transport_cost,Isolation Forest,64.0,253.43,0.7030503424936883,High
transport_cost|Isolation Forest|National Freight Partners|2016-05-02 00:00:00|39137,2016-05-02,National Freight Partners,transport_cost,Isolation Forest,64.0,252.85,0.7030503424936883,High
transport_cost|Isolation Forest|National Freight Partners|2017-11-15 00:00:00|157284,2017-11-15,National Freight Partners,transport_cost,Isolation Forest,64.0,253.87,0.7030503424936883,High
transport_cost|Isolation Forest|Regional Express Co.|2016-10-14 00:00:00|117584,2016-10-14,Regional Express Co.,transport_cost,Isolation Forest,64.0,253.12,0.7030503424936883,High
transport_cost|Isolation Forest|National Freight Partners|2016-11-28 00:00:00|146293,2016-11-28,National Freight Partners,transport_cost,Isolation Forest,64.0,253.54,0.7030503424936883,High
transport_cost|Isolation Forest|National Freight Partners|2017-02-22 00:00:00|47959,2017-02-22,National Freight Partners,transport_cost,Isolation Forest,64.0,253.77,0.7030503424936883,High
transport_cost|Isolation Forest|Regional Express Co.|2016-10-26 00:00:00|112692,2016-10-26,Regional Express Co.,transport_cost,Isolation Forest,64.0,252.85,0.7030503424936883,High
transport_cost|Isolation Forest|Regional Express Co.|2015-03-28 00:00:00|71541,2015-03-28,Regional Express Co.,transport_cost,Isolation Forest,64.0,253.77,0.7030503424936883,High
transport_cost|Isolation Forest|National Freight Partners|2016-05-23 00:00:00|11401,2016-05-23,National Freight Partners,transport_cost,Isolation Forest,64.0,253.22,0.7030503424936883,High
transport_cost|Isolation Forest|Regional Express Co.|2017-08-11 00:00:00|16034,2017-08-11,Regional Express Co.,transport_cost,Isolation Forest,64.0,253.46,0.7030503424936883,High
transport_cost|Isolation Forest|National Freight Partners|2016-07-16 00:00:00|177115,2016-07-16,National Freight Partners,transport_cost,Isolation Forest,64.0,253.3,0.7030503424936883,High
transport_cost|Isolation Forest|National Freight Partners|2017-03-26 00:00:00|138557,2017-03-26,National Freight Partners,transport_cost,Isolation Forest,64.0,253.14,0.7030503424936883,High
transport_cost|Isolation Forest|Regional Express Co.|2017-06-22 00:00:00|19926,2017-06-22,Regional Express Co.,transport_cost,Isolation Forest,64.0,253.27,0.7030503424936883,High
transport_cost|Isolation Forest|National Freight Partners|2016-10-04 00:00:00|44440,2016-10-04,National Freight Partners,transport_cost,Isolation Forest,64.0,253.44,0.7030503424936883,High
transport_cost|Isolation Forest|National Freight Partners|2017-08-17 00:00:00|29095,2017-08-17,National Freight Partners,transport_cost,Isolation Forest,64.0,253.36,0.7030503424936883,High
transport_cost|Isolation Forest|National Freight Partners|2016-08-22 00:00:00|148006,2016-08-22,National Freight Partners,transport_cost,Isolation Forest,64.0,253.64,0.7030503424936883,High
transport_cost|Isolation Forest|National Freight Partners|2017-04-30 00:00:00|48122,2017-04-30,National Freight Partners,transport_cost,Isolation Forest,64.0,253.22,0.7030503424936883,High
transport_cost|Isolation Forest|National Freight Partners|2017-05-30 00:00:00|11318,2017-05-30,National Freight Partners,transport_cost,Isolation Forest,64.0,253.6,0.7030503424936883,High
transport_cost|Isolation Forest|National Freight Partners|2016-08-15 00:00:00|97445,2016-08-15,National Freight Partners,transport_cost,Isolation Forest,64.0,253.48,0.7030503424936883,High
transport_cost|Isolation Forest|National Freight Partners|2017-07-19 00:00:00|19954,2017-07-19,National Freight Partners,transport_cost,Isolation Forest,64.0,253.47,0.7030503424936883,High
transport_cost|Isolation Forest|National Freight Partners|2016-01-26 00:00:00|81201,2016-01-26,National Freight Partners,transport_cost,Isolation Forest,64.0,252.82,0.7030503424936883,High
transport_cost|Isolation Forest|Regional Express Co.|2017-02-12 00:00:00|117774,2017-02-12,Regional Express Co.,transport_cost,Isolation Forest,64.0,253.87,0.7030503424936883,High
transport_cost|Isolation Forest|National Freight Partners|2016-01-12 00:00:00|39239,2016-01-12,National Freight Partners,transport_cost,Isolation Forest,64.0,253.07,0.7030503424936883,High
transport_cost|Isolation Forest|National Freight Partners|2016-01-27 00:00:00|132239,2016-01-27,National Freight Partners,transport_cost,Isolation Forest,64.0,251.92,0.7030503424936883,High
transport_cost|Isolation Forest|Regional Express Co.|2016-06-16 00:00:00|172794,2016-06-16,Regional Express Co.,transport_cost,Isolation Forest,64.0,252.92,0.7030503424936883,High
transport_cost|Isolation Forest|Regional Express Co.|2016-04-15 00:00:00|16147,2016-04-15,Regional Express Co.,transport_cost,Isolation Forest,64.0,253.1,0.7030503424936883,High
transport_cost|Isolation Forest|Regional Express Co.|2017-03-24 00:00:00|39168,2017-03-24,Regional Express Co.,transport_cost,Isolation Forest,64.0,253.12,0.7030503424936883,High
transport_cost|Isolation Forest|National Freight Partners|2017-12-15 00:00:00|124970,2017-12-15,National Freight Partners,transport_cost,Isolation Forest,64.0,253.16,0.7030503424936883,High
transport_cost|Isolation Forest|Regional Express Co.|2016-10-28 00:00:00|44840,2016-10-28,Regional Express Co.,transport_cost,Isolation Forest,64.0,253.93,0.7030503424936883,High
transport_cost|Isolation Forest|Regional Express Co.|2017-02-03 00:00:00|56586,2017-02-03,Regional Express Co.,transport_cost,Isolation Forest,64.0,253.39,0.7030503424936883,High
inventory_change|Isolation Forest|Dubai Distribution Center|2016-01-15 00:00:00|378,2016-01-15,Dubai Distribution Center,inventory_change,Isolation Forest,-84.0,833.0,0.7025915447616052,High
inventory_change|Isolation Forest|Dubai Distribution Center|2016-06-23 00:00:00|538,2016-06-23,Dubai Distribution Center,inventory_change,Isolation Forest,-84.0,1326.0,0.7021981621043779,High
transport_cost|Isolation Forest|National Freight Partners|2016-05-18 00:00:00|117579,2016-05-18,National Freight Partners,transport_cost,Isolation Forest,64.0,251.53,0.7020996373917421,High
transport_cost|Isolation Forest|Regional Express Co.|2017-05-04 00:00:00|137879,2017-05-04,Regional Express Co.,transport_cost,Isolation Forest,64.0,251.03,0.7020996373917421,High
transport_cost|Isolation Forest|National Freight Partners|2015-12-13 00:00:00|125112,2015-12-13,National Freight Partners,transport_cost,Isolation Forest,64.0,251.72,0.7020996373917421,High
transport_cost|Isolation Forest|Regional Express Co.|2017-05-28 00:00:00|105597,2017-05-28,Regional Express Co.,transport_cost,Isolation Forest,64.0,251.43,0.7020996373917421,High
transport_cost|Isolation Forest|Regional Express Co.|2015-06-02 00:00:00|69250,2015-06-02,Regional Express Co.,transport_cost,Isolation Forest,64.0,251.42,0.7020996373917421,High
transport_cost|Isolation Forest|National Freight Partners|2017-05-04 00:00:00|150868,2017-05-04,National Freight Partners,transport_cost,Isolation Forest,64.0,251.62,0.7020996373917421,High
transport_cost|Isolation Forest|National Freight Partners|2016-08-11 00:00:00|75281,2016-08-11,National Freight Partners,transport_cost,Isolation Forest,64.0,251.06,0.7020996373917421,High
transport_cost|Isolation Forest|Regional Express Co.|2017-08-23 00:00:00|27394,2017-08-23,Regional Express Co.,transport_cost,Isolation Forest,64.0,251.75,0.7020996373917421,High
transport_cost|Isolation Forest|Regional Express Co.|2015-10-18 00:00:00|16028,2015-10-18,Regional Express Co.,transport_cost,Isolation Forest,64.0,251.08,0.7020996373917421,High
transport_cost|Isolation Forest|National Freight Partners|2015-07-06 00:00:00|39182,2015-07-06,National Freight Partners,transport_cost,Isolation Forest,64.0,251.13,0.7020996373917421,High
transport_cost|Isolation Forest|Regional Express Co.|2015-11-03 00:00:00|29153,2015-11-03,Regional Express Co.,transport_cost,Isolation Forest,64.0,251.29,0.7020996373917421,High
transport_cost|Isolation Forest|Regional Express Co.|2015-04-10 00:00:00|169006,2015-04-10,Regional Express Co.,transport_cost,Isolation Forest,64.0,251.64,0.7020996373917421,High
transport_cost|Isolation Forest|Regional Express Co.|2015-07-10 00:00:00|157434,2015-07-10,Regional Express Co.,transport_cost,Isolation Forest,64.0,251.73,0.7020996373917421,High
transport_cost|Isolation Forest|National Freight Partners|2016-12-12 00:00:00|73372,2016-12-12,National Freight Partners,transport_cost,Isolation Forest,64.0,251.67,0.7020996373917421,High
transport_cost|Isolation Forest|National Freight Partners|2015-01-29 00:00:00|63915,2015-01-29,National Freight Partners,transport_cost,Isolation Forest,64.0,251.6,0.7020996373917421,High
transport_cost|Isolation Forest|National Freight Partners|2015-12-03 00:00:00|133323,2015-12-03,National Freight Partners,transport_cost,Isolation Forest,64.0,251.23,0.7020996373917421,High
transport_cost|Isolation Forest|Regional Express Co.|2015-09-18 00:00:00|44219,2015-09-18,Regional Express Co.,transport_cost,Isolation Forest,64.0,251.32,0.7020996373917421,High
transport_cost|Isolation Forest|Regional Express Co.|2017-07-27 00:00:00|116181,2017-07-27,Regional Express Co.,transport_cost,Isolation Forest,64.0,251.33,0.7020996373917421,High
transport_cost|Isolation Forest|Regional Express Co.|2017-09-19 00:00:00|71509,2017-09-19,Regional Express Co.,transport_cost,Isolation Forest,64.0,251.78,0.7020996373917421,High
transport_cost|Isolation Forest|Regional Express Co.|2016-12-11 00:00:00|177051,2016-12-11,Regional Express Co.,transport_cost,Isolation Forest,64.0,250.88,0.7020996373917421,High
transport_cost|Isolation Forest|National Freight Partners|2015-09-06 00:00:00|103562,2015-09-06,National Freight Partners,transport_cost,Isolation Forest,64.0,251.72,0.7020996373917421,High
transport_cost|Isolation Forest|National Freight Partners|2016-02-29 00:00:00|131577,2016-02-29,National Freight Partners,transport_cost,Isolation Forest,64.0,251.39,0.7020996373917421,High
transport_cost|Isolation Forest|National Freight Partners|2017-10-11 00:00:00|44213,2017-10-11,National Freight Partners,transport_cost,Isolation Forest,64.0,251.68,0.7020996373917421,High
transport_cost|Isolation Forest|National Freight Partners|2015-09-15 00:00:00|157199,2015-09-15,National Freight Partners,transport_cost,Isolation Forest,64.0,250.87,0.7020996373917421,High
transport_cost|Isolation Forest|Regional Express Co.|2017-05-12 00:00:00|50904,2017-05-12,Regional Express Co.,transport_cost,Isolation Forest,64.0,251.06,0.7020996373917421,High
transport_cost|Isolation Forest|National Freight Partners|2017-06-13 00:00:00|117700,2017-06-13,National Freight Partners,transport_cost,Isolation Forest,64.0,250.99,0.7020996373917421,High
transport_cost|Isolation Forest|National Freight Partners|2015-05-14 00:00:00|122384,2015-05-14,National Freight Partners,transport_cost,Isolation Forest,64.0,251.43,0.7020996373917421,High
transport_cost|Isolation Forest|National Freight Partners|2016-12-04 00:00:00|36397,2016-12-04,National Freight Partners,transport_cost,Isolation Forest,64.0,251.64,0.7020996373917421,High
transport_cost|Isolation Forest|National Freight Partners|2015-01-29 00:00:00|114407,2015-01-29,National Freight Partners,transport_cost,Isolation Forest,64.0,250.83,0.7020996373917421,High
transport_cost|Isolation Forest|Regional Express Co.|2017-05-04 00:00:00|18087,2017-05-04,Regional Express Co.,transport_cost,Isolation Forest,64.0,251.1,0.7020996373917421,High
transport_cost|Isolation Forest|Regional Express Co.|2017-04-13 00:00:00|165760,2017-04-13,Regional Express Co.,transport_cost,Isolation Forest,64.0,251.73,0.7020996373917421,High
transport_cost|Isolation Forest|Regional Express Co.|2016-04-25 00:00:00|20116,2016-04-25,Regional Express Co.,transport_cost,Isolation Forest,64.0,251.81,0.7020996373917421,High
transport_cost|Isolation Forest|Regional Express Co.|2017-07-08 00:00:00|165833,2017-07-08,Regional Express Co.,transport_cost,Isolation Forest,64.0,251.71,0.7020996373917421,High
transport_cost|Isolation Forest|National Freight Partners|2017-06-25 00:00:00|136989,2017-06-25,National Freight Partners,transport_cost,Isolation Forest,64.0,250.95,0.7020996373917421,High
transport_cost|Isolation Forest|Regional Express Co.|2016-01-21 00:00:00|132366,2016-01-21,Regional Express Co.,transport_cost,Isolation Forest,64.0,251.28,0.7020996373917421,High
transport_cost|Isolation Forest|Regional Express Co.|2015-02-25 00:00:00|122221,2015-02-25,Regional Express Co.,transport_cost,Isolation Forest,64.0,251.81,0.7020996373917421,High
inventory_change|Isolation Forest|Dubai Distribution Center|2017-04-01 00:00:00|820,2017-04-01,Dubai Distribution Center,inventory_change,Isolation Forest,-84.0,1395.0,0.7018785036816018,High
transport_cost|Isolation Forest|National Freight Partners|2017-10-17 00:00:00|19914,2017-10-17,National Freight Partners,transport_cost,Isolation Forest,64.0,250.65,0.7016247670487687,High
transport_cost|Isolation Forest|National Freight Partners|2015-09-26 00:00:00|176667,2015-09-26,National Freight Partners,transport_cost,Isolation Forest,64.0,250.68,0.7016247670487687,High
transport_cost|Isolation Forest|Regional Express Co.|2015-08-20 00:00:00|44666,2015-08-20,Regional Express Co.,transport_cost,Isolation Forest,64.0,250.64,0.7016247670487687,High
transport_cost|Isolation Forest|National Freight Partners|2017-12-14 00:00:00|97281,2017-12-14,National Freight Partners,transport_cost,Isolation Forest,64.0,250.8,0.7006759896919167,High
transport_cost|Isolation Forest|Regional Express Co.|2015-01-29 00:00:00|44339,2015-01-29,Regional Express Co.,transport_cost,Isolation Forest,64.0,250.8,0.7006759896919167,High
transport_cost|Isolation Forest|National Freight Partners|2016-10-27 00:00:00|16177,2016-10-27,National Freight Partners,transport_cost,Isolation Forest,64.0,250.77,0.7006759896919167,High
transport_cost|Isolation Forest|National Freight Partners|2017-05-04 00:00:00|17966,2017-05-04,National Freight Partners,transport_cost,Isolation Forest,64.0,250.72,0.7006759896919167,High
daily_sales|Isolation Forest|Network|2017-09-29 00:00:00|1002,2017-09-29,Network,daily_sales,Isolation Forest,122569.795,186199.29,0.699896930738027,High
inventory_change|Isolation Forest|Dubai Distribution Center|2016-02-15 00:00:00|409,2016-02-15,Dubai Distribution Center,inventory_change,Isolation Forest,-84.0,1394.0,0.6998266872997747,High
transport_cost|Isolation Forest|National Freight Partners|2016-08-10 00:00:00|124997,2016-08-10,National Freight Partners,transport_cost,Isolation Forest,64.0,250.2,0.6996303171301733,High
transport_cost|Isolation Forest|Regional Express Co.|2015-03-29 00:00:00|62962,2015-03-29,Regional Express Co.,transport_cost,Isolation Forest,64.0,250.51,0.6996303171301733,High
transport_cost|Isolation Forest|Regional Express Co.|2016-05-30 00:00:00|169066,2016-05-30,Regional Express Co.,transport_cost,Isolation Forest,64.0,250.18,0.6996303171301733,High
transport_cost|Isolation Forest|Regional Express Co.|2017-01-15 00:00:00|117504,2017-01-15,Regional Express Co.,transport_cost,Isolation Forest,64.0,250.51,0.6996303171301733,High
transport_cost|Isolation Forest|Regional Express Co.|2015-11-26 00:00:00|29145,2015-11-26,Regional Express Co.,transport_cost,Isolation Forest,64.0,250.13,0.6996303171301733,High
transport_cost|Isolation Forest|Regional Express Co.|2015-07-19 00:00:00|36191,2015-07-19,Regional Express Co.,transport_cost,Isolation Forest,64.0,250.2,0.6996303171301733,High
transport_cost|Isolation Forest|Regional Express Co.|2015-05-12 00:00:00|11317,2015-05-12,Regional Express Co.,transport_cost,Isolation Forest,64.0,250.52,0.6996303171301733,High
transport_cost|Isolation Forest|Regional Express Co.|2015-03-20 00:00:00|113443,2015-03-20,Regional Express Co.,transport_cost,Isolation Forest,64.0,250.17,0.6996303171301733,High
transport_cost|Isolation Forest|National Freight Partners|2017-02-08 00:00:00|56499,2017-02-08,National Freight Partners,transport_cost,Isolation Forest,64.0,250.21,0.6996303171301733,High
transport_cost|Isolation Forest|Regional Express Co.|2018-01-04 00:00:00|16083,2018-01-04,Regional Express Co.,transport_cost,Isolation Forest,64.0,250.16,0.6996303171301733,High
transport_cost|Isolation Forest|National Freight Partners|2015-04-05 00:00:00|36223,2015-04-05,National Freight Partners,transport_cost,Isolation Forest,64.0,250.58,0.6996303171301733,High
transport_cost|Isolation Forest|Regional Express Co.|2016-09-15 00:00:00|147606,2016-09-15,Regional Express Co.,transport_cost,Isolation Forest,64.0,250.55,0.6996303171301733,High
inventory_change|Isolation Forest|Dubai Distribution Center|2018-02-01 00:00:00|1126,2018-02-01,Dubai Distribution Center,inventory_change,Isolation Forest,-84.0,-409.0,0.6995611330717827,High
daily_sales|Isolation Forest|Network|2018-08-26 00:00:00|1333,2018-08-26,Network,daily_sales,Isolation Forest,122569.795,7989.97,0.6995487959454485,High
transport_cost|Isolation Forest|National Freight Partners|2015-04-07 00:00:00|117352,2015-04-07,National Freight Partners,transport_cost,Isolation Forest,64.0,250.46,0.6991571169304347,High
transport_cost|Isolation Forest|National Freight Partners|2017-07-12 00:00:00|54062,2017-07-12,National Freight Partners,transport_cost,Isolation Forest,64.0,250.48,0.6991571169304347,High
transport_cost|Isolation Forest|Regional Express Co.|2017-08-22 00:00:00|147,2017-08-22,Regional Express Co.,transport_cost,Isolation Forest,64.0,250.39,0.6991571169304347,High
transport_cost|Isolation Forest|Regional Express Co.|2015-07-14 00:00:00|117214,2015-07-14,Regional Express Co.,transport_cost,Isolation Forest,64.0,250.33,0.6991571169304347,High
transport_cost|Isolation Forest|National Freight Partners|2015-06-25 00:00:00|117512,2015-06-25,National Freight Partners,transport_cost,Isolation Forest,64.0,250.33,0.6991571169304347,High
transport_cost|Isolation Forest|National Freight Partners|2017-08-14 00:00:00|44176,2017-08-14,National Freight Partners,transport_cost,Isolation Forest,64.0,250.43,0.6991571169304347,High
transport_cost|Isolation Forest|Regional Express Co.|2015-02-27 00:00:00|113858,2015-02-27,Regional Express Co.,transport_cost,Isolation Forest,64.0,250.38,0.6991571169304347,High
inventory_change|Isolation Forest|Dubai Distribution Center|2017-08-17 00:00:00|958,2017-08-17,Dubai Distribution Center,inventory_change,Isolation Forest,-84.0,822.0,0.6987989076124826,High
transport_cost|Isolation Forest|Regional Express Co.|2016-04-12 00:00:00|117493,2016-04-12,Regional Express Co.,transport_cost,Isolation Forest,64.0,250.01,0.6977394357804597,High
transport_cost|Isolation Forest|National Freight Partners|2015-09-28 00:00:00|47913,2015-09-28,National Freight Partners,transport_cost,Isolation Forest,64.0,249.86,0.6977394357804597,High
transport_cost|Isolation Forest|National Freight Partners|2017-01-08 00:00:00|72961,2017-01-08,National Freight Partners,transport_cost,Isolation Forest,64.0,249.99,0.6977394357804597,High
transport_cost|Isolation Forest|National Freight Partners|2017-03-17 00:00:00|55934,2017-03-17,National Freight Partners,transport_cost,Isolation Forest,64.0,249.63,0.6977394357804597,High
transport_cost|Isolation Forest|National Freight Partners|2015-12-11 00:00:00|117556,2015-12-11,National Freight Partners,transport_cost,Isolation Forest,64.0,250.08,0.6977394357804597,High
transport_cost|Isolation Forest|Regional Express Co.|2015-02-21 00:00:00|122351,2015-02-21,Regional Express Co.,transport_cost,Isolation Forest,64.0,249.76,0.6977394357804597,High
transport_cost|Isolation Forest|Regional Express Co.|2015-12-08 00:00:00|133232,2015-12-08,Regional Express Co.,transport_cost,Isolation Forest,64.0,249.82,0.6977394357804597,High
transport_cost|Isolation Forest|Regional Express Co.|2016-09-04 00:00:00|19905,2016-09-04,Regional Express Co.,transport_cost,Isolation Forest,64.0,249.85,0.6977394357804597,High
transport_cost|Isolation Forest|National Freight Partners|2016-02-28 00:00:00|44624,2016-02-28,National Freight Partners,transport_cost,Isolation Forest,64.0,249.63,0.6977394357804597,High
transport_cost|Isolation Forest|Regional Express Co.|2015-01-12 00:00:00|114741,2015-01-12,Regional Express Co.,transport_cost,Isolation Forest,64.0,249.81,0.6977394357804597,High
transport_cost|Isolation Forest|National Freight Partners|2015-12-03 00:00:00|176813,2015-12-03,National Freight Partners,transport_cost,Isolation Forest,64.0,250.09,0.6977394357804597,High
transport_cost|Isolation Forest|National Freight Partners|2017-07-08 00:00:00|176710,2017-07-08,National Freight Partners,transport_cost,Isolation Forest,64.0,249.85,0.6977394357804597,High
transport_cost|Isolation Forest|National Freight Partners|2015-11-03 00:00:00|142582,2015-11-03,National Freight Partners,transport_cost,Isolation Forest,64.0,249.92,0.6977394357804597,High
transport_cost|Isolation Forest|Regional Express Co.|2017-03-27 00:00:00|106831,2017-03-27,Regional Express Co.,transport_cost,Isolation Forest,64.0,249.65,0.6977394357804597,High
transport_cost|Isolation Forest|National Freight Partners|2016-05-22 00:00:00|36183,2016-05-22,National Freight Partners,transport_cost,Isolation Forest,64.0,249.9,0.6977394357804597,High
transport_cost|Isolation Forest|Regional Express Co.|2016-07-23 00:00:00|36377,2016-07-23,Regional Express Co.,transport_cost,Isolation Forest,64.0,249.85,0.6977394357804597,High
transport_cost|Isolation Forest|Regional Express Co.|2016-04-24 00:00:00|140392,2016-04-24,Regional Express Co.,transport_cost,Isolation Forest,64.0,249.92,0.6977394357804597,High
transport_cost|Isolation Forest|Regional Express Co.|2016-12-24 00:00:00|117435,2016-12-24,Regional Express Co.,transport_cost,Isolation Forest,64.0,249.61,0.6977394357804597,High
transport_cost|Isolation Forest|National Freight Partners|2015-09-06 00:00:00|44164,2015-09-06,National Freight Partners,transport_cost,Isolation Forest,64.0,249.7,0.6977394357804597,High
transport_cost|Isolation Forest|National Freight Partners|2015-08-21 00:00:00|44204,2015-08-21,National Freight Partners,transport_cost,Isolation Forest,64.0,249.96,0.6977394357804597,High
transport_cost|Isolation Forest|Regional Express Co.|2015-04-10 00:00:00|16077,2015-04-10,Regional Express Co.,transport_cost,Isolation Forest,64.0,249.88,0.6977394357804597,High
transport_cost|Isolation Forest|National Freight Partners|2016-08-20 00:00:00|148034,2016-08-20,National Freight Partners,transport_cost,Isolation Forest,64.0,249.73,0.6977394357804597,High
daily_sales|Isolation Forest|Network|2017-05-22 00:00:00|872,2017-05-22,Network,daily_sales,Isolation Forest,122569.795,184564.0,0.6975332276886053,High
transport_cost|Isolation Forest|Regional Express Co.|2017-02-19 00:00:00|69271,2017-02-19,Regional Express Co.,transport_cost,Isolation Forest,64.0,249.16,0.6972675144924698,High
transport_cost|Isolation Forest|Regional Express Co.|2015-03-27 00:00:00|104616,2015-03-27,Regional Express Co.,transport_cost,Isolation Forest,64.0,249.09,0.6972675144924698,High
transport_cost|Isolation Forest|Regional Express Co.|2016-01-05 00:00:00|97406,2016-01-05,Regional Express Co.,transport_cost,Isolation Forest,64.0,249.38,0.6972675144924698,High
transport_cost|Isolation Forest|National Freight Partners|2015-11-30 00:00:00|39122,2015-11-30,National Freight Partners,transport_cost,Isolation Forest,64.0,249.22,0.6972675144924698,High
transport_cost|Isolation Forest|Regional Express Co.|2016-10-05 00:00:00|147262,2016-10-05,Regional Express Co.,transport_cost,Isolation Forest,64.0,249.51,0.6972675144924698,High
transport_cost|Isolation Forest|Regional Express Co.|2017-07-04 00:00:00|157489,2017-07-04,Regional Express Co.,transport_cost,Isolation Forest,64.0,249.2,0.6972675144924698,High
transport_cost|Isolation Forest|National Freight Partners|2016-08-13 00:00:00|122264,2016-08-13,National Freight Partners,transport_cost,Isolation Forest,64.0,249.29,0.6972675144924698,High
transport_cost|Isolation Forest|National Freight Partners|2017-05-11 00:00:00|55050,2017-05-11,National Freight Partners,transport_cost,Isolation Forest,64.0,249.37,0.6972675144924698,High
transport_cost|Isolation Forest|National Freight Partners|2017-11-15 00:00:00|71608,2017-11-15,National Freight Partners,transport_cost,Isolation Forest,64.0,248.95,0.6972675144924698,High
transport_cost|Isolation Forest|Regional Express Co.|2015-10-05 00:00:00|143144,2015-10-05,Regional Express Co.,transport_cost,Isolation Forest,64.0,249.24,0.6972675144924698,High
transport_cost|Isolation Forest|Regional Express Co.|2015-04-13 00:00:00|44296,2015-04-13,Regional Express Co.,transport_cost,Isolation Forest,64.0,249.27,0.6972675144924698,High
transport_cost|Isolation Forest|National Freight Partners|2015-01-18 00:00:00|157225,2015-01-18,National Freight Partners,transport_cost,Isolation Forest,64.0,249.14,0.6972675144924698,High
transport_cost|Isolation Forest|Regional Express Co.|2017-06-01 00:00:00|105499,2017-06-01,Regional Express Co.,transport_cost,Isolation Forest,64.0,249.1,0.6972675144924698,High
transport_cost|Isolation Forest|Regional Express Co.|2016-03-29 00:00:00|80255,2016-03-29,Regional Express Co.,transport_cost,Isolation Forest,64.0,248.98,0.6972675144924698,High
transport_cost|Isolation Forest|National Freight Partners|2016-05-02 00:00:00|79764,2016-05-02,National Freight Partners,transport_cost,Isolation Forest,64.0,249.22,0.6972675144924698,High
transport_cost|Isolation Forest|National Freight Partners|2017-07-19 00:00:00|19953,2017-07-19,National Freight Partners,transport_cost,Isolation Forest,64.0,249.13,0.6972675144924698,High
transport_cost|Isolation Forest|Regional Express Co.|2017-05-07 00:00:00|117353,2017-05-07,Regional Express Co.,transport_cost,Isolation Forest,64.0,249.22,0.6972675144924698,High
transport_cost|Isolation Forest|Regional Express Co.|2015-09-28 00:00:00|117528,2015-09-28,Regional Express Co.,transport_cost,Isolation Forest,64.0,249.28,0.6972675144924698,High
transport_cost|Isolation Forest|Regional Express Co.|2016-06-06 00:00:00|71637,2016-06-06,Regional Express Co.,transport_cost,Isolation Forest,64.0,249.58,0.6967959123919741,High
transport_cost|Isolation Forest|National Freight Partners|2016-08-11 00:00:00|151084,2016-08-11,National Freight Partners,transport_cost,Isolation Forest,64.0,249.59,0.6967959123919741,High
daily_sales|Isolation Forest|Network|2018-07-07 00:00:00|1283,2018-07-07,Network,daily_sales,Isolation Forest,122569.795,8985.82,0.6962434932583424,High
transport_cost|Isolation Forest|National Freight Partners|2017-09-10 00:00:00|117273,2017-09-10,National Freight Partners,transport_cost,Isolation Forest,64.0,248.81,0.6958536648900717,High
transport_cost|Isolation Forest|Regional Express Co.|2016-01-05 00:00:00|97439,2016-01-05,Regional Express Co.,transport_cost,Isolation Forest,64.0,248.82,0.6958536648900717,High
transport_cost|Isolation Forest|National Freight Partners|2017-09-30 00:00:00|27384,2017-09-30,National Freight Partners,transport_cost,Isolation Forest,64.0,248.8,0.6958536648900717,High
transport_cost|Isolation Forest|National Freight Partners|2016-09-17 00:00:00|44873,2016-09-17,National Freight Partners,transport_cost,Isolation Forest,64.0,248.88,0.6958536648900717,High
transport_cost|Isolation Forest|National Freight Partners|2016-11-02 00:00:00|17983,2016-11-02,National Freight Partners,transport_cost,Isolation Forest,64.0,248.89,0.6958536648900717,High
transport_cost|Isolation Forest|National Freight Partners|2015-11-26 00:00:00|133457,2015-11-26,National Freight Partners,transport_cost,Isolation Forest,64.0,248.3,0.6953830190573332,High
transport_cost|Isolation Forest|National Freight Partners|2015-12-17 00:00:00|48260,2015-12-17,National Freight Partners,transport_cost,Isolation Forest,64.0,248.3,0.6953830190573332,High
transport_cost|Isolation Forest|National Freight Partners|2016-06-01 00:00:00|79269,2016-06-01,National Freight Partners,transport_cost,Isolation Forest,64.0,248.47,0.6953830190573332,High
transport_cost|Isolation Forest|Regional Express Co.|2016-12-24 00:00:00|71598,2016-12-24,Regional Express Co.,transport_cost,Isolation Forest,64.0,248.4,0.6953830190573332,High
transport_cost|Isolation Forest|Regional Express Co.|2017-03-06 00:00:00|107248,2017-03-06,Regional Express Co.,transport_cost,Isolation Forest,64.0,248.49,0.6953830190573332,High
transport_cost|Isolation Forest|National Freight Partners|2016-01-22 00:00:00|44374,2016-01-22,National Freight Partners,transport_cost,Isolation Forest,64.0,248.63,0.6953830190573332,High
transport_cost|Isolation Forest|National Freight Partners|2016-01-10 00:00:00|132579,2016-01-10,National Freight Partners,transport_cost,Isolation Forest,64.0,248.39,0.6953830190573332,High
transport_cost|Isolation Forest|Regional Express Co.|2016-09-21 00:00:00|172833,2016-09-21,Regional Express Co.,transport_cost,Isolation Forest,64.0,248.59,0.6953830190573332,High
transport_cost|Isolation Forest|Regional Express Co.|2017-04-17 00:00:00|44258,2017-04-17,Regional Express Co.,transport_cost,Isolation Forest,64.0,248.61,0.6953830190573332,High
transport_cost|Isolation Forest|National Freight Partners|2016-03-23 00:00:00|117780,2016-03-23,National Freight Partners,transport_cost,Isolation Forest,64.0,248.44,0.6953830190573332,High
transport_cost|Isolation Forest|Regional Express Co.|2016-05-04 00:00:00|152780,2016-05-04,Regional Express Co.,transport_cost,Isolation Forest,64.0,248.37,0.6953830190573332,High
transport_cost|Isolation Forest|National Freight Partners|2015-08-12 00:00:00|48220,2015-08-12,National Freight Partners,transport_cost,Isolation Forest,64.0,248.61,0.6953830190573332,High
transport_cost|Isolation Forest|Regional Express Co.|2016-02-19 00:00:00|4075,2016-02-19,Regional Express Co.,transport_cost,Isolation Forest,64.0,248.46,0.6953830190573332,High
transport_cost|Isolation Forest|National Freight Partners|2015-12-17 00:00:00|122300,2015-12-17,National Freight Partners,transport_cost,Isolation Forest,64.0,248.14,0.6953830190573332,High
transport_cost|Isolation Forest|Regional Express Co.|2017-04-29 00:00:00|36342,2017-04-29,Regional Express Co.,transport_cost,Isolation Forest,64.0,248.44,0.6953830190573332,High
transport_cost|Isolation Forest|Regional Express Co.|2016-07-31 00:00:00|48074,2016-07-31,Regional Express Co.,transport_cost,Isolation Forest,64.0,248.62,0.6953830190573332,High
transport_cost|Isolation Forest|Regional Express Co.|2016-03-22 00:00:00|29141,2016-03-22,Regional Express Co.,transport_cost,Isolation Forest,64.0,248.7,0.6953830190573332,High
transport_cost|Isolation Forest|Regional Express Co.|2017-12-01 00:00:00|141741,2017-12-01,Regional Express Co.,transport_cost,Isolation Forest,64.0,248.45,0.6953830190573332,High
transport_cost|Isolation Forest|National Freight Partners|2015-09-28 00:00:00|103252,2015-09-28,National Freight Partners,transport_cost,Isolation Forest,64.0,248.7,0.6953830190573332,High
transport_cost|Isolation Forest|National Freight Partners|2016-01-09 00:00:00|81433,2016-01-09,National Freight Partners,transport_cost,Isolation Forest,64.0,248.45,0.6953830190573332,High
transport_cost|Isolation Forest|National Freight Partners|2017-04-03 00:00:00|55656,2017-04-03,National Freight Partners,transport_cost,Isolation Forest,64.0,248.72,0.6953830190573332,High
inventory_change|Isolation Forest|Dubai Distribution Center|2017-02-06 00:00:00|766,2017-02-06,Dubai Distribution Center,inventory_change,Isolation Forest,-84.0,821.0,0.695026743377747,High
transport_cost|Isolation Forest|Regional Express Co.|2017-01-28 00:00:00|71519,2017-01-28,Regional Express Co.,transport_cost,Isolation Forest,64.0,248.21,0.6949126915494251,High
transport_cost|Isolation Forest|National Freight Partners|2016-02-29 00:00:00|48310,2016-02-29,National Freight Partners,transport_cost,Isolation Forest,64.0,248.1,0.6949126915494251,High
transport_cost|Isolation Forest|Regional Express Co.|2017-07-24 00:00:00|116224,2017-07-24,Regional Express Co.,transport_cost,Isolation Forest,64.0,247.92,0.6949126915494251,High
transport_cost|Isolation Forest|Regional Express Co.|2016-09-15 00:00:00|19906,2016-09-15,Regional Express Co.,transport_cost,Isolation Forest,64.0,248.2,0.6949126915494251,High
transport_cost|Isolation Forest|National Freight Partners|2017-09-13 00:00:00|140333,2017-09-13,National Freight Partners,transport_cost,Isolation Forest,64.0,248.13,0.6949126915494251,High
transport_cost|Isolation Forest|Regional Express Co.|2017-07-03 00:00:00|59476,2017-07-03,Regional Express Co.,transport_cost,Isolation Forest,64.0,247.9,0.6949126915494251,High
transport_cost|Isolation Forest|National Freight Partners|2016-09-06 00:00:00|117510,2016-09-06,National Freight Partners,transport_cost,Isolation Forest,64.0,247.95,0.6949126915494251,High
transport_cost|Isolation Forest|Regional Express Co.|2015-04-10 00:00:00|117681,2015-04-10,Regional Express Co.,transport_cost,Isolation Forest,64.0,248.04,0.6949126915494251,High
transport_cost|Isolation Forest|Regional Express Co.|2016-07-16 00:00:00|100005,2016-07-16,Regional Express Co.,transport_cost,Isolation Forest,64.0,248.18,0.6949126915494251,High
transport_cost|Isolation Forest|National Freight Partners|2016-05-02 00:00:00|39249,2016-05-02,National Freight Partners,transport_cost,Isolation Forest,64.0,247.76,0.6944426821510462,High
transport_cost|Isolation Forest|National Freight Partners|2015-05-20 00:00:00|18064,2015-05-20,National Freight Partners,transport_cost,Isolation Forest,64.0,247.55,0.6944426821510462,High
transport_cost|Isolation Forest|National Freight Partners|2015-02-19 00:00:00|117398,2015-02-19,National Freight Partners,transport_cost,Isolation Forest,64.0,247.74,0.6944426821510462,High
transport_cost|Isolation Forest|Regional Express Co.|2017-12-15 00:00:00|16095,2017-12-15,Regional Express Co.,transport_cost,Isolation Forest,64.0,247.71,0.6944426821510462,High
transport_cost|Isolation Forest|National Freight Partners|2017-09-26 00:00:00|36326,2017-09-26,National Freight Partners,transport_cost,Isolation Forest,64.0,247.83,0.6944426821510462,High
transport_cost|Isolation Forest|Regional Express Co.|2017-10-08 00:00:00|47868,2017-10-08,Regional Express Co.,transport_cost,Isolation Forest,64.0,247.59,0.6944426821510462,High
transport_cost|Isolation Forest|National Freight Partners|2016-02-21 00:00:00|117463,2016-02-21,National Freight Partners,transport_cost,Isolation Forest,64.0,247.77,0.6944426821510462,High
transport_cost|Isolation Forest|Regional Express Co.|2015-01-16 00:00:00|117764,2015-01-16,Regional Express Co.,transport_cost,Isolation Forest,64.0,247.31,0.6935036168223978,High
transport_cost|Isolation Forest|National Freight Partners|2016-09-01 00:00:00|74946,2016-09-01,National Freight Partners,transport_cost,Isolation Forest,64.0,247.35,0.6935036168223978,High
transport_cost|Isolation Forest|National Freight Partners|2016-12-06 00:00:00|117225,2016-12-06,National Freight Partners,transport_cost,Isolation Forest,64.0,247.49,0.6935036168223978,High
transport_cost|Isolation Forest|National Freight Partners|2015-12-16 00:00:00|133081,2015-12-16,National Freight Partners,transport_cost,Isolation Forest,64.0,246.83,0.6930345604622533,High
transport_cost|Isolation Forest|Regional Express Co.|2016-09-20 00:00:00|69131,2016-09-20,Regional Express Co.,transport_cost,Isolation Forest,64.0,246.8,0.6930345604622533,High
transport_cost|Isolation Forest|National Freight Partners|2015-03-02 00:00:00|177027,2015-03-02,National Freight Partners,transport_cost,Isolation Forest,64.0,246.93,0.6930345604622533,High
transport_cost|Isolation Forest|National Freight Partners|2017-07-02 00:00:00|54251,2017-07-02,National Freight Partners,transport_cost,Isolation Forest,64.0,246.84,0.6930345604622533,High
transport_cost|Isolation Forest|Regional Express Co.|2017-11-15 00:00:00|122255,2017-11-15,Regional Express Co.,transport_cost,Isolation Forest,64.0,246.93,0.6930345604622533,High
transport_cost|Isolation Forest|Regional Express Co.|2015-08-20 00:00:00|44110,2015-08-20,Regional Express Co.,transport_cost,Isolation Forest,64.0,247.09,0.6930345604622533,High
transport_cost|Isolation Forest|National Freight Partners|2015-12-28 00:00:00|11356,2015-12-28,National Freight Partners,transport_cost,Isolation Forest,64.0,247.0,0.6930345604622533,High
transport_cost|Isolation Forest|National Freight Partners|2015-01-29 00:00:00|117689,2015-01-29,National Freight Partners,transport_cost,Isolation Forest,64.0,247.17,0.6930345604622533,High
transport_cost|Isolation Forest|Regional Express Co.|2015-07-24 00:00:00|157316,2015-07-24,Regional Express Co.,transport_cost,Isolation Forest,64.0,247.16,0.6930345604622533,High
transport_cost|Isolation Forest|National Freight Partners|2017-04-17 00:00:00|138177,2017-04-17,National Freight Partners,transport_cost,Isolation Forest,64.0,246.96,0.6930345604622533,High
transport_cost|Isolation Forest|National Freight Partners|2016-01-05 00:00:00|117636,2016-01-05,National Freight Partners,transport_cost,Isolation Forest,64.0,247.19,0.6930345604622533,High
transport_cost|Isolation Forest|Regional Express Co.|2015-10-26 00:00:00|48043,2015-10-26,Regional Express Co.,transport_cost,Isolation Forest,64.0,247.16,0.6930345604622533,High
transport_cost|Isolation Forest|National Freight Partners|2015-07-05 00:00:00|144848,2015-07-05,National Freight Partners,transport_cost,Isolation Forest,64.0,247.16,0.6930345604622533,High
transport_cost|Isolation Forest|National Freight Partners|2017-04-09 00:00:00|20006,2017-04-09,National Freight Partners,transport_cost,Isolation Forest,64.0,246.78,0.6930345604622533,High
transport_cost|Isolation Forest|Regional Express Co.|2016-04-18 00:00:00|39250,2016-04-18,Regional Express Co.,transport_cost,Isolation Forest,64.0,247.13,0.6930345604622533,High
transport_cost|Isolation Forest|National Freight Partners|2016-02-21 00:00:00|117443,2016-02-21,National Freight Partners,transport_cost,Isolation Forest,64.0,246.99,0.6930345604622533,High
transport_cost|Isolation Forest|Regional Express Co.|2016-08-24 00:00:00|117491,2016-08-24,Regional Express Co.,transport_cost,Isolation Forest,64.0,246.89,0.6930345604622533,High
transport_cost|Isolation Forest|National Freight Partners|2016-07-23 00:00:00|169060,2016-07-23,National Freight Partners,transport_cost,Isolation Forest,64.0,246.89,0.6930345604622533,High
transport_cost|Isolation Forest|Regional Express Co.|2015-02-28 00:00:00|122208,2015-02-28,Regional Express Co.,transport_cost,Isolation Forest,64.0,246.86,0.6930345604622533,High
daily_sales|Isolation Forest|Network|2018-08-24 00:00:00|1331,2018-08-24,Network,daily_sales,Isolation Forest,122569.795,9537.28,0.6929427129443914,High
transport_cost|Isolation Forest|National Freight Partners|2017-06-16 00:00:00|165807,2017-06-16,National Freight Partners,transport_cost,Isolation Forest,64.0,246.72,0.6925658213518876,High
transport_cost|Isolation Forest|National Freight Partners|2015-07-26 00:00:00|104216,2015-07-26,National Freight Partners,transport_cost,Isolation Forest,64.0,245.79,0.6921668669060878,High
transport_cost|Isolation Forest|National Freight Partners|2015-04-01 00:00:00|71518,2015-04-01,National Freight Partners,transport_cost,Isolation Forest,64.0,245.78,0.6921668669060878,High
transport_cost|Isolation Forest|Regional Express Co.|2017-07-23 00:00:00|51243,2017-07-23,Regional Express Co.,transport_cost,Isolation Forest,64.0,245.76,0.6921668669060878,High
transport_cost|Isolation Forest|National Freight Partners|2016-10-23 00:00:00|48212,2016-10-23,National Freight Partners,transport_cost,Isolation Forest,64.0,246.08,0.6920973992767263,High
transport_cost|Isolation Forest|National Freight Partners|2017-02-10 00:00:00|44350,2017-02-10,National Freight Partners,transport_cost,Isolation Forest,64.0,246.41,0.6920973992767263,High
transport_cost|Isolation Forest|National Freight Partners|2016-05-01 00:00:00|48076,2016-05-01,National Freight Partners,transport_cost,Isolation Forest,64.0,246.5,0.6920973992767263,High
transport_cost|Isolation Forest|National Freight Partners|2015-08-12 00:00:00|144120,2015-08-12,National Freight Partners,transport_cost,Isolation Forest,64.0,246.61,0.6920973992767263,High
transport_cost|Isolation Forest|National Freight Partners|2015-08-21 00:00:00|117271,2015-08-21,National Freight Partners,transport_cost,Isolation Forest,64.0,246.43,0.6920973992767263,High
transport_cost|Isolation Forest|National Freight Partners|2016-05-04 00:00:00|150878,2016-05-04,National Freight Partners,transport_cost,Isolation Forest,64.0,246.61,0.6920973992767263,High
transport_cost|Isolation Forest|National Freight Partners|2015-06-21 00:00:00|141695,2015-06-21,National Freight Partners,transport_cost,Isolation Forest,64.0,246.04,0.6920973992767263,High
transport_cost|Isolation Forest|National Freight Partners|2016-10-23 00:00:00|48094,2016-10-23,National Freight Partners,transport_cost,Isolation Forest,64.0,246.34,0.6920973992767263,High
transport_cost|Isolation Forest|National Freight Partners|2016-02-21 00:00:00|80793,2016-02-21,National Freight Partners,transport_cost,Isolation Forest,64.0,246.33,0.6920973992767263,High
transport_cost|Isolation Forest|Regional Express Co.|2016-10-14 00:00:00|117507,2016-10-14,Regional Express Co.,transport_cost,Isolation Forest,64.0,245.93,0.6920973992767263,High
transport_cost|Isolation Forest|National Freight Partners|2017-08-02 00:00:00|78262,2017-08-02,National Freight Partners,transport_cost,Isolation Forest,64.0,246.13,0.6920973992767263,High
transport_cost|Isolation Forest|National Freight Partners|2015-08-04 00:00:00|39261,2015-08-04,National Freight Partners,transport_cost,Isolation Forest,64.0,246.11,0.6920973992767263,High
transport_cost|Isolation Forest|Regional Express Co.|2016-10-29 00:00:00|62937,2016-10-29,Regional Express Co.,transport_cost,Isolation Forest,64.0,246.12,0.6920973992767263,High
transport_cost|Isolation Forest|Regional Express Co.|2016-11-29 00:00:00|97326,2016-11-29,Regional Express Co.,transport_cost,Isolation Forest,64.0,246.6,0.6920973992767263,High
transport_cost|Isolation Forest|National Freight Partners|2015-11-04 00:00:00|20098,2015-11-04,National Freight Partners,transport_cost,Isolation Forest,64.0,246.57,0.6920973992767263,High
transport_cost|Isolation Forest|National Freight Partners|2016-03-31 00:00:00|117465,2016-03-31,National Freight Partners,transport_cost,Isolation Forest,64.0,246.0,0.6920973992767263,High
transport_cost|Isolation Forest|Regional Express Co.|2017-08-27 00:00:00|33031,2017-08-27,Regional Express Co.,transport_cost,Isolation Forest,64.0,246.2,0.6920973992767263,High
transport_cost|Isolation Forest|National Freight Partners|2015-04-10 00:00:00|36346,2015-04-10,National Freight Partners,transport_cost,Isolation Forest,64.0,246.3,0.6920973992767263,High
transport_cost|Isolation Forest|National Freight Partners|2017-07-08 00:00:00|48162,2017-07-08,National Freight Partners,transport_cost,Isolation Forest,64.0,245.91,0.6920973992767263,High
transport_cost|Isolation Forest|National Freight Partners|2015-06-04 00:00:00|122182,2015-06-04,National Freight Partners,transport_cost,Isolation Forest,64.0,246.12,0.6920973992767263,High
transport_cost|Isolation Forest|Regional Express Co.|2015-10-06 00:00:00|5734,2015-10-06,Regional Express Co.,transport_cost,Isolation Forest,64.0,245.95,0.6920973992767263,High
transport_cost|Isolation Forest|National Freight Partners|2016-04-12 00:00:00|130788,2016-04-12,National Freight Partners,transport_cost,Isolation Forest,64.0,246.1,0.6920973992767263,High
transport_cost|Isolation Forest|National Freight Partners|2016-10-29 00:00:00|44392,2016-10-29,National Freight Partners,transport_cost,Isolation Forest,64.0,246.42,0.6920973992767263,High
transport_cost|Isolation Forest|Regional Express Co.|2016-07-16 00:00:00|157310,2016-07-16,Regional Express Co.,transport_cost,Isolation Forest,64.0,246.0,0.6920973992767263,High
transport_cost|Isolation Forest|National Freight Partners|2015-10-10 00:00:00|143046,2015-10-10,National Freight Partners,transport_cost,Isolation Forest,64.0,246.46,0.6920973992767263,High
transport_cost|Isolation Forest|Regional Express Co.|2016-01-15 00:00:00|117787,2016-01-15,Regional Express Co.,transport_cost,Isolation Forest,64.0,245.68,0.691698714666751,High
transport_cost|Isolation Forest|Regional Express Co.|2016-12-26 00:00:00|48319,2016-12-26,Regional Express Co.,transport_cost,Isolation Forest,64.0,245.62,0.691698714666751,High
transport_cost|Isolation Forest|National Freight Partners|2015-10-05 00:00:00|36336,2015-10-05,National Freight Partners,transport_cost,Isolation Forest,64.0,245.72,0.691698714666751,High
daily_sales|Isolation Forest|Network|2018-08-25 00:00:00|1332,2018-08-25,Network,daily_sales,Isolation Forest,122569.795,10493.44,0.6915376327437252,High
transport_cost|Isolation Forest|Regional Express Co.|2015-10-11 00:00:00|176654,2015-10-11,Regional Express Co.,transport_cost,Isolation Forest,64.0,245.59,0.691230879065684,High
transport_cost|Isolation Forest|National Freight Partners|2016-12-20 00:00:00|71450,2016-12-20,National Freight Partners,transport_cost,Isolation Forest,64.0,245.6,0.691230879065684,High
transport_cost|Isolation Forest|National Freight Partners|2016-08-15 00:00:00|62986,2016-08-15,National Freight Partners,transport_cost,Isolation Forest,64.0,245.4,0.691230879065684,High
transport_cost|Isolation Forest|Regional Express Co.|2017-01-24 00:00:00|124942,2017-01-24,Regional Express Co.,transport_cost,Isolation Forest,64.0,245.53,0.691230879065684,High
transport_cost|Isolation Forest|National Freight Partners|2016-07-06 00:00:00|100184,2016-07-06,National Freight Partners,transport_cost,Isolation Forest,64.0,245.56,0.691230879065684,High
transport_cost|Isolation Forest|National Freight Partners|2016-03-20 00:00:00|48311,2016-03-20,National Freight Partners,transport_cost,Isolation Forest,64.0,245.51,0.691230879065684,High
transport_cost|Isolation Forest|National Freight Partners|2017-07-19 00:00:00|71468,2017-07-19,National Freight Partners,transport_cost,Isolation Forest,64.0,245.84,0.691230879065684,High
transport_cost|Isolation Forest|Regional Express Co.|2017-10-23 00:00:00|122193,2017-10-23,Regional Express Co.,transport_cost,Isolation Forest,64.0,245.48,0.691230879065684,High
transport_cost|Isolation Forest|National Freight Partners|2016-03-28 00:00:00|169178,2016-03-28,National Freight Partners,transport_cost,Isolation Forest,64.0,245.54,0.691230879065684,High
transport_cost|Isolation Forest|Regional Express Co.|2015-07-26 00:00:00|39189,2015-07-26,Regional Express Co.,transport_cost,Isolation Forest,64.0,245.49,0.691230879065684,High
transport_cost|Isolation Forest|Regional Express Co.|2016-12-30 00:00:00|73145,2016-12-30,Regional Express Co.,transport_cost,Isolation Forest,64.0,245.89,0.691230879065684,High
transport_cost|Isolation Forest|Regional Express Co.|2016-07-26 00:00:00|151345,2016-07-26,Regional Express Co.,transport_cost,Isolation Forest,64.0,245.13,0.6898292699512201,High
daily_sales|Isolation Forest|Network|2017-09-11 00:00:00|984,2017-09-11,Network,daily_sales,Isolation Forest,122569.795,182147.94,0.689693065833704,High
transport_cost|Isolation Forest|National Freight Partners|2017-04-13 00:00:00|165758,2017-04-13,National Freight Partners,transport_cost,Isolation Forest,64.0,244.77,0.689362698763074,High
transport_cost|Isolation Forest|Regional Express Co.|2017-08-20 00:00:00|44703,2017-08-20,Regional Express Co.,transport_cost,Isolation Forest,64.0,245.34,0.689362698763074,High
transport_cost|Isolation Forest|National Freight Partners|2016-07-08 00:00:00|141774,2016-07-08,National Freight Partners,transport_cost,Isolation Forest,64.0,244.77,0.689362698763074,High
transport_cost|Isolation Forest|Regional Express Co.|2017-07-03 00:00:00|150526,2017-07-03,Regional Express Co.,transport_cost,Isolation Forest,64.0,244.69,0.689362698763074,High
transport_cost|Isolation Forest|Regional Express Co.|2015-11-15 00:00:00|142342,2015-11-15,Regional Express Co.,transport_cost,Isolation Forest,64.0,244.71,0.689362698763074,High
transport_cost|Isolation Forest|Regional Express Co.|2016-05-13 00:00:00|44758,2016-05-13,Regional Express Co.,transport_cost,Isolation Forest,64.0,244.8,0.689362698763074,High
transport_cost|Isolation Forest|National Freight Partners|2017-11-29 00:00:00|165790,2017-11-29,National Freight Partners,transport_cost,Isolation Forest,64.0,244.85,0.689362698763074,High
transport_cost|Isolation Forest|Regional Express Co.|2016-05-04 00:00:00|42775,2016-05-04,Regional Express Co.,transport_cost,Isolation Forest,64.0,244.7,0.689362698763074,High
transport_cost|Isolation Forest|National Freight Partners|2016-09-20 00:00:00|39155,2016-09-20,National Freight Partners,transport_cost,Isolation Forest,64.0,244.68,0.689362698763074,High
transport_cost|Isolation Forest|National Freight Partners|2017-07-09 00:00:00|168979,2017-07-09,National Freight Partners,transport_cost,Isolation Forest,64.0,244.7,0.689362698763074,High
transport_cost|Isolation Forest|Regional Express Co.|2017-06-03 00:00:00|141790,2017-06-03,Regional Express Co.,transport_cost,Isolation Forest,64.0,245.23,0.689362698763074,High
transport_cost|Isolation Forest|Regional Express Co.|2015-02-21 00:00:00|150839,2015-02-21,Regional Express Co.,transport_cost,Isolation Forest,64.0,245.09,0.689362698763074,High
transport_cost|Isolation Forest|Regional Express Co.|2017-02-18 00:00:00|44232,2017-02-18,Regional Express Co.,transport_cost,Isolation Forest,64.0,245.25,0.689362698763074,High
transport_cost|Isolation Forest|National Freight Partners|2016-05-13 00:00:00|117487,2016-05-13,National Freight Partners,transport_cost,Isolation Forest,64.0,244.67,0.689362698763074,High
transport_cost|Isolation Forest|Regional Express Co.|2017-02-15 00:00:00|110487,2017-02-15,Regional Express Co.,transport_cost,Isolation Forest,64.0,244.76,0.689362698763074,High
transport_cost|Isolation Forest|Regional Express Co.|2017-06-20 00:00:00|71739,2017-06-20,Regional Express Co.,transport_cost,Isolation Forest,64.0,245.23,0.689362698763074,High
transport_cost|Isolation Forest|Regional Express Co.|2015-02-09 00:00:00|18739,2015-02-09,Regional Express Co.,transport_cost,Isolation Forest,64.0,244.77,0.689362698763074,High
transport_cost|Isolation Forest|National Freight Partners|2015-07-24 00:00:00|18083,2015-07-24,National Freight Partners,transport_cost,Isolation Forest,64.0,244.79,0.689362698763074,High
transport_cost|Isolation Forest|Regional Express Co.|2015-07-04 00:00:00|18055,2015-07-04,Regional Express Co.,transport_cost,Isolation Forest,64.0,244.8,0.689362698763074,High
transport_cost|Isolation Forest|National Freight Partners|2017-04-21 00:00:00|106331,2017-04-21,National Freight Partners,transport_cost,Isolation Forest,64.0,245.16,0.689362698763074,High
transport_cost|Isolation Forest|Regional Express Co.|2016-04-22 00:00:00|175776,2016-04-22,Regional Express Co.,transport_cost,Isolation Forest,64.0,244.78,0.689362698763074,High
transport_cost|Isolation Forest|Regional Express Co.|2016-08-03 00:00:00|99646,2016-08-03,Regional Express Co.,transport_cost,Isolation Forest,64.0,244.73,0.689362698763074,High
transport_cost|Isolation Forest|Regional Express Co.|2015-03-02 00:00:00|176747,2015-03-02,Regional Express Co.,transport_cost,Isolation Forest,64.0,244.83,0.689362698763074,High
transport_cost|Isolation Forest|Regional Express Co.|2017-05-15 00:00:00|70583,2017-05-15,Regional Express Co.,transport_cost,Isolation Forest,64.0,244.75,0.689362698763074,High
transport_cost|Isolation Forest|Regional Express Co.|2016-02-16 00:00:00|177099,2016-02-16,Regional Express Co.,transport_cost,Isolation Forest,64.0,245.29,0.689362698763074,High
transport_cost|Isolation Forest|Regional Express Co.|2015-03-28 00:00:00|18791,2015-03-28,Regional Express Co.,transport_cost,Isolation Forest,64.0,244.78,0.689362698763074,High
transport_cost|Isolation Forest|National Freight Partners|2016-10-20 00:00:00|194,2016-10-20,National Freight Partners,transport_cost,Isolation Forest,64.0,244.74,0.689362698763074,High
transport_cost|Isolation Forest|Regional Express Co.|2015-05-14 00:00:00|96555,2015-05-14,Regional Express Co.,transport_cost,Isolation Forest,64.0,244.73,0.689362698763074,High
transport_cost|Isolation Forest|Regional Express Co.|2016-08-04 00:00:00|6206,2016-08-04,Regional Express Co.,transport_cost,Isolation Forest,64.0,244.76,0.689362698763074,High
transport_cost|Isolation Forest|Regional Express Co.|2016-12-05 00:00:00|176633,2016-12-05,Regional Express Co.,transport_cost,Isolation Forest,64.0,245.04,0.689362698763074,High
transport_cost|Isolation Forest|Regional Express Co.|2015-08-31 00:00:00|96889,2015-08-31,Regional Express Co.,transport_cost,Isolation Forest,64.0,244.79,0.689362698763074,High
transport_cost|Isolation Forest|Regional Express Co.|2017-03-21 00:00:00|62966,2017-03-21,Regional Express Co.,transport_cost,Isolation Forest,64.0,245.37,0.689362698763074,High
transport_cost|Isolation Forest|National Freight Partners|2017-03-12 00:00:00|62995,2017-03-12,National Freight Partners,transport_cost,Isolation Forest,64.0,245.04,0.689362698763074,High
transport_cost|Isolation Forest|Regional Express Co.|2016-06-29 00:00:00|100319,2016-06-29,Regional Express Co.,transport_cost,Isolation Forest,64.0,244.73,0.689362698763074,High
transport_cost|Isolation Forest|Regional Express Co.|2016-07-22 00:00:00|70913,2016-07-22,Regional Express Co.,transport_cost,Isolation Forest,64.0,244.8,0.689362698763074,High
transport_cost|Isolation Forest|National Freight Partners|2016-10-03 00:00:00|113175,2016-10-03,National Freight Partners,transport_cost,Isolation Forest,64.0,244.9,0.689362698763074,High
transport_cost|Isolation Forest|Regional Express Co.|2016-06-16 00:00:00|44520,2016-06-16,Regional Express Co.,transport_cost,Isolation Forest,64.0,243.09,0.6888964431438419,High
transport_cost|Isolation Forest|Regional Express Co.|2016-05-02 00:00:00|101381,2016-05-02,Regional Express Co.,transport_cost,Isolation Forest,64.0,243.13,0.6888964431438419,High
transport_cost|Isolation Forest|National Freight Partners|2017-12-12 00:00:00|29154,2017-12-12,National Freight Partners,transport_cost,Isolation Forest,64.0,244.5,0.6888964431438419,High
transport_cost|Isolation Forest|Regional Express Co.|2015-11-29 00:00:00|175670,2015-11-29,Regional Express Co.,transport_cost,Isolation Forest,64.0,243.56,0.6888964431438419,High
transport_cost|Isolation Forest|National Freight Partners|2017-04-21 00:00:00|172843,2017-04-21,National Freight Partners,transport_cost,Isolation Forest,64.0,243.11,0.6888964431438419,High
transport_cost|Isolation Forest|Regional Express Co.|2015-08-31 00:00:00|25738,2015-08-31,Regional Express Co.,transport_cost,Isolation Forest,64.0,244.06,0.6888964431438419,High
transport_cost|Isolation Forest|Regional Express Co.|2015-01-16 00:00:00|71385,2015-01-16,Regional Express Co.,transport_cost,Isolation Forest,64.0,244.53,0.6888964431438419,High
transport_cost|Isolation Forest|Regional Express Co.|2015-08-04 00:00:00|165305,2015-08-04,Regional Express Co.,transport_cost,Isolation Forest,64.0,243.25,0.6888964431438419,High
transport_cost|Isolation Forest|Regional Express Co.|2017-05-02 00:00:00|71391,2017-05-02,Regional Express Co.,transport_cost,Isolation Forest,64.0,243.41,0.6888964431438419,High
transport_cost|Isolation Forest|Regional Express Co.|2016-04-26 00:00:00|101498,2016-04-26,Regional Express Co.,transport_cost,Isolation Forest,64.0,244.5,0.6888964431438419,High
transport_cost|Isolation Forest|Regional Express Co.|2017-01-13 00:00:00|145536,2017-01-13,Regional Express Co.,transport_cost,Isolation Forest,64.0,243.27,0.6888964431438419,High
transport_cost|Isolation Forest|National Freight Partners|2016-10-22 00:00:00|71476,2016-10-22,National Freight Partners,transport_cost,Isolation Forest,64.0,243.82,0.6888964431438419,High
transport_cost|Isolation Forest|Regional Express Co.|2016-03-26 00:00:00|175648,2016-03-26,Regional Express Co.,transport_cost,Isolation Forest,64.0,243.47,0.6888964431438419,High
transport_cost|Isolation Forest|National Freight Partners|2015-07-23 00:00:00|16000,2015-07-23,National Freight Partners,transport_cost,Isolation Forest,64.0,244.0,0.6888964431438419,High
transport_cost|Isolation Forest|Regional Express Co.|2016-08-31 00:00:00|92769,2016-08-31,Regional Express Co.,transport_cost,Isolation Forest,64.0,243.67,0.6888964431438419,High
transport_cost|Isolation Forest|National Freight Partners|2016-10-09 00:00:00|48282,2016-10-09,National Freight Partners,transport_cost,Isolation Forest,64.0,243.48,0.6888964431438419,High
transport_cost|Isolation Forest|Regional Express Co.|2016-12-02 00:00:00|175154,2016-12-02,Regional Express Co.,transport_cost,Isolation Forest,64.0,243.11,0.6888964431438419,High
transport_cost|Isolation Forest|Regional Express Co.|2016-05-31 00:00:00|5653,2016-05-31,Regional Express Co.,transport_cost,Isolation Forest,64.0,243.75,0.6888964431438419,High
transport_cost|Isolation Forest|Regional Express Co.|2016-12-01 00:00:00|44065,2016-12-01,Regional Express Co.,transport_cost,Isolation Forest,64.0,244.33,0.6888964431438419,High
transport_cost|Isolation Forest|Regional Express Co.|2016-12-23 00:00:00|11049,2016-12-23,Regional Express Co.,transport_cost,Isolation Forest,64.0,243.68,0.6888964431438419,High
transport_cost|Isolation Forest|Regional Express Co.|2017-01-10 00:00:00|4104,2017-01-10,Regional Express Co.,transport_cost,Isolation Forest,64.0,243.5,0.6888964431438419,High
transport_cost|Isolation Forest|Regional Express Co.|2016-12-26 00:00:00|145847,2016-12-26,Regional Express Co.,transport_cost,Isolation Forest,64.0,243.87,0.6888964431438419,High
transport_cost|Isolation Forest|National Freight Partners|2017-05-11 00:00:00|48309,2017-05-11,National Freight Partners,transport_cost,Isolation Forest,64.0,243.68,0.6888964431438419,High
transport_cost|Isolation Forest|National Freight Partners|2016-09-11 00:00:00|36322,2016-09-11,National Freight Partners,transport_cost,Isolation Forest,64.0,243.44,0.6888964431438419,High
transport_cost|Isolation Forest|Regional Express Co.|2015-10-02 00:00:00|175318,2015-10-02,Regional Express Co.,transport_cost,Isolation Forest,64.0,244.1,0.6888964431438419,High
transport_cost|Isolation Forest|National Freight Partners|2015-04-06 00:00:00|36284,2015-04-06,National Freight Partners,transport_cost,Isolation Forest,64.0,244.1,0.6888964431438419,High
transport_cost|Isolation Forest|Regional Express Co.|2017-06-09 00:00:00|157218,2017-06-09,Regional Express Co.,transport_cost,Isolation Forest,64.0,243.12,0.6888964431438419,High
transport_cost|Isolation Forest|Regional Express Co.|2016-07-30 00:00:00|99723,2016-07-30,Regional Express Co.,transport_cost,Isolation Forest,64.0,243.09,0.6888964431438419,High
transport_cost|Isolation Forest|Regional Express Co.|2017-10-24 00:00:00|35985,2017-10-24,Regional Express Co.,transport_cost,Isolation Forest,64.0,244.27,0.6888964431438419,High
transport_cost|Isolation Forest|Regional Express Co.|2017-02-27 00:00:00|138988,2017-02-27,Regional Express Co.,transport_cost,Isolation Forest,64.0,244.4,0.6888964431438419,High
transport_cost|Isolation Forest|National Freight Partners|2016-03-29 00:00:00|48035,2016-03-29,National Freight Partners,transport_cost,Isolation Forest,64.0,244.38,0.6888964431438419,High
transport_cost|Isolation Forest|Regional Express Co.|2016-09-30 00:00:00|44381,2016-09-30,Regional Express Co.,transport_cost,Isolation Forest,64.0,244.41,0.6888964431438419,High
transport_cost|Isolation Forest|Regional Express Co.|2015-03-12 00:00:00|116659,2015-03-12,Regional Express Co.,transport_cost,Isolation Forest,64.0,244.39,0.6888964431438419,High
transport_cost|Isolation Forest|Regional Express Co.|2017-02-25 00:00:00|117550,2017-02-25,Regional Express Co.,transport_cost,Isolation Forest,64.0,243.12,0.6888964431438419,High
transport_cost|Isolation Forest|Regional Express Co.|2016-07-07 00:00:00|116292,2016-07-07,Regional Express Co.,transport_cost,Isolation Forest,64.0,244.19,0.6888964431438419,High
transport_cost|Isolation Forest|National Freight Partners|2015-07-31 00:00:00|176686,2015-07-31,National Freight Partners,transport_cost,Isolation Forest,64.0,243.49,0.6888964431438419,High
transport_cost|Isolation Forest|Regional Express Co.|2015-01-18 00:00:00|44320,2015-01-18,Regional Express Co.,transport_cost,Isolation Forest,64.0,243.13,0.6888964431438419,High
transport_cost|Isolation Forest|Regional Express Co.|2016-06-08 00:00:00|33148,2016-06-08,Regional Express Co.,transport_cost,Isolation Forest,64.0,244.5,0.6888964431438419,High
transport_cost|Isolation Forest|Regional Express Co.|2017-06-04 00:00:00|116433,2017-06-04,Regional Express Co.,transport_cost,Isolation Forest,64.0,243.89,0.6888964431438419,High
transport_cost|Isolation Forest|Regional Express Co.|2015-03-04 00:00:00|176907,2015-03-04,Regional Express Co.,transport_cost,Isolation Forest,64.0,243.59,0.6888964431438419,High
transport_cost|Isolation Forest|Regional Express Co.|2016-01-18 00:00:00|116471,2016-01-18,Regional Express Co.,transport_cost,Isolation Forest,64.0,244.2,0.6888964431438419,High
transport_cost|Isolation Forest|Regional Express Co.|2015-09-17 00:00:00|28968,2015-09-17,Regional Express Co.,transport_cost,Isolation Forest,64.0,243.58,0.6888964431438419,High
transport_cost|Isolation Forest|Regional Express Co.|2016-08-16 00:00:00|33123,2016-08-16,Regional Express Co.,transport_cost,Isolation Forest,64.0,244.53,0.6888964431438419,High
transport_cost|Isolation Forest|Regional Express Co.|2015-01-30 00:00:00|76662,2015-01-30,Regional Express Co.,transport_cost,Isolation Forest,64.0,244.35,0.6888964431438419,High
transport_cost|Isolation Forest|Regional Express Co.|2016-09-21 00:00:00|116797,2016-09-21,Regional Express Co.,transport_cost,Isolation Forest,64.0,243.15,0.6888964431438419,High
transport_cost|Isolation Forest|Regional Express Co.|2015-01-09 00:00:00|176542,2015-01-09,Regional Express Co.,transport_cost,Isolation Forest,64.0,244.1,0.6888964431438419,High
transport_cost|Isolation Forest|Regional Express Co.|2016-12-04 00:00:00|36209,2016-12-04,Regional Express Co.,transport_cost,Isolation Forest,64.0,243.68,0.6888964431438419,High
transport_cost|Isolation Forest|National Freight Partners|2015-10-27 00:00:00|142729,2015-10-27,National Freight Partners,transport_cost,Isolation Forest,64.0,243.17,0.6888964431438419,High
transport_cost|Isolation Forest|Regional Express Co.|2015-11-13 00:00:00|142373,2015-11-13,Regional Express Co.,transport_cost,Isolation Forest,64.0,243.81,0.6888964431438419,High
transport_cost|Isolation Forest|Regional Express Co.|2017-06-14 00:00:00|137175,2017-06-14,Regional Express Co.,transport_cost,Isolation Forest,64.0,243.8,0.6888964431438419,High
transport_cost|Isolation Forest|Regional Express Co.|2016-01-03 00:00:00|101734,2016-01-03,Regional Express Co.,transport_cost,Isolation Forest,64.0,244.27,0.6888964431438419,High
transport_cost|Isolation Forest|National Freight Partners|2017-06-04 00:00:00|137354,2017-06-04,National Freight Partners,transport_cost,Isolation Forest,64.0,243.17,0.6888964431438419,High
transport_cost|Isolation Forest|Regional Express Co.|2016-08-06 00:00:00|176237,2016-08-06,Regional Express Co.,transport_cost,Isolation Forest,64.0,243.24,0.6888964431438419,High
transport_cost|Isolation Forest|Regional Express Co.|2015-08-12 00:00:00|48102,2015-08-12,Regional Express Co.,transport_cost,Isolation Forest,64.0,243.4,0.6888964431438419,High
transport_cost|Isolation Forest|Regional Express Co.|2016-09-17 00:00:00|116990,2016-09-17,Regional Express Co.,transport_cost,Isolation Forest,64.0,243.6,0.6888964431438419,High
transport_cost|Isolation Forest|Regional Express Co.|2016-08-18 00:00:00|157358,2016-08-18,Regional Express Co.,transport_cost,Isolation Forest,64.0,244.4,0.6888964431438419,High
transport_cost|Isolation Forest|Regional Express Co.|2015-08-17 00:00:00|176478,2015-08-17,Regional Express Co.,transport_cost,Isolation Forest,64.0,244.46,0.6888964431438419,High
transport_cost|Isolation Forest|Regional Express Co.|2017-08-11 00:00:00|44153,2017-08-11,Regional Express Co.,transport_cost,Isolation Forest,64.0,244.53,0.6888964431438419,High
transport_cost|Isolation Forest|Regional Express Co.|2017-03-12 00:00:00|5869,2017-03-12,Regional Express Co.,transport_cost,Isolation Forest,64.0,243.37,0.6888964431438419,High
transport_cost|Isolation Forest|National Freight Partners|2016-07-16 00:00:00|78599,2016-07-16,National Freight Partners,transport_cost,Isolation Forest,64.0,244.64,0.6888964431438419,High
transport_cost|Isolation Forest|National Freight Partners|2016-03-04 00:00:00|117571,2016-03-04,National Freight Partners,transport_cost,Isolation Forest,64.0,244.63,0.6888964431438419,High
transport_cost|Isolation Forest|Regional Express Co.|2017-09-15 00:00:00|5915,2017-09-15,Regional Express Co.,transport_cost,Isolation Forest,64.0,243.29,0.6888964431438419,High
transport_cost|Isolation Forest|Regional Express Co.|2015-10-12 00:00:00|5960,2015-10-12,Regional Express Co.,transport_cost,Isolation Forest,64.0,244.18,0.6888964431438419,High
transport_cost|Isolation Forest|Regional Express Co.|2017-08-16 00:00:00|11338,2017-08-16,Regional Express Co.,transport_cost,Isolation Forest,64.0,244.23,0.6888964431438419,High
transport_cost|Isolation Forest|Regional Express Co.|2017-04-03 00:00:00|165675,2017-04-03,Regional Express Co.,transport_cost,Isolation Forest,64.0,244.14,0.6888964431438419,High
transport_cost|Isolation Forest|National Freight Partners|2017-07-27 00:00:00|11363,2017-07-27,National Freight Partners,transport_cost,Isolation Forest,64.0,244.09,0.6888964431438419,High
transport_cost|Isolation Forest|Regional Express Co.|2017-03-21 00:00:00|106943,2017-03-21,Regional Express Co.,transport_cost,Isolation Forest,64.0,244.03,0.6888964431438419,High
transport_cost|Isolation Forest|Regional Express Co.|2017-06-08 00:00:00|58828,2017-06-08,Regional Express Co.,transport_cost,Isolation Forest,64.0,244.3,0.6888964431438419,High
transport_cost|Isolation Forest|Regional Express Co.|2015-01-01 00:00:00|58749,2015-01-01,Regional Express Co.,transport_cost,Isolation Forest,64.0,243.7,0.6888964431438419,High
transport_cost|Isolation Forest|Regional Express Co.|2016-03-15 00:00:00|96612,2016-03-15,Regional Express Co.,transport_cost,Isolation Forest,64.0,243.74,0.6888964431438419,High
transport_cost|Isolation Forest|Regional Express Co.|2015-08-06 00:00:00|42876,2015-08-06,Regional Express Co.,transport_cost,Isolation Forest,64.0,244.1,0.6888964431438419,High
transport_cost|Isolation Forest|Regional Express Co.|2015-04-30 00:00:00|42989,2015-04-30,Regional Express Co.,transport_cost,Isolation Forest,64.0,244.63,0.6888964431438419,High
transport_cost|Isolation Forest|National Freight Partners|2017-01-14 00:00:00|169156,2017-01-14,National Freight Partners,transport_cost,Isolation Forest,64.0,243.66,0.6888964431438419,High
transport_cost|Isolation Forest|National Freight Partners|2017-09-22 00:00:00|125093,2017-09-22,National Freight Partners,transport_cost,Isolation Forest,64.0,243.38,0.6888964431438419,High
transport_cost|Isolation Forest|National Freight Partners|2016-08-20 00:00:00|150933,2016-08-20,National Freight Partners,transport_cost,Isolation Forest,64.0,243.24,0.6888964431438419,High
transport_cost|Isolation Forest|Regional Express Co.|2015-01-04 00:00:00|18788,2015-01-04,Regional Express Co.,transport_cost,Isolation Forest,64.0,244.4,0.6888964431438419,High
transport_cost|Isolation Forest|Regional Express Co.|2016-03-06 00:00:00|153789,2016-03-06,Regional Express Co.,transport_cost,Isolation Forest,64.0,243.71,0.6888964431438419,High
transport_cost|Isolation Forest|National Freight Partners|2017-02-15 00:00:00|56398,2017-02-15,National Freight Partners,transport_cost,Isolation Forest,64.0,243.84,0.6888964431438419,High
transport_cost|Isolation Forest|Regional Express Co.|2015-06-05 00:00:00|156031,2015-06-05,Regional Express Co.,transport_cost,Isolation Forest,64.0,243.73,0.6888964431438419,High
transport_cost|Isolation Forest|Regional Express Co.|2016-10-27 00:00:00|43142,2016-10-27,Regional Express Co.,transport_cost,Isolation Forest,64.0,244.58,0.6888964431438419,High
transport_cost|Isolation Forest|Regional Express Co.|2016-06-18 00:00:00|69100,2016-06-18,Regional Express Co.,transport_cost,Isolation Forest,64.0,243.66,0.6888964431438419,High
transport_cost|Isolation Forest|Regional Express Co.|2016-12-17 00:00:00|42822,2016-12-17,Regional Express Co.,transport_cost,Isolation Forest,64.0,243.67,0.6888964431438419,High
transport_cost|Isolation Forest|National Freight Partners|2017-06-09 00:00:00|169141,2017-06-09,National Freight Partners,transport_cost,Isolation Forest,64.0,243.49,0.6888964431438419,High
transport_cost|Isolation Forest|Regional Express Co.|2015-07-09 00:00:00|71208,2015-07-09,Regional Express Co.,transport_cost,Isolation Forest,64.0,243.51,0.6888964431438419,High
transport_cost|Isolation Forest|Regional Express Co.|2016-01-13 00:00:00|169028,2016-01-13,Regional Express Co.,transport_cost,Isolation Forest,64.0,243.21,0.6888964431438419,High
transport_cost|Isolation Forest|Regional Express Co.|2016-06-08 00:00:00|152196,2016-06-08,Regional Express Co.,transport_cost,Isolation Forest,64.0,244.33,0.6888964431438419,High
transport_cost|Isolation Forest|Regional Express Co.|2017-06-08 00:00:00|110145,2017-06-08,Regional Express Co.,transport_cost,Isolation Forest,64.0,243.88,0.6888964431438419,High
transport_cost|Isolation Forest|Regional Express Co.|2016-03-06 00:00:00|42455,2016-03-06,Regional Express Co.,transport_cost,Isolation Forest,64.0,244.37,0.6888964431438419,High
transport_cost|Isolation Forest|National Freight Partners|2017-07-25 00:00:00|19921,2017-07-25,National Freight Partners,transport_cost,Isolation Forest,64.0,244.64,0.6888964431438419,High
transport_cost|Isolation Forest|Regional Express Co.|2015-05-16 00:00:00|61821,2015-05-16,Regional Express Co.,transport_cost,Isolation Forest,64.0,244.17,0.6888964431438419,High
transport_cost|Isolation Forest|National Freight Partners|2017-12-16 00:00:00|169031,2017-12-16,National Freight Partners,transport_cost,Isolation Forest,64.0,243.97,0.6888964431438419,High
transport_cost|Isolation Forest|National Freight Partners|2015-06-17 00:00:00|39258,2015-06-17,National Freight Partners,transport_cost,Isolation Forest,64.0,244.46,0.6888964431438419,High
transport_cost|Isolation Forest|Regional Express Co.|2015-07-13 00:00:00|109944,2015-07-13,Regional Express Co.,transport_cost,Isolation Forest,64.0,243.78,0.6888964431438419,High
transport_cost|Isolation Forest|Regional Express Co.|2015-12-15 00:00:00|92755,2015-12-15,Regional Express Co.,transport_cost,Isolation Forest,64.0,243.67,0.6888964431438419,High
transport_cost|Isolation Forest|Regional Express Co.|2017-01-08 00:00:00|19376,2017-01-08,Regional Express Co.,transport_cost,Isolation Forest,64.0,244.57,0.6888964431438419,High
transport_cost|Isolation Forest|Regional Express Co.|2015-08-02 00:00:00|59234,2015-08-02,Regional Express Co.,transport_cost,Isolation Forest,64.0,244.29,0.6888964431438419,High
transport_cost|Isolation Forest|Regional Express Co.|2016-12-21 00:00:00|11373,2016-12-21,Regional Express Co.,transport_cost,Isolation Forest,64.0,243.45,0.6888964431438419,High
transport_cost|Isolation Forest|National Freight Partners|2017-02-22 00:00:00|44813,2017-02-22,National Freight Partners,transport_cost,Isolation Forest,64.0,243.51,0.6888964431438419,High
transport_cost|Isolation Forest|Regional Express Co.|2015-12-30 00:00:00|19094,2015-12-30,Regional Express Co.,transport_cost,Isolation Forest,64.0,243.16,0.6888964431438419,High
transport_cost|Isolation Forest|Regional Express Co.|2016-08-25 00:00:00|15904,2016-08-25,Regional Express Co.,transport_cost,Isolation Forest,64.0,244.01,0.6888964431438419,High
transport_cost|Isolation Forest|Regional Express Co.|2017-02-18 00:00:00|18741,2017-02-18,Regional Express Co.,transport_cost,Isolation Forest,64.0,243.16,0.6888964431438419,High
transport_cost|Isolation Forest|National Freight Partners|2015-05-15 00:00:00|122298,2015-05-15,National Freight Partners,transport_cost,Isolation Forest,64.0,243.49,0.6888964431438419,High
transport_cost|Isolation Forest|National Freight Partners|2016-01-05 00:00:00|81485,2016-01-05,National Freight Partners,transport_cost,Isolation Forest,64.0,243.74,0.6888964431438419,High
transport_cost|Isolation Forest|Regional Express Co.|2017-04-04 00:00:00|43581,2017-04-04,Regional Express Co.,transport_cost,Isolation Forest,64.0,244.57,0.6888964431438419,High
transport_cost|Isolation Forest|Regional Express Co.|2017-08-30 00:00:00|53315,2017-08-30,Regional Express Co.,transport_cost,Isolation Forest,64.0,244.54,0.6888964431438419,High
transport_cost|Isolation Forest|Regional Express Co.|2017-09-06 00:00:00|53214,2017-09-06,Regional Express Co.,transport_cost,Isolation Forest,64.0,243.22,0.6888964431438419,High
transport_cost|Isolation Forest|Regional Express Co.|2016-06-27 00:00:00|96703,2016-06-27,Regional Express Co.,transport_cost,Isolation Forest,64.0,243.66,0.6888964431438419,High
transport_cost|Isolation Forest|Regional Express Co.|2015-12-04 00:00:00|102208,2015-12-04,Regional Express Co.,transport_cost,Isolation Forest,64.0,243.69,0.6888964431438419,High
transport_cost|Isolation Forest|Regional Express Co.|2015-12-24 00:00:00|25201,2015-12-24,Regional Express Co.,transport_cost,Isolation Forest,64.0,243.96,0.6888964431438419,High
transport_cost|Isolation Forest|Regional Express Co.|2016-07-11 00:00:00|43693,2016-07-11,Regional Express Co.,transport_cost,Isolation Forest,64.0,243.66,0.6888964431438419,High
transport_cost|Isolation Forest|Regional Express Co.|2015-10-11 00:00:00|103036,2015-10-11,Regional Express Co.,transport_cost,Isolation Forest,64.0,243.41,0.6888964431438419,High
transport_cost|Isolation Forest|Regional Express Co.|2016-06-28 00:00:00|25366,2016-06-28,Regional Express Co.,transport_cost,Isolation Forest,64.0,244.39,0.6888964431438419,High
transport_cost|Isolation Forest|Regional Express Co.|2015-07-11 00:00:00|28978,2015-07-11,Regional Express Co.,transport_cost,Isolation Forest,64.0,243.27,0.6888964431438419,High
transport_cost|Isolation Forest|Regional Express Co.|2015-08-22 00:00:00|43799,2015-08-22,Regional Express Co.,transport_cost,Isolation Forest,64.0,243.99,0.6888964431438419,High
transport_cost|Isolation Forest|National Freight Partners|2015-03-30 00:00:00|17953,2015-03-30,National Freight Partners,transport_cost,Isolation Forest,64.0,244.44,0.6888964431438419,High
transport_cost|Isolation Forest|Regional Express Co.|2016-11-16 00:00:00|146546,2016-11-16,Regional Express Co.,transport_cost,Isolation Forest,64.0,244.06,0.6888964431438419,High
transport_cost|Isolation Forest|Regional Express Co.|2015-08-25 00:00:00|71057,2015-08-25,Regional Express Co.,transport_cost,Isolation Forest,64.0,244.24,0.6888964431438419,High
transport_cost|Isolation Forest|Regional Express Co.|2016-10-02 00:00:00|147308,2016-10-02,Regional Express Co.,transport_cost,Isolation Forest,64.0,243.56,0.6888964431438419,High
transport_cost|Isolation Forest|Regional Express Co.|2017-07-24 00:00:00|53874,2017-07-24,Regional Express Co.,transport_cost,Isolation Forest,64.0,244.05,0.6888964431438419,High
transport_cost|Isolation Forest|Regional Express Co.|2015-04-16 00:00:00|156299,2015-04-16,Regional Express Co.,transport_cost,Isolation Forest,64.0,244.61,0.6888964431438419,High
transport_cost|Isolation Forest|Regional Express Co.|2015-02-17 00:00:00|172629,2015-02-17,Regional Express Co.,transport_cost,Isolation Forest,64.0,243.18,0.6888964431438419,High
transport_cost|Isolation Forest|Regional Express Co.|2016-08-20 00:00:00|44634,2016-08-20,Regional Express Co.,transport_cost,Isolation Forest,64.0,244.57,0.6888964431438419,High
transport_cost|Isolation Forest|National Freight Partners|2015-04-17 00:00:00|178742,2015-04-17,National Freight Partners,transport_cost,Isolation Forest,64.0,244.04,0.6888964431438419,High
transport_cost|Isolation Forest|National Freight Partners|2017-04-05 00:00:00|55630,2017-04-05,National Freight Partners,transport_cost,Isolation Forest,64.0,243.39,0.6888964431438419,High
transport_cost|Isolation Forest|Regional Express Co.|2015-05-22 00:00:00|43291,2015-05-22,Regional Express Co.,transport_cost,Isolation Forest,64.0,244.14,0.6888964431438419,High
transport_cost|Isolation Forest|Regional Express Co.|2016-06-04 00:00:00|43422,2016-06-04,Regional Express Co.,transport_cost,Isolation Forest,64.0,243.58,0.6888964431438419,High
transport_cost|Isolation Forest|Regional Express Co.|2017-10-09 00:00:00|156144,2017-10-09,Regional Express Co.,transport_cost,Isolation Forest,64.0,244.55,0.6888964431438419,High
transport_cost|Isolation Forest|Regional Express Co.|2017-08-18 00:00:00|43770,2017-08-18,Regional Express Co.,transport_cost,Isolation Forest,64.0,243.25,0.6888964431438419,High
transport_cost|Isolation Forest|Regional Express Co.|2015-01-30 00:00:00|150561,2015-01-30,Regional Express Co.,transport_cost,Isolation Forest,64.0,244.31,0.6888964431438419,High
transport_cost|Isolation Forest|Regional Express Co.|2017-04-17 00:00:00|165826,2017-04-17,Regional Express Co.,transport_cost,Isolation Forest,64.0,244.0,0.6888964431438419,High
transport_cost|Isolation Forest|Regional Express Co.|2017-05-15 00:00:00|54993,2017-05-15,Regional Express Co.,transport_cost,Isolation Forest,64.0,243.36,0.6888964431438419,High
transport_cost|Isolation Forest|Regional Express Co.|2015-10-03 00:00:00|150738,2015-10-03,Regional Express Co.,transport_cost,Isolation Forest,64.0,243.28,0.6888964431438419,High
transport_cost|Isolation Forest|Regional Express Co.|2017-07-05 00:00:00|24812,2017-07-05,Regional Express Co.,transport_cost,Isolation Forest,64.0,243.93,0.6888964431438419,High
transport_cost|Isolation Forest|Regional Express Co.|2017-06-15 00:00:00|54503,2017-06-15,Regional Express Co.,transport_cost,Isolation Forest,64.0,244.05,0.6888964431438419,High
transport_cost|Isolation Forest|Regional Express Co.|2017-03-22 00:00:00|18042,2017-03-22,Regional Express Co.,transport_cost,Isolation Forest,64.0,244.14,0.6888964431438419,High
transport_cost|Isolation Forest|Regional Express Co.|2015-02-18 00:00:00|92661,2015-02-18,Regional Express Co.,transport_cost,Isolation Forest,64.0,242.39,0.6860945392078579,High
transport_cost|Isolation Forest|National Freight Partners|2017-05-26 00:00:00|44825,2017-05-26,National Freight Partners,transport_cost,Isolation Forest,64.0,242.4,0.6860945392078579,High
transport_cost|Isolation Forest|Regional Express Co.|2016-12-27 00:00:00|6306,2016-12-27,Regional Express Co.,transport_cost,Isolation Forest,64.0,242.46,0.6860945392078579,High
transport_cost|Isolation Forest|Regional Express Co.|2017-01-18 00:00:00|145440,2017-01-18,Regional Express Co.,transport_cost,Isolation Forest,64.0,242.38,0.6860945392078579,High
transport_cost|Isolation Forest|Regional Express Co.|2016-07-24 00:00:00|42663,2016-07-24,Regional Express Co.,transport_cost,Isolation Forest,64.0,242.43,0.6860945392078579,High
transport_cost|Isolation Forest|Regional Express Co.|2016-01-18 00:00:00|19313,2016-01-18,Regional Express Co.,transport_cost,Isolation Forest,64.0,242.44,0.6860945392078579,High
transport_cost|Isolation Forest|Regional Express Co.|2016-12-26 00:00:00|156776,2016-12-26,Regional Express Co.,transport_cost,Isolation Forest,64.0,242.39,0.6860945392078579,High
transport_cost|Isolation Forest|National Freight Partners|2016-11-28 00:00:00|172767,2016-11-28,National Freight Partners,transport_cost,Isolation Forest,64.0,242.42,0.6860945392078579,High
transport_cost|Isolation Forest|Regional Express Co.|2016-12-14 00:00:00|70811,2016-12-14,Regional Express Co.,transport_cost,Isolation Forest,64.0,242.45,0.6860945392078579,High
transport_cost|Isolation Forest|Regional Express Co.|2017-04-04 00:00:00|44283,2017-04-04,Regional Express Co.,transport_cost,Isolation Forest,64.0,242.4,0.6860945392078579,High
transport_cost|Isolation Forest|National Freight Partners|2017-02-08 00:00:00|11395,2017-02-08,National Freight Partners,transport_cost,Isolation Forest,64.0,242.38,0.6860945392078579,High
transport_cost|Isolation Forest|National Freight Partners|2016-01-03 00:00:00|48030,2016-01-03,National Freight Partners,transport_cost,Isolation Forest,64.0,242.39,0.6860945392078579,High
transport_cost|Isolation Forest|Regional Express Co.|2017-08-08 00:00:00|35889,2017-08-08,Regional Express Co.,transport_cost,Isolation Forest,64.0,242.41,0.6860945392078579,High
transport_cost|Isolation Forest|Regional Express Co.|2015-03-25 00:00:00|5808,2015-03-25,Regional Express Co.,transport_cost,Isolation Forest,64.0,242.67,0.6856304940327939,High
transport_cost|Isolation Forest|Regional Express Co.|2016-11-28 00:00:00|44460,2016-11-28,Regional Express Co.,transport_cost,Isolation Forest,64.0,242.53,0.6856304940327939,High
transport_cost|Isolation Forest|Regional Express Co.|2015-12-30 00:00:00|110317,2015-12-30,Regional Express Co.,transport_cost,Isolation Forest,64.0,242.75,0.6856304940327939,High
transport_cost|Isolation Forest|Regional Express Co.|2015-08-14 00:00:00|109768,2015-08-14,Regional Express Co.,transport_cost,Isolation Forest,64.0,242.59,0.6856304940327939,High
transport_cost|Isolation Forest|Regional Express Co.|2017-01-10 00:00:00|111233,2017-01-10,Regional Express Co.,transport_cost,Isolation Forest,64.0,242.81,0.6856304940327939,High
transport_cost|Isolation Forest|Regional Express Co.|2017-01-08 00:00:00|111275,2017-01-08,Regional Express Co.,transport_cost,Isolation Forest,64.0,242.53,0.6856304940327939,High
transport_cost|Isolation Forest|Regional Express Co.|2017-08-06 00:00:00|43230,2017-08-06,Regional Express Co.,transport_cost,Isolation Forest,64.0,242.72,0.6856304940327939,High
transport_cost|Isolation Forest|Regional Express Co.|2015-08-31 00:00:00|43234,2015-08-31,Regional Express Co.,transport_cost,Isolation Forest,64.0,242.8,0.6856304940327939,High
transport_cost|Isolation Forest|Regional Express Co.|2015-01-18 00:00:00|116845,2015-01-18,Regional Express Co.,transport_cost,Isolation Forest,64.0,242.9,0.6856304940327939,High
transport_cost|Isolation Forest|Regional Express Co.|2015-05-11 00:00:00|97121,2015-05-11,Regional Express Co.,transport_cost,Isolation Forest,64.0,242.6,0.6856304940327939,High
transport_cost|Isolation Forest|Regional Express Co.|2016-10-25 00:00:00|5887,2016-10-25,Regional Express Co.,transport_cost,Isolation Forest,64.0,242.67,0.6856304940327939,High
transport_cost|Isolation Forest|Regional Express Co.|2016-11-28 00:00:00|146311,2016-11-28,Regional Express Co.,transport_cost,Isolation Forest,64.0,242.47,0.6856304940327939,High
transport_cost|Isolation Forest|Regional Express Co.|2016-08-25 00:00:00|43990,2016-08-25,Regional Express Co.,transport_cost,Isolation Forest,64.0,242.92,0.6856304940327939,High
transport_cost|Isolation Forest|Regional Express Co.|2015-06-24 00:00:00|96872,2015-06-24,Regional Express Co.,transport_cost,Isolation Forest,64.0,242.78,0.6856304940327939,High
transport_cost|Isolation Forest|Regional Express Co.|2017-08-15 00:00:00|44149,2017-08-15,Regional Express Co.,transport_cost,Isolation Forest,64.0,242.81,0.6856304940327939,High
transport_cost|Isolation Forest|Regional Express Co.|2017-01-13 00:00:00|145522,2017-01-13,Regional Express Co.,transport_cost,Isolation Forest,64.0,242.57,0.6856304940327939,High
transport_cost|Isolation Forest|Regional Express Co.|2016-07-10 00:00:00|100123,2016-07-10,Regional Express Co.,transport_cost,Isolation Forest,64.0,242.95,0.6856304940327939,High
transport_cost|Isolation Forest|Regional Express Co.|2016-07-16 00:00:00|100008,2016-07-16,Regional Express Co.,transport_cost,Isolation Forest,64.0,242.5,0.6856304940327939,High
transport_cost|Isolation Forest|National Freight Partners|2016-02-28 00:00:00|97441,2016-02-28,National Freight Partners,transport_cost,Isolation Forest,64.0,242.95,0.6856304940327939,High
transport_cost|Isolation Forest|National Freight Partners|2017-01-04 00:00:00|145679,2017-01-04,National Freight Partners,transport_cost,Isolation Forest,64.0,242.74,0.6856304940327939,High
transport_cost|Isolation Forest|Regional Express Co.|2015-05-11 00:00:00|42207,2015-05-11,Regional Express Co.,transport_cost,Isolation Forest,64.0,242.85,0.6856304940327939,High
transport_cost|Isolation Forest|Regional Express Co.|2018-01-28 00:00:00|62753,2018-01-28,Regional Express Co.,transport_cost,Isolation Forest,64.0,242.47,0.6856304940327939,High
transport_cost|Isolation Forest|Regional Express Co.|2017-03-04 00:00:00|56132,2017-03-04,Regional Express Co.,transport_cost,Isolation Forest,64.0,242.65,0.6856304940327939,High
transport_cost|Isolation Forest|Regional Express Co.|2017-05-03 00:00:00|51289,2017-05-03,Regional Express Co.,transport_cost,Isolation Forest,64.0,242.76,0.6856304940327939,High
transport_cost|Isolation Forest|Regional Express Co.|2016-04-28 00:00:00|165474,2016-04-28,Regional Express Co.,transport_cost,Isolation Forest,64.0,242.63,0.6856304940327939,High
transport_cost|Isolation Forest|Regional Express Co.|2016-01-14 00:00:00|70813,2016-01-14,Regional Express Co.,transport_cost,Isolation Forest,64.0,242.65,0.6856304940327939,High
transport_cost|Isolation Forest|Regional Express Co.|2016-02-25 00:00:00|131638,2016-02-25,Regional Express Co.,transport_cost,Isolation Forest,64.0,242.59,0.6856304940327939,High
transport_cost|Isolation Forest|National Freight Partners|2017-08-10 00:00:00|53639,2017-08-10,National Freight Partners,transport_cost,Isolation Forest,64.0,242.48,0.6856304940327939,High
transport_cost|Isolation Forest|Regional Express Co.|2015-04-27 00:00:00|47760,2015-04-27,Regional Express Co.,transport_cost,Isolation Forest,64.0,242.68,0.6856304940327939,High
transport_cost|Isolation Forest|Regional Express Co.|2016-02-12 00:00:00|175722,2016-02-12,Regional Express Co.,transport_cost,Isolation Forest,64.0,242.84,0.6856304940327939,High
transport_cost|Isolation Forest|Regional Express Co.|2017-06-25 00:00:00|136990,2017-06-25,Regional Express Co.,transport_cost,Isolation Forest,64.0,242.83,0.6856304940327939,High
transport_cost|Isolation Forest|National Freight Partners|2017-01-28 00:00:00|125145,2017-01-28,National Freight Partners,transport_cost,Isolation Forest,64.0,242.83,0.6856304940327939,High
transport_cost|Isolation Forest|Regional Express Co.|2017-01-10 00:00:00|72938,2017-01-10,Regional Express Co.,transport_cost,Isolation Forest,64.0,242.9,0.6856304940327939,High
transport_cost|Isolation Forest|National Freight Partners|2015-11-04 00:00:00|69256,2015-11-04,National Freight Partners,transport_cost,Isolation Forest,64.0,242.66,0.6856304940327939,High
transport_cost|Isolation Forest|National Freight Partners|2016-12-11 00:00:00|71448,2016-12-11,National Freight Partners,transport_cost,Isolation Forest,64.0,242.56,0.6856304940327939,High
transport_cost|Isolation Forest|National Freight Partners|2017-08-08 00:00:00|125098,2017-08-08,National Freight Partners,transport_cost,Isolation Forest,64.0,242.65,0.6856304940327939,High
transport_cost|Isolation Forest|Regional Express Co.|2016-02-11 00:00:00|58840,2016-02-11,Regional Express Co.,transport_cost,Isolation Forest,64.0,242.88,0.6856304940327939,High
transport_cost|Isolation Forest|Regional Express Co.|2017-12-12 00:00:00|58874,2017-12-12,Regional Express Co.,transport_cost,Isolation Forest,64.0,242.66,0.6856304940327939,High
transport_cost|Isolation Forest|National Freight Partners|2015-12-16 00:00:00|122360,2015-12-16,National Freight Partners,transport_cost,Isolation Forest,64.0,242.74,0.6856304940327939,High
transport_cost|Isolation Forest|Regional Express Co.|2016-06-06 00:00:00|27263,2016-06-06,Regional Express Co.,transport_cost,Isolation Forest,64.0,242.91,0.6856304940327939,High
transport_cost|Isolation Forest|Regional Express Co.|2017-08-18 00:00:00|77977,2017-08-18,Regional Express Co.,transport_cost,Isolation Forest,64.0,242.6,0.6856304940327939,High
transport_cost|Isolation Forest|Regional Express Co.|2017-07-19 00:00:00|59127,2017-07-19,Regional Express Co.,transport_cost,Isolation Forest,64.0,242.81,0.6856304940327939,High
transport_cost|Isolation Forest|Regional Express Co.|2017-03-13 00:00:00|138763,2017-03-13,Regional Express Co.,transport_cost,Isolation Forest,64.0,242.52,0.6856304940327939,High
transport_cost|Isolation Forest|Regional Express Co.|2016-06-07 00:00:00|19700,2016-06-07,Regional Express Co.,transport_cost,Isolation Forest,64.0,242.48,0.6856304940327939,High
transport_cost|Isolation Forest|National Freight Partners|2016-12-18 00:00:00|19909,2016-12-18,National Freight Partners,transport_cost,Isolation Forest,64.0,242.53,0.6856304940327939,High
transport_cost|Isolation Forest|Regional Express Co.|2015-06-02 00:00:00|157190,2015-06-02,Regional Express Co.,transport_cost,Isolation Forest,64.0,242.96,0.6851667627181561,High
transport_cost|Isolation Forest|Regional Express Co.|2016-10-22 00:00:00|71648,2016-10-22,Regional Express Co.,transport_cost,Isolation Forest,64.0,243.02,0.6851667627181561,High
transport_cost|Isolation Forest|Regional Express Co.|2016-08-12 00:00:00|75262,2016-08-12,Regional Express Co.,transport_cost,Isolation Forest,64.0,243.04,0.6851667627181561,High
transport_cost|Isolation Forest|National Freight Partners|2015-12-22 00:00:00|48060,2015-12-22,National Freight Partners,transport_cost,Isolation Forest,64.0,242.97,0.6851667627181561,High
transport_cost|Isolation Forest|Regional Express Co.|2015-12-12 00:00:00|172760,2015-12-12,Regional Express Co.,transport_cost,Isolation Forest,64.0,243.03,0.6851667627181561,High
transport_cost|Isolation Forest|Regional Express Co.|2016-11-13 00:00:00|146579,2016-11-13,Regional Express Co.,transport_cost,Isolation Forest,64.0,243.0,0.6851667627181561,High
transport_cost|Isolation Forest|National Freight Partners|2016-09-22 00:00:00|17992,2016-09-22,National Freight Partners,transport_cost,Isolation Forest,64.0,242.96,0.6851667627181561,High
transport_cost|Isolation Forest|Regional Express Co.|2016-12-22 00:00:00|70386,2016-12-22,Regional Express Co.,transport_cost,Isolation Forest,64.0,242.97,0.6851667627181561,High
transport_cost|Isolation Forest|Regional Express Co.|2017-02-02 00:00:00|43331,2017-02-02,Regional Express Co.,transport_cost,Isolation Forest,64.0,242.98,0.6851667627181561,High
transport_cost|Isolation Forest|Regional Express Co.|2017-02-11 00:00:00|43275,2017-02-11,Regional Express Co.,transport_cost,Isolation Forest,64.0,242.97,0.6851667627181561,High
transport_cost|Isolation Forest|National Freight Partners|2015-02-14 00:00:00|44819,2015-02-14,National Freight Partners,transport_cost,Isolation Forest,64.0,242.98,0.6851667627181561,High
transport_cost|Isolation Forest|Regional Express Co.|2016-06-03 00:00:00|42767,2016-06-03,Regional Express Co.,transport_cost,Isolation Forest,64.0,242.99,0.6851667627181561,High
transport_cost|Isolation Forest|Regional Express Co.|2016-02-21 00:00:00|63953,2016-02-21,Regional Express Co.,transport_cost,Isolation Forest,64.0,243.0,0.6851667627181561,High
transport_cost|Isolation Forest|Regional Express Co.|2016-06-17 00:00:00|152028,2016-06-17,Regional Express Co.,transport_cost,Isolation Forest,64.0,243.0,0.6851667627181561,High
transport_cost|Isolation Forest|Regional Express Co.|2015-06-17 00:00:00|9844,2015-06-17,Regional Express Co.,transport_cost,Isolation Forest,64.0,243.06,0.6851667627181561,High
transport_cost|Isolation Forest|Regional Express Co.|2017-06-09 00:00:00|54590,2017-06-09,Regional Express Co.,transport_cost,Isolation Forest,64.0,242.36,0.6850706276639115,High
transport_cost|Isolation Forest|Regional Express Co.|2016-03-08 00:00:00|92763,2016-03-08,Regional Express Co.,transport_cost,Isolation Forest,64.0,242.35,0.6850706276639115,High
transport_cost|Isolation Forest|Regional Express Co.|2016-03-21 00:00:00|80372,2016-03-21,Regional Express Co.,transport_cost,Isolation Forest,64.0,242.36,0.6850706276639115,High
transport_cost|Isolation Forest|Regional Express Co.|2015-11-18 00:00:00|102468,2015-11-18,Regional Express Co.,transport_cost,Isolation Forest,64.0,242.25,0.6841442357662794,High
transport_cost|Isolation Forest|National Freight Partners|2015-04-13 00:00:00|117360,2015-04-13,National Freight Partners,transport_cost,Isolation Forest,64.0,242.19,0.6841442357662794,High
transport_cost|Isolation Forest|National Freight Partners|2016-11-25 00:00:00|112113,2016-11-25,National Freight Partners,transport_cost,Isolation Forest,64.0,242.16,0.6841442357662794,High
transport_cost|Isolation Forest|Regional Express Co.|2016-10-20 00:00:00|117012,2016-10-20,Regional Express Co.,transport_cost,Isolation Forest,64.0,242.27,0.6841442357662794,High
transport_cost|Isolation Forest|National Freight Partners|2017-02-10 00:00:00|44824,2017-02-10,National Freight Partners,transport_cost,Isolation Forest,64.0,242.19,0.6841442357662794,High
transport_cost|Isolation Forest|National Freight Partners|2016-07-29 00:00:00|48066,2016-07-29,National Freight Partners,transport_cost,Isolation Forest,64.0,242.28,0.6841442357662794,High
transport_cost|Isolation Forest|Regional Express Co.|2015-07-17 00:00:00|165835,2015-07-17,Regional Express Co.,transport_cost,Isolation Forest,64.0,242.26,0.6841442357662794,High
transport_cost|Isolation Forest|Regional Express Co.|2016-06-29 00:00:00|141765,2016-06-29,Regional Express Co.,transport_cost,Isolation Forest,64.0,242.22,0.6841442357662794,High
transport_cost|Isolation Forest|National Freight Partners|2017-07-06 00:00:00|16160,2017-07-06,National Freight Partners,transport_cost,Isolation Forest,64.0,242.25,0.6841442357662794,High
transport_cost|Isolation Forest|Regional Express Co.|2015-02-10 00:00:00|175554,2015-02-10,Regional Express Co.,transport_cost,Isolation Forest,64.0,242.17,0.6841442357662794,High
transport_cost|Isolation Forest|Regional Express Co.|2015-12-19 00:00:00|172472,2015-12-19,Regional Express Co.,transport_cost,Isolation Forest,64.0,242.31,0.6841442357662794,High
transport_cost|Isolation Forest|National Freight Partners|2016-10-23 00:00:00|112746,2016-10-23,National Freight Partners,transport_cost,Isolation Forest,64.0,242.18,0.6841442357662794,High
transport_cost|Isolation Forest|Regional Express Co.|2016-08-16 00:00:00|156662,2016-08-16,Regional Express Co.,transport_cost,Isolation Forest,64.0,242.23,0.6841442357662794,High
transport_cost|Isolation Forest|National Freight Partners|2015-01-16 00:00:00|71713,2015-01-16,National Freight Partners,transport_cost,Isolation Forest,64.0,242.14,0.6836815096935407,High
transport_cost|Isolation Forest|Regional Express Co.|2015-10-13 00:00:00|71784,2015-10-13,Regional Express Co.,transport_cost,Isolation Forest,64.0,242.32,0.6836815096935407,High
daily_sales|Isolation Forest|Network|2017-05-02 00:00:00|852,2017-05-02,Network,daily_sales,Isolation Forest,122569.795,181222.4,0.6832595661566433,High
daily_sales|Isolation Forest|Network|2017-09-12 00:00:00|985,2017-09-12,Network,daily_sales,Isolation Forest,122569.795,181205.96,0.6832595661566433,High
transport_cost|Isolation Forest|Regional Express Co.|2017-03-01 00:00:00|141861,2017-03-01,Regional Express Co.,transport_cost,Isolation Forest,64.0,241.99,0.6832190965890435,High
transport_cost|Isolation Forest|Regional Express Co.|2015-08-16 00:00:00|25434,2015-08-16,Regional Express Co.,transport_cost,Isolation Forest,64.0,242.0,0.6832190965890435,High
transport_cost|Isolation Forest|Regional Express Co.|2017-04-23 00:00:00|43832,2017-04-23,Regional Express Co.,transport_cost,Isolation Forest,64.0,241.97,0.6832190965890435,High
transport_cost|Isolation Forest|Regional Express Co.|2017-03-05 00:00:00|43040,2017-03-05,Regional Express Co.,transport_cost,Isolation Forest,64.0,241.97,0.6832190965890435,High
transport_cost|Isolation Forest|Regional Express Co.|2016-01-01 00:00:00|110267,2016-01-01,Regional Express Co.,transport_cost,Isolation Forest,64.0,242.01,0.6832190965890435,High
transport_cost|Isolation Forest|Regional Express Co.|2016-10-31 00:00:00|168891,2016-10-31,Regional Express Co.,transport_cost,Isolation Forest,64.0,241.99,0.6832190965890435,High
transport_cost|Isolation Forest|Regional Express Co.|2015-03-29 00:00:00|75752,2015-03-29,Regional Express Co.,transport_cost,Isolation Forest,64.0,242.1,0.6827569962411093,High
transport_cost|Isolation Forest|Regional Express Co.|2015-08-13 00:00:00|109887,2015-08-13,Regional Express Co.,transport_cost,Isolation Forest,64.0,242.03,0.6827569962411093,High
transport_cost|Isolation Forest|Regional Express Co.|2017-03-21 00:00:00|20016,2017-03-21,Regional Express Co.,transport_cost,Isolation Forest,64.0,242.11,0.6827569962411093,High
transport_cost|Isolation Forest|Regional Express Co.|2015-06-11 00:00:00|42860,2015-06-11,Regional Express Co.,transport_cost,Isolation Forest,64.0,242.09,0.6827569962411093,High
transport_cost|Isolation Forest|Regional Express Co.|2016-12-11 00:00:00|176863,2016-12-11,Regional Express Co.,transport_cost,Isolation Forest,64.0,242.11,0.6827569962411093,High
transport_cost|Isolation Forest|Regional Express Co.|2015-04-29 00:00:00|96924,2015-04-29,Regional Express Co.,transport_cost,Isolation Forest,64.0,242.13,0.6827569962411093,High
transport_cost|Isolation Forest|National Freight Partners|2017-01-30 00:00:00|145263,2017-01-30,National Freight Partners,transport_cost,Isolation Forest,64.0,242.02,0.6827569962411093,High
transport_cost|Isolation Forest|Regional Express Co.|2016-08-06 00:00:00|140238,2016-08-06,Regional Express Co.,transport_cost,Isolation Forest,64.0,242.03,0.6827569962411093,High
transport_cost|Isolation Forest|Regional Express Co.|2016-06-27 00:00:00|176251,2016-06-27,Regional Express Co.,transport_cost,Isolation Forest,64.0,242.05,0.6827569962411093,High
transport_cost|Isolation Forest|Regional Express Co.|2017-12-01 00:00:00|62973,2017-12-01,Regional Express Co.,transport_cost,Isolation Forest,64.0,242.13,0.6827569962411093,High
transport_cost|Isolation Forest|Regional Express Co.|2015-10-26 00:00:00|142737,2015-10-26,Regional Express Co.,transport_cost,Isolation Forest,64.0,242.12,0.6827569962411093,High
transport_cost|Isolation Forest|Regional Express Co.|2017-03-03 00:00:00|56165,2017-03-03,Regional Express Co.,transport_cost,Isolation Forest,64.0,242.06,0.6827569962411093,High
transport_cost|Isolation Forest|Regional Express Co.|2016-08-15 00:00:00|69105,2016-08-15,Regional Express Co.,transport_cost,Isolation Forest,64.0,242.06,0.6827569962411093,High
transport_cost|Isolation Forest|National Freight Partners|2016-09-11 00:00:00|176924,2016-09-11,National Freight Partners,transport_cost,Isolation Forest,64.0,242.06,0.6827569962411093,High
transport_cost|Isolation Forest|National Freight Partners|2015-11-04 00:00:00|20084,2015-11-04,National Freight Partners,transport_cost,Isolation Forest,64.0,241.86,0.6822952084382029,High
transport_cost|Isolation Forest|Regional Express Co.|2017-08-05 00:00:00|17561,2017-08-05,Regional Express Co.,transport_cost,Isolation Forest,64.0,241.81,0.6822952084382029,High
transport_cost|Isolation Forest|National Freight Partners|2017-04-09 00:00:00|20049,2017-04-09,National Freight Partners,transport_cost,Isolation Forest,64.0,241.82,0.6822952084382029,High
transport_cost|Isolation Forest|Regional Express Co.|2016-04-18 00:00:00|2835,2016-04-18,Regional Express Co.,transport_cost,Isolation Forest,64.0,241.86,0.6822952084382029,High
transport_cost|Isolation Forest|Regional Express Co.|2015-08-29 00:00:00|29214,2015-08-29,Regional Express Co.,transport_cost,Isolation Forest,64.0,241.86,0.6822952084382029,High
transport_cost|Isolation Forest|Regional Express Co.|2017-03-27 00:00:00|55780,2017-03-27,Regional Express Co.,transport_cost,Isolation Forest,64.0,241.91,0.6822952084382029,High
transport_cost|Isolation Forest|Regional Express Co.|2015-05-21 00:00:00|43880,2015-05-21,Regional Express Co.,transport_cost,Isolation Forest,64.0,241.9,0.6822952084382029,High
transport_cost|Isolation Forest|Regional Express Co.|2017-06-21 00:00:00|105166,2017-06-21,Regional Express Co.,transport_cost,Isolation Forest,64.0,241.91,0.6822952084382029,High
transport_cost|Isolation Forest|Regional Express Co.|2016-10-03 00:00:00|109698,2016-10-03,Regional Express Co.,transport_cost,Isolation Forest,64.0,241.88,0.6822952084382029,High
transport_cost|Isolation Forest|Regional Express Co.|2015-03-03 00:00:00|19828,2015-03-03,Regional Express Co.,transport_cost,Isolation Forest,64.0,241.83,0.6822952084382029,High
transport_cost|Isolation Forest|Regional Express Co.|2015-05-19 00:00:00|116908,2015-05-19,Regional Express Co.,transport_cost,Isolation Forest,64.0,241.85,0.6822952084382029,High
transport_cost|Isolation Forest|National Freight Partners|2017-09-01 00:00:00|77705,2017-09-01,National Freight Partners,transport_cost,Isolation Forest,64.0,241.89,0.6822952084382029,High
transport_cost|Isolation Forest|Regional Express Co.|2016-08-02 00:00:00|99656,2016-08-02,Regional Express Co.,transport_cost,Isolation Forest,64.0,241.92,0.6822952084382029,High
transport_cost|Isolation Forest|Regional Express Co.|2015-07-01 00:00:00|140259,2015-07-01,Regional Express Co.,transport_cost,Isolation Forest,64.0,241.94,0.6822952084382029,High
transport_cost|Isolation Forest|Regional Express Co.|2016-05-02 00:00:00|29058,2016-05-02,Regional Express Co.,transport_cost,Isolation Forest,64.0,241.81,0.6822952084382029,High
transport_cost|Isolation Forest|Regional Express Co.|2015-05-14 00:00:00|10976,2015-05-14,Regional Express Co.,transport_cost,Isolation Forest,64.0,241.77,0.6818337329689322,High
transport_cost|Isolation Forest|Regional Express Co.|2015-05-14 00:00:00|150685,2015-05-14,Regional Express Co.,transport_cost,Isolation Forest,64.0,241.8,0.6818337329689322,High
transport_cost|Isolation Forest|National Freight Partners|2016-02-10 00:00:00|176795,2016-02-10,National Freight Partners,transport_cost,Isolation Forest,64.0,241.76,0.6818337329689322,High
transport_cost|Isolation Forest|Regional Express Co.|2017-07-27 00:00:00|97422,2017-07-27,Regional Express Co.,transport_cost,Isolation Forest,64.0,241.76,0.6818337329689322,High
transport_cost|Isolation Forest|Regional Express Co.|2017-12-01 00:00:00|18938,2017-12-01,Regional Express Co.,transport_cost,Isolation Forest,64.0,241.72,0.681372569622048,High
transport_cost|Isolation Forest|Regional Express Co.|2017-08-26 00:00:00|53365,2017-08-26,Regional Express Co.,transport_cost,Isolation Forest,64.0,241.72,0.681372569622048,High
transport_cost|Isolation Forest|National Freight Partners|2017-12-11 00:00:00|141760,2017-12-11,National Freight Partners,transport_cost,Isolation Forest,64.0,241.69,0.681372569622048,High
transport_cost|Isolation Forest|Regional Express Co.|2015-04-29 00:00:00|27101,2015-04-29,Regional Express Co.,transport_cost,Isolation Forest,64.0,241.72,0.681372569622048,High
transport_cost|Isolation Forest|Regional Express Co.|2016-12-25 00:00:00|176259,2016-12-25,Regional Express Co.,transport_cost,Isolation Forest,64.0,241.67,0.681372569622048,High
transport_cost|Isolation Forest|National Freight Partners|2017-05-24 00:00:00|16042,2017-05-24,National Freight Partners,transport_cost,Isolation Forest,64.0,241.66,0.681372569622048,High
transport_cost|Isolation Forest|Regional Express Co.|2016-09-05 00:00:00|74887,2016-09-05,Regional Express Co.,transport_cost,Isolation Forest,64.0,241.7,0.681372569622048,High
transport_cost|Isolation Forest|Regional Express Co.|2017-04-12 00:00:00|141609,2017-04-12,Regional Express Co.,transport_cost,Isolation Forest,64.0,240.86,0.6798955413641297,High
transport_cost|Isolation Forest|Regional Express Co.|2017-01-28 00:00:00|92851,2017-01-28,Regional Express Co.,transport_cost,Isolation Forest,64.0,240.85,0.6798955413641297,High
transport_cost|Isolation Forest|Regional Express Co.|2015-05-12 00:00:00|125146,2015-05-12,Regional Express Co.,transport_cost,Isolation Forest,64.0,240.79,0.6798955413641297,High
transport_cost|Isolation Forest|Regional Express Co.|2018-01-19 00:00:00|110352,2018-01-19,Regional Express Co.,transport_cost,Isolation Forest,64.0,240.99,0.6798955413641297,High
transport_cost|Isolation Forest|Regional Express Co.|2017-11-25 00:00:00|42590,2017-11-25,Regional Express Co.,transport_cost,Isolation Forest,64.0,240.99,0.6798955413641297,High
transport_cost|Isolation Forest|Regional Express Co.|2015-08-09 00:00:00|96318,2015-08-09,Regional Express Co.,transport_cost,Isolation Forest,64.0,240.84,0.6798955413641297,High
transport_cost|Isolation Forest|Regional Express Co.|2015-12-30 00:00:00|110318,2015-12-30,Regional Express Co.,transport_cost,Isolation Forest,64.0,240.95,0.6798955413641297,High
transport_cost|Isolation Forest|Regional Express Co.|2015-03-10 00:00:00|15850,2015-03-10,Regional Express Co.,transport_cost,Isolation Forest,64.0,240.81,0.6798955413641297,High
transport_cost|Isolation Forest|Regional Express Co.|2017-06-16 00:00:00|59059,2017-06-16,Regional Express Co.,transport_cost,Isolation Forest,64.0,240.83,0.6798955413641297,High
transport_cost|Isolation Forest|Regional Express Co.|2016-06-01 00:00:00|58968,2016-06-01,Regional Express Co.,transport_cost,Isolation Forest,64.0,240.81,0.6798955413641297,High
transport_cost|Isolation Forest|Regional Express Co.|2015-01-25 00:00:00|31680,2015-01-25,Regional Express Co.,transport_cost,Isolation Forest,64.0,241.03,0.6798955413641297,High
transport_cost|Isolation Forest|Regional Express Co.|2016-03-19 00:00:00|153559,2016-03-19,Regional Express Co.,transport_cost,Isolation Forest,64.0,240.86,0.6798955413641297,High
transport_cost|Isolation Forest|Regional Express Co.|2016-10-27 00:00:00|92510,2016-10-27,Regional Express Co.,transport_cost,Isolation Forest,64.0,241.05,0.6798955413641297,High
transport_cost|Isolation Forest|Regional Express Co.|2015-06-24 00:00:00|71510,2015-06-24,Regional Express Co.,transport_cost,Isolation Forest,64.0,240.83,0.6798955413641297,High
transport_cost|Isolation Forest|Regional Express Co.|2015-07-30 00:00:00|104149,2015-07-30,Regional Express Co.,transport_cost,Isolation Forest,64.0,240.9,0.6798955413641297,High
transport_cost|Isolation Forest|Regional Express Co.|2017-06-02 00:00:00|50894,2017-06-02,Regional Express Co.,transport_cost,Isolation Forest,64.0,240.79,0.6798955413641297,High
transport_cost|Isolation Forest|Regional Express Co.|2016-09-14 00:00:00|43527,2016-09-14,Regional Express Co.,transport_cost,Isolation Forest,64.0,241.05,0.6798955413641297,High
transport_cost|Isolation Forest|Regional Express Co.|2015-12-22 00:00:00|6281,2015-12-22,Regional Express Co.,transport_cost,Isolation Forest,64.0,240.88,0.6798955413641297,High
transport_cost|Isolation Forest|Regional Express Co.|2015-08-24 00:00:00|16229,2015-08-24,Regional Express Co.,transport_cost,Isolation Forest,64.0,241.03,0.6798955413641297,High
transport_cost|Isolation Forest|National Freight Partners|2015-11-03 00:00:00|32529,2015-11-03,National Freight Partners,transport_cost,Isolation Forest,64.0,240.99,0.6798955413641297,High
transport_cost|Isolation Forest|Regional Express Co.|2016-05-26 00:00:00|27262,2016-05-26,Regional Express Co.,transport_cost,Isolation Forest,64.0,240.79,0.6798955413641297,High
transport_cost|Isolation Forest|Regional Express Co.|2017-07-02 00:00:00|176472,2017-07-02,Regional Express Co.,transport_cost,Isolation Forest,64.0,240.88,0.6798955413641297,High
transport_cost|Isolation Forest|Regional Express Co.|2017-06-19 00:00:00|137105,2017-06-19,Regional Express Co.,transport_cost,Isolation Forest,64.0,240.88,0.6798955413641297,High
transport_cost|Isolation Forest|Regional Express Co.|2017-04-20 00:00:00|48296,2017-04-20,Regional Express Co.,transport_cost,Isolation Forest,64.0,240.97,0.6798955413641297,High
transport_cost|Isolation Forest|Regional Express Co.|2016-09-06 00:00:00|32774,2016-09-06,Regional Express Co.,transport_cost,Isolation Forest,64.0,240.84,0.6798955413641297,High
transport_cost|Isolation Forest|Regional Express Co.|2016-07-29 00:00:00|71293,2016-07-29,Regional Express Co.,transport_cost,Isolation Forest,64.0,240.9,0.6798955413641297,High
transport_cost|Isolation Forest|Regional Express Co.|2015-02-18 00:00:00|28469,2015-02-18,Regional Express Co.,transport_cost,Isolation Forest,64.0,241.61,0.6795310332383909,High
transport_cost|Isolation Forest|Regional Express Co.|2016-09-05 00:00:00|74891,2016-09-05,Regional Express Co.,transport_cost,Isolation Forest,64.0,241.61,0.6795310332383909,High
transport_cost|Isolation Forest|Regional Express Co.|2015-12-05 00:00:00|165640,2015-12-05,Regional Express Co.,transport_cost,Isolation Forest,64.0,241.62,0.6795310332383909,High
transport_cost|Isolation Forest|Regional Express Co.|2015-04-17 00:00:00|42950,2015-04-17,Regional Express Co.,transport_cost,Isolation Forest,64.0,241.61,0.6795310332383909,High
transport_cost|Isolation Forest|Regional Express Co.|2017-06-05 00:00:00|70607,2017-06-05,Regional Express Co.,transport_cost,Isolation Forest,64.0,241.64,0.6795310332383909,High
transport_cost|Isolation Forest|Regional Express Co.|2017-06-27 00:00:00|156048,2017-06-27,Regional Express Co.,transport_cost,Isolation Forest,64.0,241.17,0.6794356889276392,High
transport_cost|Isolation Forest|Regional Express Co.|2017-07-07 00:00:00|54156,2017-07-07,Regional Express Co.,transport_cost,Isolation Forest,64.0,241.09,0.6794356889276392,High
transport_cost|Isolation Forest|Regional Express Co.|2017-03-14 00:00:00|168,2017-03-14,Regional Express Co.,transport_cost,Isolation Forest,64.0,241.15,0.6794356889276392,High
transport_cost|Isolation Forest|Regional Express Co.|2016-10-05 00:00:00|29160,2016-10-05,Regional Express Co.,transport_cost,Isolation Forest,64.0,241.18,0.6794356889276392,High
transport_cost|Isolation Forest|Regional Express Co.|2016-08-11 00:00:00|44864,2016-08-11,Regional Express Co.,transport_cost,Isolation Forest,64.0,241.15,0.6794356889276392,High
transport_cost|Isolation Forest|Regional Express Co.|2017-05-03 00:00:00|25603,2017-05-03,Regional Express Co.,transport_cost,Isolation Forest,64.0,241.08,0.6794356889276392,High
transport_cost|Isolation Forest|Regional Express Co.|2017-12-08 00:00:00|44473,2017-12-08,Regional Express Co.,transport_cost,Isolation Forest,64.0,241.08,0.6794356889276392,High
transport_cost|Isolation Forest|Regional Express Co.|2016-11-26 00:00:00|24695,2016-11-26,Regional Express Co.,transport_cost,Isolation Forest,64.0,241.18,0.6794356889276392,High
transport_cost|Isolation Forest|Regional Express Co.|2016-10-09 00:00:00|3844,2016-10-09,Regional Express Co.,transport_cost,Isolation Forest,64.0,241.07,0.6794356889276392,High
transport_cost|Isolation Forest|Regional Express Co.|2015-12-22 00:00:00|132953,2015-12-22,Regional Express Co.,transport_cost,Isolation Forest,64.0,241.21,0.6794356889276392,High
transport_cost|Isolation Forest|Regional Express Co.|2015-12-22 00:00:00|132952,2015-12-22,Regional Express Co.,transport_cost,Isolation Forest,64.0,241.17,0.6794356889276392,High
transport_cost|Isolation Forest|National Freight Partners|2015-12-10 00:00:00|102112,2015-12-10,National Freight Partners,transport_cost,Isolation Forest,64.0,241.07,0.6794356889276392,High
transport_cost|Isolation Forest|Regional Express Co.|2015-09-12 00:00:00|43176,2015-09-12,Regional Express Co.,transport_cost,Isolation Forest,64.0,241.16,0.6794356889276392,High
transport_cost|Isolation Forest|Regional Express Co.|2017-06-01 00:00:00|6078,2017-06-01,Regional Express Co.,transport_cost,Isolation Forest,64.0,240.76,0.6789761475157848,High
transport_cost|Isolation Forest|Regional Express Co.|2016-11-20 00:00:00|9681,2016-11-20,Regional Express Co.,transport_cost,Isolation Forest,64.0,241.33,0.6789761475157848,High
transport_cost|Isolation Forest|Regional Express Co.|2016-10-27 00:00:00|9750,2016-10-27,Regional Express Co.,transport_cost,Isolation Forest,64.0,241.33,0.6789761475157848,High
transport_cost|Isolation Forest|Regional Express Co.|2015-09-30 00:00:00|19771,2015-09-30,Regional Express Co.,transport_cost,Isolation Forest,64.0,241.39,0.6789761475157848,High
transport_cost|Isolation Forest|National Freight Partners|2016-06-15 00:00:00|11391,2016-06-15,National Freight Partners,transport_cost,Isolation Forest,64.0,241.32,0.6789761475157848,High
transport_cost|Isolation Forest|Regional Express Co.|2017-08-27 00:00:00|6310,2017-08-27,Regional Express Co.,transport_cost,Isolation Forest,64.0,241.3,0.6789761475157848,High
transport_cost|Isolation Forest|Regional Express Co.|2016-10-14 00:00:00|32415,2016-10-14,Regional Express Co.,transport_cost,Isolation Forest,64.0,241.51,0.6789761475157848,High
transport_cost|Isolation Forest|Regional Express Co.|2017-04-09 00:00:00|27317,2017-04-09,Regional Express Co.,transport_cost,Isolation Forest,64.0,241.49,0.6789761475157848,High
transport_cost|Isolation Forest|National Freight Partners|2016-12-20 00:00:00|176637,2016-12-20,National Freight Partners,transport_cost,Isolation Forest,64.0,241.57,0.6789761475157848,High
transport_cost|Isolation Forest|Regional Express Co.|2017-10-12 00:00:00|10879,2017-10-12,Regional Express Co.,transport_cost,Isolation Forest,64.0,241.48,0.6789761475157848,High
transport_cost|Isolation Forest|Regional Express Co.|2017-10-19 00:00:00|2136,2017-10-19,Regional Express Co.,transport_cost,Isolation Forest,64.0,241.23,0.6789761475157848,High
transport_cost|Isolation Forest|Regional Express Co.|2017-10-08 00:00:00|29071,2017-10-08,Regional Express Co.,transport_cost,Isolation Forest,64.0,240.74,0.6789761475157848,High
transport_cost|Isolation Forest|Regional Express Co.|2017-02-11 00:00:00|176508,2017-02-11,Regional Express Co.,transport_cost,Isolation Forest,64.0,241.33,0.6789761475157848,High
transport_cost|Isolation Forest|Regional Express Co.|2016-01-12 00:00:00|27001,2016-01-12,Regional Express Co.,transport_cost,Isolation Forest,64.0,241.48,0.6789761475157848,High
transport_cost|Isolation Forest|Regional Express Co.|2017-04-23 00:00:00|176720,2017-04-23,Regional Express Co.,transport_cost,Isolation Forest,64.0,241.5,0.6789761475157848,High
transport_cost|Isolation Forest|National Freight Partners|2015-10-22 00:00:00|157481,2015-10-22,National Freight Partners,transport_cost,Isolation Forest,64.0,241.27,0.6789761475157848,High
transport_cost|Isolation Forest|Regional Express Co.|2017-04-09 00:00:00|25783,2017-04-09,Regional Express Co.,transport_cost,Isolation Forest,64.0,241.24,0.6789761475157848,High
transport_cost|Isolation Forest|Regional Express Co.|2015-03-26 00:00:00|176739,2015-03-26,Regional Express Co.,transport_cost,Isolation Forest,64.0,241.53,0.6789761475157848,High
transport_cost|Isolation Forest|National Freight Partners|2017-02-12 00:00:00|31715,2017-02-12,National Freight Partners,transport_cost,Isolation Forest,64.0,241.56,0.6789761475157848,High
transport_cost|Isolation Forest|Regional Express Co.|2017-07-19 00:00:00|18033,2017-07-19,Regional Express Co.,transport_cost,Isolation Forest,64.0,241.47,0.6789761475157848,High
transport_cost|Isolation Forest|Regional Express Co.|2016-10-06 00:00:00|157275,2016-10-06,Regional Express Co.,transport_cost,Isolation Forest,64.0,240.65,0.6789761475157848,High
transport_cost|Isolation Forest|Regional Express Co.|2016-05-31 00:00:00|25513,2016-05-31,Regional Express Co.,transport_cost,Isolation Forest,64.0,240.66,0.6789761475157848,High
transport_cost|Isolation Forest|National Freight Partners|2015-08-23 00:00:00|157170,2015-08-23,National Freight Partners,transport_cost,Isolation Forest,64.0,241.57,0.6789761475157848,High
transport_cost|Isolation Forest|Regional Express Co.|2015-01-15 00:00:00|110114,2015-01-15,Regional Express Co.,transport_cost,Isolation Forest,64.0,241.26,0.6789761475157848,High
transport_cost|Isolation Forest|Regional Express Co.|2017-04-25 00:00:00|55310,2017-04-25,Regional Express Co.,transport_cost,Isolation Forest,64.0,240.73,0.6789761475157848,High
transport_cost|Isolation Forest|Regional Express Co.|2018-01-13 00:00:00|52535,2018-01-13,Regional Express Co.,transport_cost,Isolation Forest,64.0,241.47,0.6789761475157848,High
transport_cost|Isolation Forest|Regional Express Co.|2015-01-23 00:00:00|114533,2015-01-23,Regional Express Co.,transport_cost,Isolation Forest,64.0,241.58,0.6789761475157848,High
transport_cost|Isolation Forest|Regional Express Co.|2017-10-12 00:00:00|70475,2017-10-12,Regional Express Co.,transport_cost,Isolation Forest,64.0,240.76,0.6789761475157848,High
transport_cost|Isolation Forest|National Freight Partners|2016-10-04 00:00:00|113155,2016-10-04,National Freight Partners,transport_cost,Isolation Forest,64.0,241.57,0.6789761475157848,High
transport_cost|Isolation Forest|Regional Express Co.|2017-01-10 00:00:00|58920,2017-01-10,Regional Express Co.,transport_cost,Isolation Forest,64.0,241.43,0.6789761475157848,High
transport_cost|Isolation Forest|Regional Express Co.|2015-08-21 00:00:00|58667,2015-08-21,Regional Express Co.,transport_cost,Isolation Forest,64.0,241.28,0.6789761475157848,High
transport_cost|Isolation Forest|Regional Express Co.|2015-10-23 00:00:00|102875,2015-10-23,Regional Express Co.,transport_cost,Isolation Forest,64.0,240.68,0.6789761475157848,High
transport_cost|Isolation Forest|Regional Express Co.|2016-10-20 00:00:00|147003,2016-10-20,Regional Express Co.,transport_cost,Isolation Forest,64.0,240.67,0.6789761475157848,High
transport_cost|Isolation Forest|National Freight Partners|2017-04-09 00:00:00|55580,2017-04-09,National Freight Partners,transport_cost,Isolation Forest,64.0,240.7,0.6789761475157848,High
transport_cost|Isolation Forest|National Freight Partners|2016-02-21 00:00:00|131728,2016-02-21,National Freight Partners,transport_cost,Isolation Forest,64.0,241.6,0.6789761475157848,High
transport_cost|Isolation Forest|Regional Express Co.|2017-09-19 00:00:00|53010,2017-09-19,Regional Express Co.,transport_cost,Isolation Forest,64.0,241.41,0.6789761475157848,High
transport_cost|Isolation Forest|Regional Express Co.|2016-12-27 00:00:00|145838,2016-12-27,Regional Express Co.,transport_cost,Isolation Forest,64.0,241.45,0.6789761475157848,High
transport_cost|Isolation Forest|Regional Express Co.|2016-01-17 00:00:00|117576,2016-01-17,Regional Express Co.,transport_cost,Isolation Forest,64.0,240.75,0.6789761475157848,High
transport_cost|Isolation Forest|National Freight Partners|2015-06-21 00:00:00|145107,2015-06-21,National Freight Partners,transport_cost,Isolation Forest,64.0,241.24,0.6789761475157848,High
transport_cost|Isolation Forest|Regional Express Co.|2017-01-04 00:00:00|48209,2017-01-04,Regional Express Co.,transport_cost,Isolation Forest,64.0,241.35,0.6789761475157848,High
transport_cost|Isolation Forest|National Freight Partners|2018-01-21 00:00:00|48050,2018-01-21,National Freight Partners,transport_cost,Isolation Forest,64.0,240.7,0.6789761475157848,High
transport_cost|Isolation Forest|Regional Express Co.|2015-06-17 00:00:00|140193,2015-06-17,Regional Express Co.,transport_cost,Isolation Forest,64.0,241.42,0.6789761475157848,High
transport_cost|Isolation Forest|Regional Express Co.|2016-10-15 00:00:00|140227,2016-10-15,Regional Express Co.,transport_cost,Isolation Forest,64.0,241.39,0.6789761475157848,High
transport_cost|Isolation Forest|Regional Express Co.|2015-11-18 00:00:00|142277,2015-11-18,Regional Express Co.,transport_cost,Isolation Forest,64.0,241.56,0.6789761475157848,High
transport_cost|Isolation Forest|Regional Express Co.|2017-05-15 00:00:00|105828,2017-05-15,Regional Express Co.,transport_cost,Isolation Forest,64.0,241.35,0.6789761475157848,High
transport_cost|Isolation Forest|Regional Express Co.|2015-10-04 00:00:00|141179,2015-10-04,Regional Express Co.,transport_cost,Isolation Forest,64.0,241.54,0.6789761475157848,High
transport_cost|Isolation Forest|National Freight Partners|2016-05-13 00:00:00|44495,2016-05-13,National Freight Partners,transport_cost,Isolation Forest,64.0,241.55,0.6789761475157848,High
transport_cost|Isolation Forest|Regional Express Co.|2017-05-22 00:00:00|141464,2017-05-22,Regional Express Co.,transport_cost,Isolation Forest,64.0,241.35,0.6789761475157848,High
transport_cost|Isolation Forest|Regional Express Co.|2017-01-02 00:00:00|73058,2017-01-02,Regional Express Co.,transport_cost,Isolation Forest,64.0,241.47,0.6789761475157848,High
transport_cost|Isolation Forest|Regional Express Co.|2015-05-12 00:00:00|44598,2015-05-12,Regional Express Co.,transport_cost,Isolation Forest,64.0,241.56,0.6789761475157848,High
transport_cost|Isolation Forest|Regional Express Co.|2016-04-14 00:00:00|42705,2016-04-14,Regional Express Co.,transport_cost,Isolation Forest,64.0,240.76,0.6789761475157848,High
transport_cost|Isolation Forest|Regional Express Co.|2015-01-07 00:00:00|77001,2015-01-07,Regional Express Co.,transport_cost,Isolation Forest,64.0,241.55,0.6789761475157848,High
transport_cost|Isolation Forest|Regional Express Co.|2015-02-28 00:00:00|92634,2015-02-28,Regional Express Co.,transport_cost,Isolation Forest,64.0,240.76,0.6789761475157848,High
transport_cost|Isolation Forest|Regional Express Co.|2017-12-13 00:00:00|42475,2017-12-13,Regional Express Co.,transport_cost,Isolation Forest,64.0,241.46,0.6789761475157848,High
transport_cost|Isolation Forest|National Freight Partners|2015-01-06 00:00:00|117362,2015-01-06,National Freight Partners,transport_cost,Isolation Forest,64.0,240.7,0.6789761475157848,High
transport_cost|Isolation Forest|Regional Express Co.|2017-02-07 00:00:00|96787,2017-02-07,Regional Express Co.,transport_cost,Isolation Forest,64.0,241.37,0.6789761475157848,High
transport_cost|Isolation Forest|Regional Express Co.|2017-09-08 00:00:00|96370,2017-09-08,Regional Express Co.,transport_cost,Isolation Forest,64.0,241.59,0.6789761475157848,High
transport_cost|Isolation Forest|Regional Express Co.|2015-02-08 00:00:00|76501,2015-02-08,Regional Express Co.,transport_cost,Isolation Forest,64.0,240.74,0.6789761475157848,High
transport_cost|Isolation Forest|National Freight Partners|2016-03-03 00:00:00|4091,2016-03-03,National Freight Partners,transport_cost,Isolation Forest,64.0,240.77,0.6785169169182028,High
transport_cost|Isolation Forest|Regional Express Co.|2015-07-23 00:00:00|47869,2015-07-23,Regional Express Co.,transport_cost,Isolation Forest,64.0,240.22,0.6780579969246715,High
transport_cost|Isolation Forest|Regional Express Co.|2015-07-23 00:00:00|116574,2015-07-23,Regional Express Co.,transport_cost,Isolation Forest,64.0,240.2,0.6780579969246715,High
transport_cost|Isolation Forest|Regional Express Co.|2017-11-18 00:00:00|20092,2017-11-18,Regional Express Co.,transport_cost,Isolation Forest,64.0,240.64,0.6780579969246715,High
transport_cost|Isolation Forest|National Freight Partners|2016-04-18 00:00:00|153021,2016-04-18,National Freight Partners,transport_cost,Isolation Forest,64.0,240.13,0.6780579969246715,High
transport_cost|Isolation Forest|Regional Express Co.|2016-07-24 00:00:00|42684,2016-07-24,Regional Express Co.,transport_cost,Isolation Forest,64.0,240.18,0.6780579969246715,High
transport_cost|Isolation Forest|Regional Express Co.|2016-01-06 00:00:00|132653,2016-01-06,Regional Express Co.,transport_cost,Isolation Forest,64.0,240.16,0.6780579969246715,High
transport_cost|Isolation Forest|National Freight Partners|2017-09-01 00:00:00|16012,2017-09-01,National Freight Partners,transport_cost,Isolation Forest,64.0,240.62,0.6780579969246715,High
transport_cost|Isolation Forest|Regional Express Co.|2017-01-25 00:00:00|145346,2017-01-25,Regional Express Co.,transport_cost,Isolation Forest,64.0,240.18,0.6780579969246715,High
transport_cost|Isolation Forest|Regional Express Co.|2015-03-11 00:00:00|165374,2015-03-11,Regional Express Co.,transport_cost,Isolation Forest,64.0,240.11,0.6780579969246715,High
transport_cost|Isolation Forest|National Freight Partners|2017-08-18 00:00:00|44146,2017-08-18,National Freight Partners,transport_cost,Isolation Forest,64.0,240.03,0.6780579969246715,High
transport_cost|Isolation Forest|Regional Express Co.|2016-11-11 00:00:00|141425,2016-11-11,Regional Express Co.,transport_cost,Isolation Forest,64.0,240.19,0.6780579969246715,High
transport_cost|Isolation Forest|Regional Express Co.|2015-11-12 00:00:00|157508,2015-11-12,Regional Express Co.,transport_cost,Isolation Forest,64.0,240.61,0.6780579969246715,High
transport_cost|Isolation Forest|Regional Express Co.|2015-07-21 00:00:00|144544,2015-07-21,Regional Express Co.,transport_cost,Isolation Forest,64.0,240.31,0.6780579969246715,High
transport_cost|Isolation Forest|Regional Express Co.|2017-02-01 00:00:00|26626,2017-02-01,Regional Express Co.,transport_cost,Isolation Forest,64.0,240.26,0.6780579969246715,High
transport_cost|Isolation Forest|National Freight Partners|2015-01-16 00:00:00|157394,2015-01-16,National Freight Partners,transport_cost,Isolation Forest,64.0,240.14,0.6780579969246715,High
transport_cost|Isolation Forest|National Freight Partners|2016-07-12 00:00:00|48202,2016-07-12,National Freight Partners,transport_cost,Isolation Forest,64.0,240.22,0.6780579969246715,High
transport_cost|Isolation Forest|Regional Express Co.|2016-05-30 00:00:00|27141,2016-05-30,Regional Express Co.,transport_cost,Isolation Forest,64.0,240.13,0.6780579969246715,High
transport_cost|Isolation Forest|Regional Express Co.|2016-09-20 00:00:00|177237,2016-09-20,Regional Express Co.,transport_cost,Isolation Forest,64.0,240.27,0.6780579969246715,High
transport_cost|Isolation Forest|Regional Express Co.|2015-05-29 00:00:00|42034,2015-05-29,Regional Express Co.,transport_cost,Isolation Forest,64.0,240.05,0.6780579969246715,High
transport_cost|Isolation Forest|Regional Express Co.|2016-11-21 00:00:00|31737,2016-11-21,Regional Express Co.,transport_cost,Isolation Forest,64.0,240.09,0.6780579969246715,High
transport_cost|Isolation Forest|Regional Express Co.|2016-04-01 00:00:00|11170,2016-04-01,Regional Express Co.,transport_cost,Isolation Forest,64.0,240.08,0.6780579969246715,High
transport_cost|Isolation Forest|Regional Express Co.|2015-06-14 00:00:00|27397,2015-06-14,Regional Express Co.,transport_cost,Isolation Forest,64.0,240.17,0.6780579969246715,High
transport_cost|Isolation Forest|Regional Express Co.|2015-11-06 00:00:00|44448,2015-11-06,Regional Express Co.,transport_cost,Isolation Forest,64.0,240.09,0.6780579969246715,High
transport_cost|Isolation Forest|Regional Express Co.|2015-01-29 00:00:00|110187,2015-01-29,Regional Express Co.,transport_cost,Isolation Forest,64.0,240.05,0.6780579969246715,High
transport_cost|Isolation Forest|Regional Express Co.|2015-02-28 00:00:00|32612,2015-02-28,Regional Express Co.,transport_cost,Isolation Forest,64.0,240.07,0.6780579969246715,High
transport_cost|Isolation Forest|Regional Express Co.|2016-10-08 00:00:00|113056,2016-10-08,Regional Express Co.,transport_cost,Isolation Forest,64.0,240.12,0.6780579969246715,High
transport_cost|Isolation Forest|Regional Express Co.|2017-01-13 00:00:00|42896,2017-01-13,Regional Express Co.,transport_cost,Isolation Forest,64.0,240.13,0.6780579969246715,High
transport_cost|Isolation Forest|Regional Express Co.|2016-04-28 00:00:00|4062,2016-04-28,Regional Express Co.,transport_cost,Isolation Forest,64.0,240.6,0.6780579969246715,High
transport_cost|Isolation Forest|Regional Express Co.|2017-07-25 00:00:00|39160,2017-07-25,Regional Express Co.,transport_cost,Isolation Forest,64.0,240.15,0.6780579969246715,High
transport_cost|Isolation Forest|Regional Express Co.|2015-10-25 00:00:00|70763,2015-10-25,Regional Express Co.,transport_cost,Isolation Forest,64.0,240.33,0.6780579969246715,High
transport_cost|Isolation Forest|Regional Express Co.|2016-06-05 00:00:00|152254,2016-06-05,Regional Express Co.,transport_cost,Isolation Forest,64.0,240.26,0.6780579969246715,High
transport_cost|Isolation Forest|Regional Express Co.|2017-06-20 00:00:00|6003,2017-06-20,Regional Express Co.,transport_cost,Isolation Forest,64.0,240.1,0.6780579969246715,High
transport_cost|Isolation Forest|Regional Express Co.|2017-11-16 00:00:00|69182,2017-11-16,Regional Express Co.,transport_cost,Isolation Forest,64.0,240.18,0.6780579969246715,High
transport_cost|Isolation Forest|Regional Express Co.|2016-09-22 00:00:00|19562,2016-09-22,Regional Express Co.,transport_cost,Isolation Forest,64.0,240.32,0.6780579969246715,High
transport_cost|Isolation Forest|Regional Express Co.|2018-01-08 00:00:00|6098,2018-01-08,Regional Express Co.,transport_cost,Isolation Forest,64.0,240.03,0.6780579969246715,High
transport_cost|Isolation Forest|Regional Express Co.|2016-06-28 00:00:00|176021,2016-06-28,Regional Express Co.,transport_cost,Isolation Forest,64.0,240.62,0.6780579969246715,High
transport_cost|Isolation Forest|Regional Express Co.|2017-03-15 00:00:00|19439,2017-03-15,Regional Express Co.,transport_cost,Isolation Forest,64.0,240.2,0.6780579969246715,High
transport_cost|Isolation Forest|Regional Express Co.|2016-04-20 00:00:00|28830,2016-04-20,Regional Express Co.,transport_cost,Isolation Forest,64.0,240.54,0.6775993873251115,High
transport_cost|Isolation Forest|Regional Express Co.|2017-04-19 00:00:00|138133,2017-04-19,Regional Express Co.,transport_cost,Isolation Forest,64.0,240.36,0.6775993873251115,High
transport_cost|Isolation Forest|Regional Express Co.|2016-07-22 00:00:00|156817,2016-07-22,Regional Express Co.,transport_cost,Isolation Forest,64.0,240.42,0.6775993873251115,High
transport_cost|Isolation Forest|Regional Express Co.|2017-10-03 00:00:00|156077,2017-10-03,Regional Express Co.,transport_cost,Isolation Forest,64.0,240.41,0.6775993873251115,High
transport_cost|Isolation Forest|National Freight Partners|2017-12-12 00:00:00|48020,2017-12-12,National Freight Partners,transport_cost,Isolation Forest,64.0,240.58,0.6775993873251115,High
transport_cost|Isolation Forest|National Freight Partners|2016-03-27 00:00:00|153421,2016-03-27,National Freight Partners,transport_cost,Isolation Forest,64.0,240.38,0.6775993873251115,High
transport_cost|Isolation Forest|National Freight Partners|2016-03-07 00:00:00|97341,2016-03-07,National Freight Partners,transport_cost,Isolation Forest,64.0,240.45,0.6775993873251115,High
transport_cost|Isolation Forest|Regional Express Co.|2015-01-07 00:00:00|77009,2015-01-07,Regional Express Co.,transport_cost,Isolation Forest,64.0,240.36,0.6775993873251115,High
transport_cost|Isolation Forest|Regional Express Co.|2015-07-01 00:00:00|157384,2015-07-01,Regional Express Co.,transport_cost,Isolation Forest,64.0,240.36,0.6775993873251115,High
transport_cost|Isolation Forest|Regional Express Co.|2017-09-30 00:00:00|77184,2017-09-30,Regional Express Co.,transport_cost,Isolation Forest,64.0,240.58,0.6775993873251115,High
transport_cost|Isolation Forest|Regional Express Co.|2015-12-16 00:00:00|133074,2015-12-16,Regional Express Co.,transport_cost,Isolation Forest,64.0,240.4,0.6775993873251115,High
transport_cost|Isolation Forest|Regional Express Co.|2015-02-16 00:00:00|6070,2015-02-16,Regional Express Co.,transport_cost,Isolation Forest,64.0,240.53,0.6775993873251115,High
transport_cost|Isolation Forest|Regional Express Co.|2015-06-06 00:00:00|58599,2015-06-06,Regional Express Co.,transport_cost,Isolation Forest,64.0,240.54,0.6775993873251115,High
transport_cost|Isolation Forest|Regional Express Co.|2016-10-26 00:00:00|141427,2016-10-26,Regional Express Co.,transport_cost,Isolation Forest,64.0,240.59,0.6775993873251115,High
transport_cost|Isolation Forest|National Freight Partners|2017-09-16 00:00:00|53049,2017-09-16,National Freight Partners,transport_cost,Isolation Forest,64.0,240.52,0.6775993873251115,High
transport_cost|Isolation Forest|Regional Express Co.|2016-07-31 00:00:00|151260,2016-07-31,Regional Express Co.,transport_cost,Isolation Forest,64.0,240.48,0.6775993873251115,High
transport_cost|Isolation Forest|Regional Express Co.|2015-10-31 00:00:00|168864,2015-10-31,Regional Express Co.,transport_cost,Isolation Forest,64.0,240.59,0.6775993873251115,High
transport_cost|Isolation Forest|Regional Express Co.|2016-10-27 00:00:00|9688,2016-10-27,Regional Express Co.,transport_cost,Isolation Forest,64.0,240.42,0.6775993873251115,High
transport_cost|Isolation Forest|National Freight Partners|2015-08-12 00:00:00|116,2015-08-12,National Freight Partners,transport_cost,Isolation Forest,64.0,240.52,0.6775993873251115,High
transport_cost|Isolation Forest|Regional Express Co.|2016-10-24 00:00:00|96982,2016-10-24,Regional Express Co.,transport_cost,Isolation Forest,64.0,240.5,0.6775993873251115,High
transport_cost|Isolation Forest|Regional Express Co.|2015-03-02 00:00:00|47945,2015-03-02,Regional Express Co.,transport_cost,Isolation Forest,64.0,240.02,0.6762254187915966,High
transport_cost|Isolation Forest|Regional Express Co.|2016-01-17 00:00:00|117572,2016-01-17,Regional Express Co.,transport_cost,Isolation Forest,64.0,239.81,0.6762254187915966,High
transport_cost|Isolation Forest|Regional Express Co.|2015-04-10 00:00:00|16167,2015-04-10,Regional Express Co.,transport_cost,Isolation Forest,64.0,239.84,0.6762254187915966,High
transport_cost|Isolation Forest|Regional Express Co.|2015-02-08 00:00:00|117610,2015-02-08,Regional Express Co.,transport_cost,Isolation Forest,64.0,239.91,0.6762254187915966,High
transport_cost|Isolation Forest|Regional Express Co.|2017-02-02 00:00:00|28788,2017-02-02,Regional Express Co.,transport_cost,Isolation Forest,64.0,239.9,0.6762254187915966,High
transport_cost|Isolation Forest|Regional Express Co.|2017-10-24 00:00:00|168445,2017-10-24,Regional Express Co.,transport_cost,Isolation Forest,64.0,239.7,0.6762254187915966,High
transport_cost|Isolation Forest|National Freight Partners|2016-03-04 00:00:00|16247,2016-03-04,National Freight Partners,transport_cost,Isolation Forest,64.0,239.91,0.6762254187915966,High
transport_cost|Isolation Forest|Regional Express Co.|2015-11-24 00:00:00|48014,2015-11-24,Regional Express Co.,transport_cost,Isolation Forest,64.0,239.82,0.6762254187915966,High
transport_cost|Isolation Forest|National Freight Partners|2015-03-30 00:00:00|18037,2015-03-30,National Freight Partners,transport_cost,Isolation Forest,64.0,239.93,0.6762254187915966,High
transport_cost|Isolation Forest|Regional Express Co.|2016-09-20 00:00:00|172703,2016-09-20,Regional Express Co.,transport_cost,Isolation Forest,64.0,239.84,0.6762254187915966,High
transport_cost|Isolation Forest|Regional Express Co.|2016-11-05 00:00:00|168649,2016-11-05,Regional Express Co.,transport_cost,Isolation Forest,64.0,239.83,0.6762254187915966,High
transport_cost|Isolation Forest|Regional Express Co.|2016-04-25 00:00:00|101506,2016-04-25,Regional Express Co.,transport_cost,Isolation Forest,64.0,239.74,0.6762254187915966,High
transport_cost|Isolation Forest|Regional Express Co.|2017-11-05 00:00:00|2125,2017-11-05,Regional Express Co.,transport_cost,Isolation Forest,64.0,239.98,0.6762254187915966,High
transport_cost|Isolation Forest|National Freight Partners|2015-12-16 00:00:00|133082,2015-12-16,National Freight Partners,transport_cost,Isolation Forest,64.0,240.01,0.6762254187915966,High
transport_cost|Isolation Forest|National Freight Partners|2015-03-29 00:00:00|50728,2015-03-29,National Freight Partners,transport_cost,Isolation Forest,64.0,239.96,0.6762254187915966,High
transport_cost|Isolation Forest|National Freight Partners|2017-07-08 00:00:00|165738,2017-07-08,National Freight Partners,transport_cost,Isolation Forest,64.0,239.98,0.6762254187915966,High
transport_cost|Isolation Forest|Regional Express Co.|2017-05-29 00:00:00|165759,2017-05-29,Regional Express Co.,transport_cost,Isolation Forest,64.0,239.92,0.6762254187915966,High
transport_cost|Isolation Forest|National Freight Partners|2015-06-21 00:00:00|141705,2015-06-21,National Freight Partners,transport_cost,Isolation Forest,64.0,239.99,0.6762254187915966,High
transport_cost|Isolation Forest|Regional Express Co.|2016-09-03 00:00:00|74923,2016-09-03,Regional Express Co.,transport_cost,Isolation Forest,64.0,239.69,0.6762254187915966,High
transport_cost|Isolation Forest|Regional Express Co.|2017-09-13 00:00:00|24897,2017-09-13,Regional Express Co.,transport_cost,Isolation Forest,64.0,239.79,0.6762254187915966,High
transport_cost|Isolation Forest|National Freight Partners|2015-01-07 00:00:00|16072,2015-01-07,National Freight Partners,transport_cost,Isolation Forest,64.0,239.77,0.6762254187915966,High
transport_cost|Isolation Forest|National Freight Partners|2015-12-13 00:00:00|125078,2015-12-13,National Freight Partners,transport_cost,Isolation Forest,64.0,239.93,0.6762254187915966,High
transport_cost|Isolation Forest|Regional Express Co.|2016-09-04 00:00:00|116334,2016-09-04,Regional Express Co.,transport_cost,Isolation Forest,64.0,239.72,0.6762254187915966,High
transport_cost|Isolation Forest|Regional Express Co.|2016-04-03 00:00:00|42800,2016-04-03,Regional Express Co.,transport_cost,Isolation Forest,64.0,239.98,0.6762254187915966,High
transport_cost|Isolation Forest|Regional Express Co.|2016-07-16 00:00:00|29373,2016-07-16,Regional Express Co.,transport_cost,Isolation Forest,64.0,239.73,0.6762254187915966,High
transport_cost|Isolation Forest|Regional Express Co.|2017-01-03 00:00:00|145700,2017-01-03,Regional Express Co.,transport_cost,Isolation Forest,64.0,239.88,0.6762254187915966,High
transport_cost|Isolation Forest|Regional Express Co.|2015-06-15 00:00:00|43528,2015-06-15,Regional Express Co.,transport_cost,Isolation Forest,64.0,239.72,0.6762254187915966,High
transport_cost|Isolation Forest|Regional Express Co.|2015-10-15 00:00:00|109930,2015-10-15,Regional Express Co.,transport_cost,Isolation Forest,64.0,239.95,0.6762254187915966,High
transport_cost|Isolation Forest|Regional Express Co.|2017-07-15 00:00:00|141693,2017-07-15,Regional Express Co.,transport_cost,Isolation Forest,64.0,239.68,0.6757680486699685,High
transport_cost|Isolation Forest|National Freight Partners|2016-10-15 00:00:00|141776,2016-10-15,National Freight Partners,transport_cost,Isolation Forest,64.0,239.64,0.6748542362545957,High
transport_cost|Isolation Forest|Regional Express Co.|2015-04-29 00:00:00|18780,2015-04-29,Regional Express Co.,transport_cost,Isolation Forest,64.0,239.55,0.6748542362545957,High
transport_cost|Isolation Forest|Regional Express Co.|2015-03-08 00:00:00|25922,2015-03-08,Regional Express Co.,transport_cost,Isolation Forest,64.0,239.62,0.6748542362545957,High
transport_cost|Isolation Forest|Regional Express Co.|2017-01-08 00:00:00|48271,2017-01-08,Regional Express Co.,transport_cost,Isolation Forest,64.0,239.65,0.6748542362545957,High
transport_cost|Isolation Forest|Regional Express Co.|2017-08-16 00:00:00|157013,2017-08-16,Regional Express Co.,transport_cost,Isolation Forest,64.0,239.57,0.6748542362545957,High
transport_cost|Isolation Forest|Regional Express Co.|2017-07-24 00:00:00|19426,2017-07-24,Regional Express Co.,transport_cost,Isolation Forest,64.0,239.58,0.6748542362545957,High
transport_cost|Isolation Forest|Regional Express Co.|2015-01-31 00:00:00|177031,2015-01-31,Regional Express Co.,transport_cost,Isolation Forest,64.0,239.65,0.6748542362545957,High
transport_cost|Isolation Forest|Regional Express Co.|2017-06-18 00:00:00|150661,2017-06-18,Regional Express Co.,transport_cost,Isolation Forest,64.0,239.58,0.6748542362545957,High
transport_cost|Isolation Forest|Regional Express Co.|2015-03-04 00:00:00|28687,2015-03-04,Regional Express Co.,transport_cost,Isolation Forest,64.0,239.5,0.6748542362545957,High
transport_cost|Isolation Forest|Regional Express Co.|2015-09-12 00:00:00|71192,2015-09-12,Regional Express Co.,transport_cost,Isolation Forest,64.0,239.55,0.6748542362545957,High
transport_cost|Isolation Forest|Regional Express Co.|2015-04-23 00:00:00|175518,2015-04-23,Regional Express Co.,transport_cost,Isolation Forest,64.0,239.5,0.6748542362545957,High
transport_cost|Isolation Forest|Regional Express Co.|2016-10-28 00:00:00|155974,2016-10-28,Regional Express Co.,transport_cost,Isolation Forest,64.0,239.59,0.6748542362545957,High
transport_cost|Isolation Forest|Regional Express Co.|2016-09-23 00:00:00|74611,2016-09-23,Regional Express Co.,transport_cost,Isolation Forest,64.0,239.59,0.6748542362545957,High
transport_cost|Isolation Forest|Regional Express Co.|2016-09-20 00:00:00|74643,2016-09-20,Regional Express Co.,transport_cost,Isolation Forest,64.0,239.59,0.6748542362545957,High
transport_cost|Isolation Forest|Regional Express Co.|2016-08-17 00:00:00|150988,2016-08-17,Regional Express Co.,transport_cost,Isolation Forest,64.0,239.52,0.6748542362545957,High
transport_cost|Isolation Forest|Regional Express Co.|2015-02-18 00:00:00|110143,2015-02-18,Regional Express Co.,transport_cost,Isolation Forest,64.0,239.54,0.6748542362545957,High
transport_cost|Isolation Forest|Regional Express Co.|2017-05-10 00:00:00|19997,2017-05-10,Regional Express Co.,transport_cost,Isolation Forest,64.0,239.63,0.6748542362545957,High
transport_cost|Isolation Forest|Regional Express Co.|2018-01-29 00:00:00|25183,2018-01-29,Regional Express Co.,transport_cost,Isolation Forest,64.0,239.35,0.6730303168819428,High
transport_cost|Isolation Forest|Regional Express Co.|2017-12-23 00:00:00|11027,2017-12-23,Regional Express Co.,transport_cost,Isolation Forest,64.0,239.34,0.6730303168819428,High
transport_cost|Isolation Forest|Regional Express Co.|2015-09-25 00:00:00|103291,2015-09-25,Regional Express Co.,transport_cost,Isolation Forest,64.0,239.3,0.6730303168819428,High
transport_cost|Isolation Forest|Regional Express Co.|2016-06-30 00:00:00|100307,2016-06-30,Regional Express Co.,transport_cost,Isolation Forest,64.0,239.35,0.6730303168819428,High
transport_cost|Isolation Forest|Regional Express Co.|2016-07-29 00:00:00|59427,2016-07-29,Regional Express Co.,transport_cost,Isolation Forest,64.0,239.37,0.6730303168819428,High
transport_cost|Isolation Forest|National Freight Partners|2016-08-10 00:00:00|169062,2016-08-10,National Freight Partners,transport_cost,Isolation Forest,64.0,239.32,0.6730303168819428,High
transport_cost|Isolation Forest|Regional Express Co.|2015-01-10 00:00:00|76961,2015-01-10,Regional Express Co.,transport_cost,Isolation Forest,64.0,239.35,0.6730303168819428,High
transport_cost|Isolation Forest|Regional Express Co.|2015-03-29 00:00:00|110222,2015-03-29,Regional Express Co.,transport_cost,Isolation Forest,64.0,239.33,0.6730303168819428,High
transport_cost|Isolation Forest|Regional Express Co.|2015-03-11 00:00:00|113632,2015-03-11,Regional Express Co.,transport_cost,Isolation Forest,64.0,239.36,0.6730303168819428,High
transport_cost|Isolation Forest|Regional Express Co.|2015-11-19 00:00:00|6157,2015-11-19,Regional Express Co.,transport_cost,Isolation Forest,64.0,238.96,0.6726694893658809,High
transport_cost|Isolation Forest|Regional Express Co.|2017-09-28 00:00:00|62799,2017-09-28,Regional Express Co.,transport_cost,Isolation Forest,64.0,239.02,0.6726694893658809,High
transport_cost|Isolation Forest|Regional Express Co.|2017-09-07 00:00:00|50849,2017-09-07,Regional Express Co.,transport_cost,Isolation Forest,64.0,238.93,0.6726694893658809,High
transport_cost|Isolation Forest|Regional Express Co.|2017-11-27 00:00:00|44471,2017-11-27,Regional Express Co.,transport_cost,Isolation Forest,64.0,239.07,0.6726694893658809,High
transport_cost|Isolation Forest|Regional Express Co.|2016-10-27 00:00:00|42829,2016-10-27,Regional Express Co.,transport_cost,Isolation Forest,64.0,239.1,0.6726694893658809,High
transport_cost|Isolation Forest|National Freight Partners|2018-01-12 00:00:00|527,2018-01-12,National Freight Partners,transport_cost,Isolation Forest,64.0,238.84,0.6726694893658809,High
transport_cost|Isolation Forest|Regional Express Co.|2017-09-01 00:00:00|16011,2017-09-01,Regional Express Co.,transport_cost,Isolation Forest,64.0,238.51,0.6726694893658809,High
transport_cost|Isolation Forest|Regional Express Co.|2017-02-18 00:00:00|165566,2017-02-18,Regional Express Co.,transport_cost,Isolation Forest,64.0,239.05,0.6726694893658809,High
transport_cost|Isolation Forest|Regional Express Co.|2017-03-28 00:00:00|92629,2017-03-28,Regional Express Co.,transport_cost,Isolation Forest,64.0,238.95,0.6726694893658809,High
transport_cost|Isolation Forest|National Freight Partners|2015-07-28 00:00:00|39252,2015-07-28,National Freight Partners,transport_cost,Isolation Forest,64.0,239.02,0.6726694893658809,High
transport_cost|Isolation Forest|Regional Express Co.|2015-08-04 00:00:00|169074,2015-08-04,Regional Express Co.,transport_cost,Isolation Forest,64.0,238.9,0.6726694893658809,High
transport_cost|Isolation Forest|National Freight Partners|2016-03-29 00:00:00|153388,2016-03-29,National Freight Partners,transport_cost,Isolation Forest,64.0,239.11,0.6726694893658809,High
transport_cost|Isolation Forest|National Freight Partners|2015-06-14 00:00:00|39163,2015-06-14,National Freight Partners,transport_cost,Isolation Forest,64.0,238.92,0.6726694893658809,High
transport_cost|Isolation Forest|Regional Express Co.|2015-06-02 00:00:00|57,2015-06-02,Regional Express Co.,transport_cost,Isolation Forest,64.0,238.86,0.6726694893658809,High
transport_cost|Isolation Forest|Regional Express Co.|2016-03-23 00:00:00|153475,2016-03-23,Regional Express Co.,transport_cost,Isolation Forest,64.0,238.92,0.6726694893658809,High
transport_cost|Isolation Forest|National Freight Partners|2015-05-12 00:00:00|36344,2015-05-12,National Freight Partners,transport_cost,Isolation Forest,64.0,238.54,0.6726694893658809,High
transport_cost|Isolation Forest|Regional Express Co.|2016-04-03 00:00:00|130952,2016-04-03,Regional Express Co.,transport_cost,Isolation Forest,64.0,238.93,0.6726694893658809,High
transport_cost|Isolation Forest|Regional Express Co.|2016-09-19 00:00:00|175080,2016-09-19,Regional Express Co.,transport_cost,Isolation Forest,64.0,238.92,0.6726694893658809,High
transport_cost|Isolation Forest|Regional Express Co.|2015-04-18 00:00:00|62288,2015-04-18,Regional Express Co.,transport_cost,Isolation Forest,64.0,239.06,0.6726694893658809,High
transport_cost|Isolation Forest|Regional Express Co.|2015-10-22 00:00:00|156727,2015-10-22,Regional Express Co.,transport_cost,Isolation Forest,64.0,238.96,0.6726694893658809,High
transport_cost|Isolation Forest|Regional Express Co.|2016-07-04 00:00:00|2809,2016-07-04,Regional Express Co.,transport_cost,Isolation Forest,64.0,238.83,0.6726694893658809,High
transport_cost|Isolation Forest|Regional Express Co.|2015-06-05 00:00:00|61509,2015-06-05,Regional Express Co.,transport_cost,Isolation Forest,64.0,238.9,0.6726694893658809,High
transport_cost|Isolation Forest|Regional Express Co.|2017-12-03 00:00:00|1389,2017-12-03,Regional Express Co.,transport_cost,Isolation Forest,64.0,239.03,0.6726694893658809,High
transport_cost|Isolation Forest|National Freight Partners|2016-05-10 00:00:00|71731,2016-05-10,National Freight Partners,transport_cost,Isolation Forest,64.0,238.49,0.6726694893658809,High
transport_cost|Isolation Forest|Regional Express Co.|2015-08-04 00:00:00|39060,2015-08-04,Regional Express Co.,transport_cost,Isolation Forest,64.0,239.06,0.6726694893658809,High
transport_cost|Isolation Forest|Regional Express Co.|2015-05-13 00:00:00|92686,2015-05-13,Regional Express Co.,transport_cost,Isolation Forest,64.0,238.87,0.6726694893658809,High
transport_cost|Isolation Forest|Regional Express Co.|2015-09-09 00:00:00|44561,2015-09-09,Regional Express Co.,transport_cost,Isolation Forest,64.0,239.07,0.6726694893658809,High
transport_cost|Isolation Forest|Regional Express Co.|2015-06-06 00:00:00|3897,2015-06-06,Regional Express Co.,transport_cost,Isolation Forest,64.0,238.98,0.6726694893658809,High
transport_cost|Isolation Forest|Regional Express Co.|2017-08-28 00:00:00|141840,2017-08-28,Regional Express Co.,transport_cost,Isolation Forest,64.0,238.91,0.6726694893658809,High
transport_cost|Isolation Forest|National Freight Partners|2015-12-14 00:00:00|176925,2015-12-14,National Freight Partners,transport_cost,Isolation Forest,64.0,238.98,0.6726694893658809,High
transport_cost|Isolation Forest|Regional Express Co.|2017-06-24 00:00:00|70530,2017-06-24,Regional Express Co.,transport_cost,Isolation Forest,64.0,239.06,0.6726694893658809,High
transport_cost|Isolation Forest|Regional Express Co.|2017-04-23 00:00:00|122353,2017-04-23,Regional Express Co.,transport_cost,Isolation Forest,64.0,238.45,0.6726694893658809,High
transport_cost|Isolation Forest|Regional Express Co.|2017-02-18 00:00:00|172531,2017-02-18,Regional Express Co.,transport_cost,Isolation Forest,64.0,238.85,0.6726694893658809,High
transport_cost|Isolation Forest|Regional Express Co.|2016-01-05 00:00:00|70732,2016-01-05,Regional Express Co.,transport_cost,Isolation Forest,64.0,238.52,0.6726694893658809,High
transport_cost|Isolation Forest|Regional Express Co.|2015-08-26 00:00:00|68696,2015-08-26,Regional Express Co.,transport_cost,Isolation Forest,64.0,238.97,0.6726694893658809,High
transport_cost|Isolation Forest|Regional Express Co.|2017-08-29 00:00:00|116587,2017-08-29,Regional Express Co.,transport_cost,Isolation Forest,64.0,238.5,0.6726694893658809,High
transport_cost|Isolation Forest|Regional Express Co.|2016-06-17 00:00:00|26886,2016-06-17,Regional Express Co.,transport_cost,Isolation Forest,64.0,238.46,0.6726694893658809,High
transport_cost|Isolation Forest|Regional Express Co.|2015-10-28 00:00:00|33227,2015-10-28,Regional Express Co.,transport_cost,Isolation Forest,64.0,238.54,0.6726694893658809,High
transport_cost|Isolation Forest|Regional Express Co.|2017-02-23 00:00:00|29124,2017-02-23,Regional Express Co.,transport_cost,Isolation Forest,64.0,239.04,0.6726694893658809,High
transport_cost|Isolation Forest|Regional Express Co.|2015-12-03 00:00:00|19058,2015-12-03,Regional Express Co.,transport_cost,Isolation Forest,64.0,238.46,0.6726694893658809,High
transport_cost|Isolation Forest|Regional Express Co.|2015-08-17 00:00:00|35923,2015-08-17,Regional Express Co.,transport_cost,Isolation Forest,64.0,239.25,0.6725751077913976,High
transport_cost|Isolation Forest|Regional Express Co.|2016-03-08 00:00:00|117126,2016-03-08,Regional Express Co.,transport_cost,Isolation Forest,64.0,239.38,0.6725751077913976,High
transport_cost|Isolation Forest|Regional Express Co.|2017-04-04 00:00:00|55649,2017-04-04,Regional Express Co.,transport_cost,Isolation Forest,64.0,239.43,0.6725751077913976,High
transport_cost|Isolation Forest|National Freight Partners|2016-03-03 00:00:00|36438,2016-03-03,National Freight Partners,transport_cost,Isolation Forest,64.0,239.45,0.6725751077913976,High
transport_cost|Isolation Forest|Regional Express Co.|2015-04-10 00:00:00|6086,2015-04-10,Regional Express Co.,transport_cost,Isolation Forest,64.0,239.29,0.6725751077913976,High
transport_cost|Isolation Forest|Regional Express Co.|2016-11-16 00:00:00|27034,2016-11-16,Regional Express Co.,transport_cost,Isolation Forest,64.0,239.4,0.6725751077913976,High
transport_cost|Isolation Forest|Regional Express Co.|2017-08-15 00:00:00|58652,2017-08-15,Regional Express Co.,transport_cost,Isolation Forest,64.0,239.44,0.6725751077913976,High
transport_cost|Isolation Forest|Regional Express Co.|2016-03-12 00:00:00|25802,2016-03-12,Regional Express Co.,transport_cost,Isolation Forest,64.0,239.42,0.6725751077913976,High
transport_cost|Isolation Forest|Regional Express Co.|2015-10-12 00:00:00|150739,2015-10-12,Regional Express Co.,transport_cost,Isolation Forest,64.0,239.25,0.6725751077913976,High
transport_cost|Isolation Forest|National Freight Partners|2015-05-12 00:00:00|178262,2015-05-12,National Freight Partners,transport_cost,Isolation Forest,64.0,239.25,0.6725751077913976,High
transport_cost|Isolation Forest|Regional Express Co.|2016-12-21 00:00:00|111609,2016-12-21,Regional Express Co.,transport_cost,Isolation Forest,64.0,238.8,0.672214524323726,High
transport_cost|Isolation Forest|Regional Express Co.|2015-11-09 00:00:00|156355,2015-11-09,Regional Express Co.,transport_cost,Isolation Forest,64.0,238.69,0.672214524323726,High
transport_cost|Isolation Forest|National Freight Partners|2015-03-30 00:00:00|104569,2015-03-30,National Freight Partners,transport_cost,Isolation Forest,64.0,238.66,0.672214524323726,High
transport_cost|Isolation Forest|Regional Express Co.|2015-11-06 00:00:00|43630,2015-11-06,Regional Express Co.,transport_cost,Isolation Forest,64.0,238.68,0.672214524323726,High
transport_cost|Isolation Forest|Regional Express Co.|2017-04-13 00:00:00|168539,2017-04-13,Regional Express Co.,transport_cost,Isolation Forest,64.0,238.61,0.672214524323726,High
transport_cost|Isolation Forest|Regional Express Co.|2015-09-22 00:00:00|25918,2015-09-22,Regional Express Co.,transport_cost,Isolation Forest,64.0,238.62,0.672214524323726,High
transport_cost|Isolation Forest|National Freight Partners|2017-09-01 00:00:00|44578,2017-09-01,National Freight Partners,transport_cost,Isolation Forest,64.0,238.74,0.672214524323726,High
transport_cost|Isolation Forest|Regional Express Co.|2015-04-23 00:00:00|156247,2015-04-23,Regional Express Co.,transport_cost,Isolation Forest,64.0,238.56,0.672214524323726,High
transport_cost|Isolation Forest|Regional Express Co.|2017-10-01 00:00:00|96773,2017-10-01,Regional Express Co.,transport_cost,Isolation Forest,64.0,238.82,0.672214524323726,High
transport_cost|Isolation Forest|Regional Express Co.|2015-07-27 00:00:00|172724,2015-07-27,Regional Express Co.,transport_cost,Isolation Forest,64.0,238.68,0.672214524323726,High
transport_cost|Isolation Forest|Regional Express Co.|2016-08-20 00:00:00|3876,2016-08-20,Regional Express Co.,transport_cost,Isolation Forest,64.0,238.74,0.672214524323726,High
transport_cost|Isolation Forest|Regional Express Co.|2016-03-18 00:00:00|153581,2016-03-18,Regional Express Co.,transport_cost,Isolation Forest,64.0,238.69,0.672214524323726,High
transport_cost|Isolation Forest|Regional Express Co.|2016-08-20 00:00:00|25505,2016-08-20,Regional Express Co.,transport_cost,Isolation Forest,64.0,238.82,0.672214524323726,High
transport_cost|Isolation Forest|Regional Express Co.|2016-01-12 00:00:00|141362,2016-01-12,Regional Express Co.,transport_cost,Isolation Forest,64.0,238.59,0.672214524323726,High
transport_cost|Isolation Forest|Regional Express Co.|2015-03-19 00:00:00|62726,2015-03-19,Regional Express Co.,transport_cost,Isolation Forest,64.0,238.73,0.672214524323726,High
transport_cost|Isolation Forest|National Freight Partners|2015-02-07 00:00:00|44249,2015-02-07,National Freight Partners,transport_cost,Isolation Forest,64.0,238.69,0.672214524323726,High
transport_cost|Isolation Forest|Regional Express Co.|2017-03-01 00:00:00|141739,2017-03-01,Regional Express Co.,transport_cost,Isolation Forest,64.0,238.69,0.672214524323726,High
transport_cost|Isolation Forest|Regional Express Co.|2017-09-26 00:00:00|52881,2017-09-26,Regional Express Co.,transport_cost,Isolation Forest,64.0,238.71,0.672214524323726,High
transport_cost|Isolation Forest|Regional Express Co.|2016-04-15 00:00:00|80001,2016-04-15,Regional Express Co.,transport_cost,Isolation Forest,64.0,238.63,0.672214524323726,High
transport_cost|Isolation Forest|Regional Express Co.|2017-07-09 00:00:00|104832,2017-07-09,Regional Express Co.,transport_cost,Isolation Forest,64.0,238.65,0.672214524323726,High
transport_cost|Isolation Forest|Regional Express Co.|2016-04-03 00:00:00|130951,2016-04-03,Regional Express Co.,transport_cost,Isolation Forest,64.0,238.57,0.672214524323726,High
transport_cost|Isolation Forest|Regional Express Co.|2017-06-29 00:00:00|136907,2017-06-29,Regional Express Co.,transport_cost,Isolation Forest,64.0,238.79,0.672214524323726,High
transport_cost|Isolation Forest|Regional Express Co.|2017-05-08 00:00:00|18831,2017-05-08,Regional Express Co.,transport_cost,Isolation Forest,64.0,238.65,0.672214524323726,High
transport_cost|Isolation Forest|National Freight Partners|2016-04-24 00:00:00|44762,2016-04-24,National Freight Partners,transport_cost,Isolation Forest,64.0,238.71,0.672214524323726,High
transport_cost|Isolation Forest|Regional Express Co.|2017-08-02 00:00:00|35942,2017-08-02,Regional Express Co.,transport_cost,Isolation Forest,64.0,238.73,0.672214524323726,High
transport_cost|Isolation Forest|Regional Express Co.|2016-07-31 00:00:00|92787,2016-07-31,Regional Express Co.,transport_cost,Isolation Forest,64.0,238.6,0.672214524323726,High
transport_cost|Isolation Forest|Regional Express Co.|2015-02-25 00:00:00|113904,2015-02-25,Regional Express Co.,transport_cost,Isolation Forest,64.0,239.17,0.6721202065849269,High
transport_cost|Isolation Forest|Regional Express Co.|2016-01-31 00:00:00|68913,2016-01-31,Regional Express Co.,transport_cost,Isolation Forest,64.0,239.24,0.6721202065849269,High
transport_cost|Isolation Forest|National Freight Partners|2016-07-23 00:00:00|5632,2016-07-23,National Freight Partners,transport_cost,Isolation Forest,64.0,239.24,0.6721202065849269,High
transport_cost|Isolation Forest|Regional Express Co.|2016-02-29 00:00:00|117799,2016-02-29,Regional Express Co.,transport_cost,Isolation Forest,64.0,239.21,0.6721202065849269,High
transport_cost|Isolation Forest|National Freight Partners|2017-02-18 00:00:00|177035,2017-02-18,National Freight Partners,transport_cost,Isolation Forest,64.0,239.23,0.6721202065849269,High
transport_cost|Isolation Forest|Regional Express Co.|2015-09-06 00:00:00|117535,2015-09-06,Regional Express Co.,transport_cost,Isolation Forest,64.0,239.23,0.6721202065849269,High
transport_cost|Isolation Forest|Regional Express Co.|2016-05-16 00:00:00|152560,2016-05-16,Regional Express Co.,transport_cost,Isolation Forest,64.0,239.16,0.6721202065849269,High
transport_cost|Isolation Forest|Regional Express Co.|2015-04-15 00:00:00|116454,2015-04-15,Regional Express Co.,transport_cost,Isolation Forest,64.0,239.2,0.6721202065849269,High
transport_cost|Isolation Forest|Regional Express Co.|2016-05-30 00:00:00|152349,2016-05-30,Regional Express Co.,transport_cost,Isolation Forest,64.0,239.18,0.6721202065849269,High
transport_cost|Isolation Forest|National Freight Partners|2017-04-23 00:00:00|117539,2017-04-23,National Freight Partners,transport_cost,Isolation Forest,64.0,239.16,0.6721202065849269,High
transport_cost|Isolation Forest|Regional Express Co.|2016-01-29 00:00:00|180275,2016-01-29,Regional Express Co.,transport_cost,Isolation Forest,64.0,239.22,0.6721202065849269,High
transport_cost|Isolation Forest|Regional Express Co.|2017-06-15 00:00:00|97260,2017-06-15,Regional Express Co.,transport_cost,Isolation Forest,64.0,237.87,0.6717598670005814,High
transport_cost|Isolation Forest|Regional Express Co.|2016-04-11 00:00:00|6197,2016-04-11,Regional Express Co.,transport_cost,Isolation Forest,64.0,237.97,0.6717598670005814,High
transport_cost|Isolation Forest|National Freight Partners|2016-06-02 00:00:00|44489,2016-06-02,National Freight Partners,transport_cost,Isolation Forest,64.0,237.96,0.6717598670005814,High
transport_cost|Isolation Forest|Regional Express Co.|2015-01-30 00:00:00|5816,2015-01-30,Regional Express Co.,transport_cost,Isolation Forest,64.0,237.95,0.6717598670005814,High
transport_cost|Isolation Forest|Regional Express Co.|2016-02-03 00:00:00|81048,2016-02-03,Regional Express Co.,transport_cost,Isolation Forest,64.0,237.94,0.6717598670005814,High
transport_cost|Isolation Forest|National Freight Partners|2017-07-21 00:00:00|44119,2017-07-21,National Freight Partners,transport_cost,Isolation Forest,64.0,237.77,0.6717598670005814,High
transport_cost|Isolation Forest|Regional Express Co.|2017-07-13 00:00:00|6241,2017-07-13,Regional Express Co.,transport_cost,Isolation Forest,64.0,237.87,0.6717598670005814,High
transport_cost|Isolation Forest|Regional Express Co.|2017-07-23 00:00:00|26940,2017-07-23,Regional Express Co.,transport_cost,Isolation Forest,64.0,237.91,0.6717598670005814,High
transport_cost|Isolation Forest|Regional Express Co.|2015-10-17 00:00:00|24938,2015-10-17,Regional Express Co.,transport_cost,Isolation Forest,64.0,237.81,0.6717598670005814,High
transport_cost|Isolation Forest|Regional Express Co.|2015-02-27 00:00:00|117052,2015-02-27,Regional Express Co.,transport_cost,Isolation Forest,64.0,237.94,0.6717598670005814,High
transport_cost|Isolation Forest|National Freight Partners|2015-09-06 00:00:00|122320,2015-09-06,National Freight Partners,transport_cost,Isolation Forest,64.0,237.78,0.6717598670005814,High
transport_cost|Isolation Forest|Regional Express Co.|2017-03-15 00:00:00|32709,2017-03-15,Regional Express Co.,transport_cost,Isolation Forest,64.0,237.94,0.6717598670005814,High
transport_cost|Isolation Forest|Regional Express Co.|2015-08-04 00:00:00|10900,2015-08-04,Regional Express Co.,transport_cost,Isolation Forest,64.0,237.96,0.6717598670005814,High
transport_cost|Isolation Forest|Regional Express Co.|2016-12-24 00:00:00|9858,2016-12-24,Regional Express Co.,transport_cost,Isolation Forest,64.0,237.96,0.6717598670005814,High
transport_cost|Isolation Forest|Regional Express Co.|2015-05-15 00:00:00|28478,2015-05-15,Regional Express Co.,transport_cost,Isolation Forest,64.0,237.87,0.6717598670005814,High
transport_cost|Isolation Forest|Regional Express Co.|2016-10-04 00:00:00|18079,2016-10-04,Regional Express Co.,transport_cost,Isolation Forest,64.0,237.81,0.6717598670005814,High
transport_cost|Isolation Forest|National Freight Partners|2017-12-06 00:00:00|52655,2017-12-06,National Freight Partners,transport_cost,Isolation Forest,64.0,237.79,0.6717598670005814,High
transport_cost|Isolation Forest|National Freight Partners|2016-07-24 00:00:00|122272,2016-07-24,National Freight Partners,transport_cost,Isolation Forest,64.0,237.83,0.6717598670005814,High
transport_cost|Isolation Forest|Regional Express Co.|2016-09-09 00:00:00|24737,2016-09-09,Regional Express Co.,transport_cost,Isolation Forest,64.0,237.97,0.6717598670005814,High
transport_cost|Isolation Forest|Regional Express Co.|2016-10-06 00:00:00|39108,2016-10-06,Regional Express Co.,transport_cost,Isolation Forest,64.0,237.94,0.6717598670005814,High
transport_cost|Isolation Forest|Regional Express Co.|2016-06-08 00:00:00|59197,2016-06-08,Regional Express Co.,transport_cost,Isolation Forest,64.0,237.92,0.6717598670005814,High
transport_cost|Isolation Forest|Regional Express Co.|2015-08-29 00:00:00|117744,2015-08-29,Regional Express Co.,transport_cost,Isolation Forest,64.0,237.86,0.6717598670005814,High
transport_cost|Isolation Forest|National Freight Partners|2016-03-09 00:00:00|153737,2016-03-09,National Freight Partners,transport_cost,Isolation Forest,64.0,237.96,0.6717598670005814,High
transport_cost|Isolation Forest|Regional Express Co.|2015-07-10 00:00:00|176954,2015-07-10,Regional Express Co.,transport_cost,Isolation Forest,64.0,238.14,0.6713055171883193,High
transport_cost|Isolation Forest|National Freight Partners|2015-04-06 00:00:00|19989,2015-04-06,National Freight Partners,transport_cost,Isolation Forest,64.0,238.02,0.6713055171883193,High
transport_cost|Isolation Forest|Regional Express Co.|2015-09-15 00:00:00|97324,2015-09-15,Regional Express Co.,transport_cost,Isolation Forest,64.0,238.08,0.6713055171883193,High
transport_cost|Isolation Forest|Regional Express Co.|2016-04-10 00:00:00|172771,2016-04-10,Regional Express Co.,transport_cost,Isolation Forest,64.0,238.12,0.6713055171883193,High
transport_cost|Isolation Forest|Regional Express Co.|2015-10-30 00:00:00|71578,2015-10-30,Regional Express Co.,transport_cost,Isolation Forest,64.0,238.03,0.6713055171883193,High
transport_cost|Isolation Forest|Regional Express Co.|2015-08-06 00:00:00|144214,2015-08-06,Regional Express Co.,transport_cost,Isolation Forest,64.0,238.12,0.6713055171883193,High
transport_cost|Isolation Forest|Regional Express Co.|2017-04-05 00:00:00|156900,2017-04-05,Regional Express Co.,transport_cost,Isolation Forest,64.0,238.1,0.6713055171883193,High
transport_cost|Isolation Forest|National Freight Partners|2017-04-03 00:00:00|138409,2017-04-03,National Freight Partners,transport_cost,Isolation Forest,64.0,238.06,0.6713055171883193,High
transport_cost|Isolation Forest|Regional Express Co.|2017-03-18 00:00:00|97039,2017-03-18,Regional Express Co.,transport_cost,Isolation Forest,64.0,238.19,0.6713055171883193,High
transport_cost|Isolation Forest|Regional Express Co.|2017-11-11 00:00:00|70842,2017-11-11,Regional Express Co.,transport_cost,Isolation Forest,64.0,238.15,0.6713055171883193,High
transport_cost|Isolation Forest|Regional Express Co.|2016-04-11 00:00:00|130810,2016-04-11,Regional Express Co.,transport_cost,Isolation Forest,64.0,238.09,0.6713055171883193,High
transport_cost|Isolation Forest|Regional Express Co.|2017-06-07 00:00:00|25609,2017-06-07,Regional Express Co.,transport_cost,Isolation Forest,64.0,238.18,0.6713055171883193,High
transport_cost|Isolation Forest|Regional Express Co.|2017-04-16 00:00:00|42142,2017-04-16,Regional Express Co.,transport_cost,Isolation Forest,64.0,238.03,0.6713055171883193,High
transport_cost|Isolation Forest|Regional Express Co.|2015-05-20 00:00:00|150748,2015-05-20,Regional Express Co.,transport_cost,Isolation Forest,64.0,238.13,0.6713055171883193,High
transport_cost|Isolation Forest|National Freight Partners|2015-10-06 00:00:00|103127,2015-10-06,National Freight Partners,transport_cost,Isolation Forest,64.0,238.07,0.6713055171883193,High
transport_cost|Isolation Forest|Regional Express Co.|2015-02-05 00:00:00|63002,2015-02-05,Regional Express Co.,transport_cost,Isolation Forest,64.0,238.18,0.6713055171883193,High
transport_cost|Isolation Forest|Regional Express Co.|2017-09-21 00:00:00|62702,2017-09-21,Regional Express Co.,transport_cost,Isolation Forest,64.0,238.11,0.6713055171883193,High
transport_cost|Isolation Forest|National Freight Partners|2016-03-07 00:00:00|165827,2016-03-07,National Freight Partners,transport_cost,Isolation Forest,64.0,238.1,0.6713055171883193,High
transport_cost|Isolation Forest|Regional Express Co.|2017-07-06 00:00:00|97007,2017-07-06,Regional Express Co.,transport_cost,Isolation Forest,64.0,238.12,0.6713055171883193,High
transport_cost|Isolation Forest|Regional Express Co.|2016-02-19 00:00:00|80830,2016-02-19,Regional Express Co.,transport_cost,Isolation Forest,64.0,237.99,0.6713055171883193,High
transport_cost|Isolation Forest|Regional Express Co.|2018-01-22 00:00:00|157293,2018-01-22,Regional Express Co.,transport_cost,Isolation Forest,64.0,238.15,0.6713055171883193,High
transport_cost|Isolation Forest|National Freight Partners|2015-04-16 00:00:00|117542,2015-04-16,National Freight Partners,transport_cost,Isolation Forest,64.0,238.06,0.6713055171883193,High
transport_cost|Isolation Forest|Regional Express Co.|2015-09-09 00:00:00|36091,2015-09-09,Regional Express Co.,transport_cost,Isolation Forest,64.0,238.21,0.6713055171883193,High
transport_cost|Isolation Forest|Regional Express Co.|2016-12-22 00:00:00|141551,2016-12-22,Regional Express Co.,transport_cost,Isolation Forest,64.0,237.99,0.6713055171883193,High
transport_cost|Isolation Forest|Regional Express Co.|2016-11-20 00:00:00|73704,2016-11-20,Regional Express Co.,transport_cost,Isolation Forest,64.0,238.29,0.6708514746789521,High
transport_cost|Isolation Forest|Regional Express Co.|2016-06-04 00:00:00|15885,2016-06-04,Regional Express Co.,transport_cost,Isolation Forest,64.0,238.36,0.6708514746789521,High
transport_cost|Isolation Forest|National Freight Partners|2015-12-28 00:00:00|172761,2015-12-28,National Freight Partners,transport_cost,Isolation Forest,64.0,238.3,0.6708514746789521,High
transport_cost|Isolation Forest|Regional Express Co.|2015-07-07 00:00:00|71644,2015-07-07,Regional Express Co.,transport_cost,Isolation Forest,64.0,238.26,0.6708514746789521,High
transport_cost|Isolation Forest|National Freight Partners|2015-03-04 00:00:00|113776,2015-03-04,National Freight Partners,transport_cost,Isolation Forest,64.0,238.36,0.6708514746789521,High
transport_cost|Isolation Forest|Regional Express Co.|2016-03-17 00:00:00|110429,2016-03-17,Regional Express Co.,transport_cost,Isolation Forest,64.0,238.34,0.6708514746789521,High
transport_cost|Isolation Forest|Regional Express Co.|2017-03-11 00:00:00|175924,2017-03-11,Regional Express Co.,transport_cost,Isolation Forest,64.0,238.28,0.6708514746789521,High
transport_cost|Isolation Forest|Regional Express Co.|2015-05-19 00:00:00|11098,2015-05-19,Regional Express Co.,transport_cost,Isolation Forest,64.0,238.29,0.6708514746789521,High
transport_cost|Isolation Forest|Regional Express Co.|2017-10-05 00:00:00|18713,2017-10-05,Regional Express Co.,transport_cost,Isolation Forest,64.0,238.28,0.6708514746789521,High
transport_cost|Isolation Forest|Regional Express Co.|2015-02-20 00:00:00|68960,2015-02-20,Regional Express Co.,transport_cost,Isolation Forest,64.0,238.31,0.6708514746789521,High
transport_cost|Isolation Forest|Regional Express Co.|2015-12-07 00:00:00|165643,2015-12-07,Regional Express Co.,transport_cost,Isolation Forest,64.0,238.35,0.6708514746789521,High
transport_cost|Isolation Forest|Regional Express Co.|2015-05-19 00:00:00|26629,2015-05-19,Regional Express Co.,transport_cost,Isolation Forest,64.0,238.25,0.6708514746789521,High
transport_cost|Isolation Forest|Regional Express Co.|2015-05-25 00:00:00|157061,2015-05-25,Regional Express Co.,transport_cost,Isolation Forest,64.0,238.26,0.6708514746789521,High
transport_cost|Isolation Forest|Regional Express Co.|2017-01-17 00:00:00|157171,2017-01-17,Regional Express Co.,transport_cost,Isolation Forest,64.0,238.31,0.6708514746789521,High
transport_cost|Isolation Forest|Regional Express Co.|2017-06-20 00:00:00|24857,2017-06-20,Regional Express Co.,transport_cost,Isolation Forest,64.0,238.35,0.6708514746789521,High
transport_cost|Isolation Forest|Regional Express Co.|2016-09-23 00:00:00|147449,2016-09-23,Regional Express Co.,transport_cost,Isolation Forest,64.0,238.35,0.6708514746789521,High
transport_cost|Isolation Forest|Regional Express Co.|2016-04-13 00:00:00|11182,2016-04-13,Regional Express Co.,transport_cost,Isolation Forest,64.0,237.73,0.669944310737657,High
transport_cost|Isolation Forest|Regional Express Co.|2018-01-06 00:00:00|110416,2018-01-06,Regional Express Co.,transport_cost,Isolation Forest,64.0,237.63,0.669944310737657,High
transport_cost|Isolation Forest|Regional Express Co.|2015-09-19 00:00:00|175261,2015-09-19,Regional Express Co.,transport_cost,Isolation Forest,64.0,237.7,0.669944310737657,High
transport_cost|Isolation Forest|Regional Express Co.|2017-06-04 00:00:00|42166,2017-06-04,Regional Express Co.,transport_cost,Isolation Forest,64.0,237.72,0.669944310737657,High
transport_cost|Isolation Forest|Regional Express Co.|2017-12-30 00:00:00|17662,2017-12-30,Regional Express Co.,transport_cost,Isolation Forest,64.0,237.75,0.669944310737657,High
transport_cost|Isolation Forest|Regional Express Co.|2016-12-12 00:00:00|17677,2016-12-12,Regional Express Co.,transport_cost,Isolation Forest,64.0,237.67,0.669944310737657,High
transport_cost|Isolation Forest|Regional Express Co.|2015-08-22 00:00:00|143960,2015-08-22,Regional Express Co.,transport_cost,Isolation Forest,64.0,237.71,0.669944310737657,High
transport_cost|Isolation Forest|Regional Express Co.|2018-01-09 00:00:00|18939,2018-01-09,Regional Express Co.,transport_cost,Isolation Forest,64.0,237.73,0.669944310737657,High
transport_cost|Isolation Forest|Regional Express Co.|2015-09-08 00:00:00|103535,2015-09-08,Regional Express Co.,transport_cost,Isolation Forest,64.0,237.65,0.669944310737657,High
transport_cost|Isolation Forest|Regional Express Co.|2017-05-22 00:00:00|175471,2017-05-22,Regional Express Co.,transport_cost,Isolation Forest,64.0,237.63,0.669944310737657,High
transport_cost|Isolation Forest|Regional Express Co.|2015-10-25 00:00:00|11276,2015-10-25,Regional Express Co.,transport_cost,Isolation Forest,64.0,237.76,0.669944310737657,High
transport_cost|Isolation Forest|Regional Express Co.|2015-06-28 00:00:00|59471,2015-06-28,Regional Express Co.,transport_cost,Isolation Forest,64.0,237.59,0.669944310737657,High
transport_cost|Isolation Forest|National Freight Partners|2016-10-11 00:00:00|44040,2016-10-11,National Freight Partners,transport_cost,Isolation Forest,64.0,237.66,0.669944310737657,High
transport_cost|Isolation Forest|Regional Express Co.|2017-05-11 00:00:00|105910,2017-05-11,Regional Express Co.,transport_cost,Isolation Forest,64.0,237.72,0.669944310737657,High
transport_cost|Isolation Forest|Regional Express Co.|2015-08-03 00:00:00|29097,2015-08-03,Regional Express Co.,transport_cost,Isolation Forest,64.0,237.73,0.669944310737657,High
transport_cost|Isolation Forest|Regional Express Co.|2015-07-26 00:00:00|157317,2015-07-26,Regional Express Co.,transport_cost,Isolation Forest,64.0,237.61,0.669944310737657,High
transport_cost|Isolation Forest|Regional Express Co.|2015-11-24 00:00:00|97058,2015-11-24,Regional Express Co.,transport_cost,Isolation Forest,64.0,237.6,0.669944310737657,High
transport_cost|Isolation Forest|National Freight Partners|2015-10-08 00:00:00|117228,2015-10-08,National Freight Partners,transport_cost,Isolation Forest,64.0,237.69,0.669944310737657,High
transport_cost|Isolation Forest|Regional Express Co.|2017-01-26 00:00:00|43010,2017-01-26,Regional Express Co.,transport_cost,Isolation Forest,64.0,237.73,0.669944310737657,High
transport_cost|Isolation Forest|Regional Express Co.|2016-12-26 00:00:00|145858,2016-12-26,Regional Express Co.,transport_cost,Isolation Forest,64.0,237.7,0.669944310737657,High
transport_cost|Isolation Forest|Regional Express Co.|2015-05-26 00:00:00|70690,2015-05-26,Regional Express Co.,transport_cost,Isolation Forest,64.0,237.59,0.669944310737657,High
transport_cost|Isolation Forest|National Freight Partners|2016-02-03 00:00:00|44441,2016-02-03,National Freight Partners,transport_cost,Isolation Forest,64.0,237.51,0.6690383735156097,High
transport_cost|Isolation Forest|Regional Express Co.|2016-12-27 00:00:00|111486,2016-12-27,Regional Express Co.,transport_cost,Isolation Forest,64.0,237.56,0.6690383735156097,High
transport_cost|Isolation Forest|Regional Express Co.|2016-03-01 00:00:00|176202,2016-03-01,Regional Express Co.,transport_cost,Isolation Forest,64.0,237.56,0.6690383735156097,High
transport_cost|Isolation Forest|Regional Express Co.|2015-12-30 00:00:00|19494,2015-12-30,Regional Express Co.,transport_cost,Isolation Forest,64.0,237.5,0.6690383735156097,High
transport_cost|Isolation Forest|Regional Express Co.|2015-11-03 00:00:00|25295,2015-11-03,Regional Express Co.,transport_cost,Isolation Forest,64.0,237.49,0.6690383735156097,High
transport_cost|Isolation Forest|Regional Express Co.|2015-11-21 00:00:00|39121,2015-11-21,Regional Express Co.,transport_cost,Isolation Forest,64.0,237.54,0.6690383735156097,High
transport_cost|Isolation Forest|Regional Express Co.|2017-05-31 00:00:00|28451,2017-05-31,Regional Express Co.,transport_cost,Isolation Forest,64.0,237.55,0.6690383735156097,High
transport_cost|Isolation Forest|Regional Express Co.|2015-04-24 00:00:00|92933,2015-04-24,Regional Express Co.,transport_cost,Isolation Forest,64.0,237.57,0.6690383735156097,High
transport_cost|Isolation Forest|Regional Express Co.|2015-02-02 00:00:00|97042,2015-02-02,Regional Express Co.,transport_cost,Isolation Forest,64.0,237.43,0.6676817641530286,High
transport_cost|Isolation Forest|Regional Express Co.|2017-01-18 00:00:00|97206,2017-01-18,Regional Express Co.,transport_cost,Isolation Forest,64.0,237.21,0.6676817641530286,High
transport_cost|Isolation Forest|Regional Express Co.|2016-12-17 00:00:00|35761,2016-12-17,Regional Express Co.,transport_cost,Isolation Forest,64.0,237.26,0.6676817641530286,High
transport_cost|Isolation Forest|Regional Express Co.|2017-05-03 00:00:00|106068,2017-05-03,Regional Express Co.,transport_cost,Isolation Forest,64.0,237.29,0.6676817641530286,High
transport_cost|Isolation Forest|Regional Express Co.|2017-06-16 00:00:00|137161,2017-06-16,Regional Express Co.,transport_cost,Isolation Forest,64.0,237.13,0.6676817641530286,High
transport_cost|Isolation Forest|National Freight Partners|2017-01-15 00:00:00|44869,2017-01-15,National Freight Partners,transport_cost,Isolation Forest,64.0,237.25,0.6676817641530286,High
transport_cost|Isolation Forest|National Freight Partners|2017-04-02 00:00:00|117551,2017-04-02,National Freight Partners,transport_cost,Isolation Forest,64.0,237.41,0.6676817641530286,High
transport_cost|Isolation Forest|National Freight Partners|2016-06-29 00:00:00|20111,2016-06-29,National Freight Partners,transport_cost,Isolation Forest,64.0,237.22,0.6676817641530286,High
transport_cost|Isolation Forest|Regional Express Co.|2016-01-20 00:00:00|132373,2016-01-20,Regional Express Co.,transport_cost,Isolation Forest,64.0,237.26,0.6676817641530286,High
transport_cost|Isolation Forest|Regional Express Co.|2016-06-18 00:00:00|152009,2016-06-18,Regional Express Co.,transport_cost,Isolation Forest,64.0,237.46,0.6676817641530286,High
transport_cost|Isolation Forest|Regional Express Co.|2016-09-17 00:00:00|44051,2016-09-17,Regional Express Co.,transport_cost,Isolation Forest,64.0,237.33,0.6676817641530286,High
transport_cost|Isolation Forest|National Freight Partners|2017-02-23 00:00:00|117326,2017-02-23,National Freight Partners,transport_cost,Isolation Forest,64.0,237.42,0.6676817641530286,High
transport_cost|Isolation Forest|Regional Express Co.|2015-08-17 00:00:00|165540,2015-08-17,Regional Express Co.,transport_cost,Isolation Forest,64.0,237.29,0.6676817641530286,High
transport_cost|Isolation Forest|Regional Express Co.|2016-05-31 00:00:00|172694,2016-05-31,Regional Express Co.,transport_cost,Isolation Forest,64.0,237.4,0.6676817641530286,High
transport_cost|Isolation Forest|Regional Express Co.|2016-10-24 00:00:00|168869,2016-10-24,Regional Express Co.,transport_cost,Isolation Forest,64.0,237.34,0.6676817641530286,High
transport_cost|Isolation Forest|Regional Express Co.|2015-04-24 00:00:00|92864,2015-04-24,Regional Express Co.,transport_cost,Isolation Forest,64.0,237.45,0.6676817641530286,High
transport_cost|Isolation Forest|National Freight Partners|2015-06-09 00:00:00|19927,2015-06-09,National Freight Partners,transport_cost,Isolation Forest,64.0,237.37,0.6676817641530286,High
transport_cost|Isolation Forest|Regional Express Co.|2016-05-30 00:00:00|18051,2016-05-30,Regional Express Co.,transport_cost,Isolation Forest,64.0,237.14,0.6676817641530286,High
transport_cost|Isolation Forest|Regional Express Co.|2015-12-30 00:00:00|156429,2015-12-30,Regional Express Co.,transport_cost,Isolation Forest,64.0,237.34,0.6676817641530286,High
transport_cost|Isolation Forest|Regional Express Co.|2017-02-18 00:00:00|68952,2017-02-18,Regional Express Co.,transport_cost,Isolation Forest,64.0,237.28,0.6676817641530286,High
transport_cost|Isolation Forest|Regional Express Co.|2015-12-03 00:00:00|157296,2015-12-03,Regional Express Co.,transport_cost,Isolation Forest,64.0,237.24,0.6676817641530286,High
transport_cost|Isolation Forest|National Freight Partners|2016-01-09 00:00:00|32851,2016-01-09,National Freight Partners,transport_cost,Isolation Forest,64.0,237.35,0.6676817641530286,High
transport_cost|Isolation Forest|Regional Express Co.|2017-07-25 00:00:00|43469,2017-07-25,Regional Express Co.,transport_cost,Isolation Forest,64.0,237.44,0.6676817641530286,High
transport_cost|Isolation Forest|Regional Express Co.|2017-08-28 00:00:00|141161,2017-08-28,Regional Express Co.,transport_cost,Isolation Forest,64.0,237.35,0.6676817641530286,High
transport_cost|Isolation Forest|Regional Express Co.|2017-08-20 00:00:00|71697,2017-08-20,Regional Express Co.,transport_cost,Isolation Forest,64.0,237.47,0.6676817641530286,High
transport_cost|Isolation Forest|Regional Express Co.|2016-08-16 00:00:00|175761,2016-08-16,Regional Express Co.,transport_cost,Isolation Forest,64.0,237.43,0.6676817641530286,High
transport_cost|Isolation Forest|Regional Express Co.|2017-12-03 00:00:00|1353,2017-12-03,Regional Express Co.,transport_cost,Isolation Forest,64.0,237.19,0.6676817641530286,High
transport_cost|Isolation Forest|Regional Express Co.|2016-10-27 00:00:00|92988,2016-10-27,Regional Express Co.,transport_cost,Isolation Forest,64.0,237.11,0.6672301725961404,High
transport_cost|Isolation Forest|Regional Express Co.|2016-09-11 00:00:00|9712,2016-09-11,Regional Express Co.,transport_cost,Isolation Forest,64.0,237.1,0.6672301725961404,High
transport_cost|Isolation Forest|Regional Express Co.|2016-10-20 00:00:00|125046,2016-10-20,Regional Express Co.,transport_cost,Isolation Forest,64.0,237.11,0.6672301725961404,High
transport_cost|Isolation Forest|Regional Express Co.|2016-05-12 00:00:00|101190,2016-05-12,Regional Express Co.,transport_cost,Isolation Forest,64.0,237.08,0.6672301725961404,High
transport_cost|Isolation Forest|Regional Express Co.|2016-10-10 00:00:00|17674,2016-10-10,Regional Express Co.,transport_cost,Isolation Forest,64.0,237.1,0.6672301725961404,High
transport_cost|Isolation Forest|National Freight Partners|2017-07-04 00:00:00|27407,2017-07-04,National Freight Partners,transport_cost,Isolation Forest,64.0,237.08,0.6672301725961404,High
transport_cost|Isolation Forest|Regional Express Co.|2016-04-18 00:00:00|176854,2016-04-18,Regional Express Co.,transport_cost,Isolation Forest,64.0,236.91,0.6667788864765806,High
transport_cost|Isolation Forest|Regional Express Co.|2016-12-01 00:00:00|70375,2016-12-01,Regional Express Co.,transport_cost,Isolation Forest,64.0,236.93,0.6667788864765806,High
transport_cost|Isolation Forest|Regional Express Co.|2016-02-14 00:00:00|15952,2016-02-14,Regional Express Co.,transport_cost,Isolation Forest,64.0,236.94,0.6667788864765806,High
transport_cost|Isolation Forest|Regional Express Co.|2017-08-26 00:00:00|43765,2017-08-26,Regional Express Co.,transport_cost,Isolation Forest,64.0,236.93,0.6667788864765806,High
transport_cost|Isolation Forest|Regional Express Co.|2017-12-30 00:00:00|42474,2017-12-30,Regional Express Co.,transport_cost,Isolation Forest,64.0,236.93,0.6667788864765806,High
transport_cost|Isolation Forest|Regional Express Co.|2017-08-24 00:00:00|77867,2017-08-24,Regional Express Co.,transport_cost,Isolation Forest,64.0,236.92,0.6667788864765806,High
transport_cost|Isolation Forest|Regional Express Co.|2015-05-22 00:00:00|62840,2015-05-22,Regional Express Co.,transport_cost,Isolation Forest,64.0,236.91,0.6667788864765806,High
transport_cost|Isolation Forest|Regional Express Co.|2017-06-04 00:00:00|116667,2017-06-04,Regional Express Co.,transport_cost,Isolation Forest,64.0,236.91,0.6667788864765806,High
transport_cost|Isolation Forest|National Freight Partners|2015-01-07 00:00:00|47938,2015-01-07,National Freight Partners,transport_cost,Isolation Forest,64.0,237.04,0.6663279055877642,High
transport_cost|Isolation Forest|Regional Express Co.|2017-12-17 00:00:00|110434,2017-12-17,Regional Express Co.,transport_cost,Isolation Forest,64.0,236.97,0.6663279055877642,High
transport_cost|Isolation Forest|Regional Express Co.|2015-10-01 00:00:00|70556,2015-10-01,Regional Express Co.,transport_cost,Isolation Forest,64.0,237.03,0.6663279055877642,High
transport_cost|Isolation Forest|Regional Express Co.|2015-11-21 00:00:00|133547,2015-11-21,Regional Express Co.,transport_cost,Isolation Forest,64.0,236.95,0.6663279055877642,High
transport_cost|Isolation Forest|Regional Express Co.|2015-07-21 00:00:00|104292,2015-07-21,Regional Express Co.,transport_cost,Isolation Forest,64.0,237.06,0.6663279055877642,High
transport_cost|Isolation Forest|National Freight Partners|2015-10-05 00:00:00|143136,2015-10-05,National Freight Partners,transport_cost,Isolation Forest,64.0,236.97,0.6663279055877642,High
transport_cost|Isolation Forest|Regional Express Co.|2015-12-17 00:00:00|122230,2015-12-17,Regional Express Co.,transport_cost,Isolation Forest,64.0,236.9,0.6663279055877642,High
transport_cost|Isolation Forest|Regional Express Co.|2015-03-23 00:00:00|70624,2015-03-23,Regional Express Co.,transport_cost,Isolation Forest,64.0,237.04,0.6663279055877642,High
transport_cost|Isolation Forest|Regional Express Co.|2016-06-18 00:00:00|17770,2016-06-18,Regional Express Co.,transport_cost,Isolation Forest,64.0,236.98,0.6663279055877642,High
transport_cost|Isolation Forest|Regional Express Co.|2015-05-05 00:00:00|125103,2015-05-05,Regional Express Co.,transport_cost,Isolation Forest,64.0,236.97,0.6663279055877642,High
transport_cost|Isolation Forest|Regional Express Co.|2016-04-03 00:00:00|19536,2016-04-03,Regional Express Co.,transport_cost,Isolation Forest,64.0,237.02,0.6663279055877642,High
transport_cost|Isolation Forest|Regional Express Co.|2015-08-31 00:00:00|59122,2015-08-31,Regional Express Co.,transport_cost,Isolation Forest,64.0,236.95,0.6663279055877642,High
transport_cost|Isolation Forest|Regional Express Co.|2015-04-17 00:00:00|43883,2015-04-17,Regional Express Co.,transport_cost,Isolation Forest,64.0,237.03,0.6663279055877642,High
transport_cost|Isolation Forest|Regional Express Co.|2016-10-27 00:00:00|9689,2016-10-27,Regional Express Co.,transport_cost,Isolation Forest,64.0,236.88,0.6658772297232464,High
transport_cost|Isolation Forest|Regional Express Co.|2016-11-11 00:00:00|28946,2016-11-11,Regional Express Co.,transport_cost,Isolation Forest,64.0,236.61,0.6658772297232464,High
transport_cost|Isolation Forest|Regional Express Co.|2017-03-18 00:00:00|96811,2017-03-18,Regional Express Co.,transport_cost,Isolation Forest,64.0,236.8,0.6658772297232464,High
transport_cost|Isolation Forest|Regional Express Co.|2015-10-30 00:00:00|116493,2015-10-30,Regional Express Co.,transport_cost,Isolation Forest,64.0,236.7,0.6658772297232464,High
transport_cost|Isolation Forest|Regional Express Co.|2017-04-23 00:00:00|116417,2017-04-23,Regional Express Co.,transport_cost,Isolation Forest,64.0,236.66,0.6658772297232464,High
transport_cost|Isolation Forest|National Freight Partners|2016-12-16 00:00:00|44417,2016-12-16,National Freight Partners,transport_cost,Isolation Forest,64.0,236.87,0.6658772297232464,High
transport_cost|Isolation Forest|Regional Express Co.|2015-08-21 00:00:00|26527,2015-08-21,Regional Express Co.,transport_cost,Isolation Forest,64.0,236.83,0.6658772297232464,High
transport_cost|Isolation Forest|Regional Express Co.|2017-09-06 00:00:00|96334,2017-09-06,Regional Express Co.,transport_cost,Isolation Forest,64.0,236.82,0.6658772297232464,High
transport_cost|Isolation Forest|Regional Express Co.|2015-02-11 00:00:00|156750,2015-02-11,Regional Express Co.,transport_cost,Isolation Forest,64.0,236.7,0.6658772297232464,High
transport_cost|Isolation Forest|Regional Express Co.|2015-07-01 00:00:00|144926,2015-07-01,Regional Express Co.,transport_cost,Isolation Forest,64.0,236.13,0.6658772297232464,High
transport_cost|Isolation Forest|Regional Express Co.|2017-02-26 00:00:00|107368,2017-02-26,Regional Express Co.,transport_cost,Isolation Forest,64.0,236.66,0.6658772297232464,High
transport_cost|Isolation Forest|Regional Express Co.|2015-02-01 00:00:00|172747,2015-02-01,Regional Express Co.,transport_cost,Isolation Forest,64.0,236.36,0.6658772297232464,High
transport_cost|Isolation Forest|Regional Express Co.|2015-01-20 00:00:00|70582,2015-01-20,Regional Express Co.,transport_cost,Isolation Forest,64.0,236.38,0.6658772297232464,High
transport_cost|Isolation Forest|Regional Express Co.|2016-11-11 00:00:00|150724,2016-11-11,Regional Express Co.,transport_cost,Isolation Forest,64.0,236.7,0.6658772297232464,High
transport_cost|Isolation Forest|Regional Express Co.|2017-02-01 00:00:00|70606,2017-02-01,Regional Express Co.,transport_cost,Isolation Forest,64.0,236.84,0.6658772297232464,High
transport_cost|Isolation Forest|Regional Express Co.|2016-02-07 00:00:00|69173,2016-02-07,Regional Express Co.,transport_cost,Isolation Forest,64.0,236.83,0.6658772297232464,High
transport_cost|Isolation Forest|Regional Express Co.|2015-12-24 00:00:00|69092,2015-12-24,Regional Express Co.,transport_cost,Isolation Forest,64.0,236.78,0.6658772297232464,High
transport_cost|Isolation Forest|Regional Express Co.|2016-02-16 00:00:00|70785,2016-02-16,Regional Express Co.,transport_cost,Isolation Forest,64.0,236.7,0.6658772297232464,High
transport_cost|Isolation Forest|Regional Express Co.|2016-09-13 00:00:00|18957,2016-09-13,Regional Express Co.,transport_cost,Isolation Forest,64.0,236.72,0.6658772297232464,High
transport_cost|Isolation Forest|Regional Express Co.|2016-12-18 00:00:00|71303,2016-12-18,Regional Express Co.,transport_cost,Isolation Forest,64.0,236.37,0.6658772297232464,High
transport_cost|Isolation Forest|Regional Express Co.|2016-10-03 00:00:00|147298,2016-10-03,Regional Express Co.,transport_cost,Isolation Forest,64.0,236.82,0.6658772297232464,High
transport_cost|Isolation Forest|Regional Express Co.|2016-03-31 00:00:00|43368,2016-03-31,Regional Express Co.,transport_cost,Isolation Forest,64.0,236.14,0.6658772297232464,High
transport_cost|Isolation Forest|National Freight Partners|2015-04-09 00:00:00|178910,2015-04-09,National Freight Partners,transport_cost,Isolation Forest,64.0,236.82,0.6658772297232464,High
transport_cost|Isolation Forest|Regional Express Co.|2017-07-03 00:00:00|136832,2017-07-03,Regional Express Co.,transport_cost,Isolation Forest,64.0,236.66,0.6658772297232464,High
transport_cost|Isolation Forest|Regional Express Co.|2015-03-27 00:00:00|168474,2015-03-27,Regional Express Co.,transport_cost,Isolation Forest,64.0,236.83,0.6658772297232464,High
transport_cost|Isolation Forest|Regional Express Co.|2017-02-04 00:00:00|125102,2017-02-04,Regional Express Co.,transport_cost,Isolation Forest,64.0,236.7,0.6658772297232464,High
transport_cost|Isolation Forest|Regional Express Co.|2015-07-07 00:00:00|176495,2015-07-07,Regional Express Co.,transport_cost,Isolation Forest,64.0,236.68,0.6658772297232464,High
transport_cost|Isolation Forest|Regional Express Co.|2016-03-28 00:00:00|165418,2016-03-28,Regional Express Co.,transport_cost,Isolation Forest,64.0,236.6,0.6658772297232464,High
transport_cost|Isolation Forest|Regional Express Co.|2016-01-24 00:00:00|81224,2016-01-24,Regional Express Co.,transport_cost,Isolation Forest,64.0,236.85,0.6658772297232464,High
transport_cost|Isolation Forest|National Freight Partners|2015-08-15 00:00:00|44117,2015-08-15,National Freight Partners,transport_cost,Isolation Forest,64.0,236.66,0.6658772297232464,High
transport_cost|Isolation Forest|Regional Express Co.|2016-06-07 00:00:00|79181,2016-06-07,Regional Express Co.,transport_cost,Isolation Forest,64.0,236.87,0.6658772297232464,High
transport_cost|Isolation Forest|Regional Express Co.|2016-01-31 00:00:00|132159,2016-01-31,Regional Express Co.,transport_cost,Isolation Forest,64.0,236.61,0.6658772297232464,High
transport_cost|Isolation Forest|Regional Express Co.|2015-07-13 00:00:00|116382,2015-07-13,Regional Express Co.,transport_cost,Isolation Forest,64.0,236.63,0.6658772297232464,High
transport_cost|Isolation Forest|Regional Express Co.|2016-11-01 00:00:00|43717,2016-11-01,Regional Express Co.,transport_cost,Isolation Forest,64.0,236.74,0.6658772297232464,High
transport_cost|Isolation Forest|Regional Express Co.|2016-09-14 00:00:00|74740,2016-09-14,Regional Express Co.,transport_cost,Isolation Forest,64.0,236.87,0.6658772297232464,High
transport_cost|Isolation Forest|Regional Express Co.|2017-12-15 00:00:00|19013,2017-12-15,Regional Express Co.,transport_cost,Isolation Forest,64.0,236.38,0.6658772297232464,High
transport_cost|Isolation Forest|Regional Express Co.|2018-01-20 00:00:00|110353,2018-01-20,Regional Express Co.,transport_cost,Isolation Forest,64.0,236.23,0.6654268586767216,High
transport_cost|Isolation Forest|Regional Express Co.|2017-09-27 00:00:00|115042,2017-09-27,Regional Express Co.,transport_cost,Isolation Forest,64.0,236.48,0.6654268586767216,High
transport_cost|Isolation Forest|Regional Express Co.|2016-03-03 00:00:00|179675,2016-03-03,Regional Express Co.,transport_cost,Isolation Forest,64.0,236.2,0.6654268586767216,High
transport_cost|Isolation Forest|Regional Express Co.|2016-10-30 00:00:00|112609,2016-10-30,Regional Express Co.,transport_cost,Isolation Forest,64.0,236.43,0.6654268586767216,High
transport_cost|Isolation Forest|Regional Express Co.|2015-10-22 00:00:00|102889,2015-10-22,Regional Express Co.,transport_cost,Isolation Forest,64.0,236.22,0.6654268586767216,High
transport_cost|Isolation Forest|National Freight Partners|2016-10-30 00:00:00|112618,2016-10-30,National Freight Partners,transport_cost,Isolation Forest,64.0,236.43,0.6654268586767216,High
transport_cost|Isolation Forest|Regional Express Co.|2015-04-26 00:00:00|42236,2015-04-26,Regional Express Co.,transport_cost,Isolation Forest,64.0,236.53,0.6654268586767216,High
transport_cost|Isolation Forest|Regional Express Co.|2015-11-22 00:00:00|17685,2015-11-22,Regional Express Co.,transport_cost,Isolation Forest,64.0,236.34,0.6654268586767216,High
transport_cost|Isolation Forest|Regional Express Co.|2017-08-13 00:00:00|157167,2017-08-13,Regional Express Co.,transport_cost,Isolation Forest,64.0,236.45,0.6654268586767216,High
transport_cost|Isolation Forest|Regional Express Co.|2015-04-29 00:00:00|62101,2015-04-29,Regional Express Co.,transport_cost,Isolation Forest,64.0,236.28,0.6654268586767216,High
transport_cost|Isolation Forest|Regional Express Co.|2017-02-04 00:00:00|56578,2017-02-04,Regional Express Co.,transport_cost,Isolation Forest,64.0,236.22,0.6654268586767216,High
transport_cost|Isolation Forest|Regional Express Co.|2015-07-05 00:00:00|122374,2015-07-05,Regional Express Co.,transport_cost,Isolation Forest,64.0,236.47,0.6654268586767216,High
transport_cost|Isolation Forest|Regional Express Co.|2016-09-23 00:00:00|19484,2016-09-23,Regional Express Co.,transport_cost,Isolation Forest,64.0,236.5,0.6654268586767216,High
transport_cost|Isolation Forest|Regional Express Co.|2015-07-21 00:00:00|18707,2015-07-21,Regional Express Co.,transport_cost,Isolation Forest,64.0,236.56,0.6654268586767216,High
transport_cost|Isolation Forest|Regional Express Co.|2016-10-16 00:00:00|70374,2016-10-16,Regional Express Co.,transport_cost,Isolation Forest,64.0,236.5,0.6654268586767216,High
transport_cost|Isolation Forest|National Freight Partners|2017-12-17 00:00:00|44464,2017-12-17,National Freight Partners,transport_cost,Isolation Forest,64.0,236.25,0.6654268586767216,High
transport_cost|Isolation Forest|Regional Express Co.|2017-07-19 00:00:00|44113,2017-07-19,Regional Express Co.,transport_cost,Isolation Forest,64.0,236.29,0.6654268586767216,High
transport_cost|Isolation Forest|Regional Express Co.|2017-02-19 00:00:00|71236,2017-02-19,Regional Express Co.,transport_cost,Isolation Forest,64.0,236.19,0.6654268586767216,High
transport_cost|Isolation Forest|Regional Express Co.|2016-09-24 00:00:00|17530,2016-09-24,Regional Express Co.,transport_cost,Isolation Forest,64.0,236.44,0.6654268586767216,High
transport_cost|Isolation Forest|Regional Express Co.|2017-11-08 00:00:00|175346,2017-11-08,Regional Express Co.,transport_cost,Isolation Forest,64.0,236.28,0.6654268586767216,High
transport_cost|Isolation Forest|National Freight Partners|2015-06-11 00:00:00|61428,2015-06-11,National Freight Partners,transport_cost,Isolation Forest,64.0,236.26,0.6654268586767216,High
transport_cost|Isolation Forest|Regional Express Co.|2016-09-29 00:00:00|42532,2016-09-29,Regional Express Co.,transport_cost,Isolation Forest,64.0,236.23,0.6654268586767216,High
transport_cost|Isolation Forest|Regional Express Co.|2017-07-02 00:00:00|157140,2017-07-02,Regional Express Co.,transport_cost,Isolation Forest,64.0,236.23,0.6654268586767216,High
transport_cost|Isolation Forest|Regional Express Co.|2015-05-18 00:00:00|176132,2015-05-18,Regional Express Co.,transport_cost,Isolation Forest,64.0,236.19,0.6654268586767216,High
transport_cost|Isolation Forest|National Freight Partners|2016-12-17 00:00:00|73305,2016-12-17,National Freight Partners,transport_cost,Isolation Forest,64.0,236.19,0.6654268586767216,High
transport_cost|Isolation Forest|Regional Express Co.|2017-03-02 00:00:00|156753,2017-03-02,Regional Express Co.,transport_cost,Isolation Forest,64.0,236.42,0.6654268586767216,High
transport_cost|Isolation Forest|Regional Express Co.|2016-06-11 00:00:00|79124,2016-06-11,Regional Express Co.,transport_cost,Isolation Forest,64.0,236.24,0.6654268586767216,High
transport_cost|Isolation Forest|National Freight Partners|2015-01-18 00:00:00|150902,2015-01-18,National Freight Partners,transport_cost,Isolation Forest,64.0,236.43,0.6654268586767216,High
transport_cost|Isolation Forest|Regional Express Co.|2016-05-26 00:00:00|15974,2016-05-26,Regional Express Co.,transport_cost,Isolation Forest,64.0,236.19,0.6654268586767216,High
transport_cost|Isolation Forest|Regional Express Co.|2016-05-20 00:00:00|71437,2016-05-20,Regional Express Co.,transport_cost,Isolation Forest,64.0,235.88,0.6651087919508516,High
transport_cost|Isolation Forest|Regional Express Co.|2015-09-24 00:00:00|165272,2015-09-24,Regional Express Co.,transport_cost,Isolation Forest,64.0,235.9,0.6651087919508516,High
transport_cost|Isolation Forest|Regional Express Co.|2015-02-23 00:00:00|69064,2015-02-23,Regional Express Co.,transport_cost,Isolation Forest,64.0,235.92,0.6651087919508516,High
transport_cost|Isolation Forest|Regional Express Co.|2015-12-03 00:00:00|4074,2015-12-03,Regional Express Co.,transport_cost,Isolation Forest,64.0,235.88,0.6651087919508516,High
transport_cost|Isolation Forest|Regional Express Co.|2015-08-12 00:00:00|28664,2015-08-12,Regional Express Co.,transport_cost,Isolation Forest,64.0,235.88,0.6651087919508516,High
transport_cost|Isolation Forest|Regional Express Co.|2015-04-10 00:00:00|169015,2015-04-10,Regional Express Co.,transport_cost,Isolation Forest,64.0,235.91,0.6651087919508516,High
transport_cost|Isolation Forest|National Freight Partners|2017-10-31 00:00:00|44082,2017-10-31,National Freight Partners,transport_cost,Isolation Forest,64.0,235.84,0.6651087919508516,High
transport_cost|Isolation Forest|National Freight Partners|2015-08-29 00:00:00|122185,2015-08-29,National Freight Partners,transport_cost,Isolation Forest,64.0,235.83,0.6651087919508516,High
transport_cost|Isolation Forest|Regional Express Co.|2017-05-28 00:00:00|42275,2017-05-28,Regional Express Co.,transport_cost,Isolation Forest,64.0,236.07,0.6646589406429637,High
transport_cost|Isolation Forest|Regional Express Co.|2016-11-24 00:00:00|109717,2016-11-24,Regional Express Co.,transport_cost,Isolation Forest,64.0,236.04,0.6646589406429637,High
transport_cost|Isolation Forest|Regional Express Co.|2015-05-19 00:00:00|28474,2015-05-19,Regional Express Co.,transport_cost,Isolation Forest,64.0,236.09,0.6646589406429637,High
transport_cost|Isolation Forest|Regional Express Co.|2015-08-23 00:00:00|103781,2015-08-23,Regional Express Co.,transport_cost,Isolation Forest,64.0,236.07,0.6646589406429637,High
transport_cost|Isolation Forest|Regional Express Co.|2016-12-07 00:00:00|42830,2016-12-07,Regional Express Co.,transport_cost,Isolation Forest,64.0,236.07,0.6646589406429637,High
transport_cost|Isolation Forest|Regional Express Co.|2015-07-12 00:00:00|104424,2015-07-12,Regional Express Co.,transport_cost,Isolation Forest,64.0,235.94,0.6646589406429637,High
transport_cost|Isolation Forest|Regional Express Co.|2017-05-06 00:00:00|116430,2017-05-06,Regional Express Co.,transport_cost,Isolation Forest,64.0,236.08,0.6646589406429637,High
transport_cost|Isolation Forest|Regional Express Co.|2015-10-09 00:00:00|116396,2015-10-09,Regional Express Co.,transport_cost,Isolation Forest,64.0,236.01,0.6646589406429637,High
transport_cost|Isolation Forest|National Freight Partners|2017-01-07 00:00:00|19931,2017-01-07,National Freight Partners,transport_cost,Isolation Forest,64.0,236.08,0.6646589406429637,High
transport_cost|Isolation Forest|Regional Express Co.|2015-04-26 00:00:00|62155,2015-04-26,Regional Express Co.,transport_cost,Isolation Forest,64.0,236.07,0.6646589406429637,High
transport_cost|Isolation Forest|Regional Express Co.|2015-01-31 00:00:00|175564,2015-01-31,Regional Express Co.,transport_cost,Isolation Forest,64.0,236.01,0.6646589406429637,High
transport_cost|Isolation Forest|National Freight Partners|2016-07-23 00:00:00|18004,2016-07-23,National Freight Partners,transport_cost,Isolation Forest,64.0,235.96,0.6646589406429637,High
transport_cost|Isolation Forest|Regional Express Co.|2015-08-30 00:00:00|18709,2015-08-30,Regional Express Co.,transport_cost,Isolation Forest,64.0,236.06,0.6646589406429637,High
transport_cost|Isolation Forest|Regional Express Co.|2015-09-22 00:00:00|3925,2015-09-22,Regional Express Co.,transport_cost,Isolation Forest,64.0,236.04,0.6646589406429637,High
transport_cost|Isolation Forest|Regional Express Co.|2016-07-30 00:00:00|68852,2016-07-30,Regional Express Co.,transport_cost,Isolation Forest,64.0,236.09,0.6646589406429637,High
transport_cost|Isolation Forest|Regional Express Co.|2015-10-02 00:00:00|175920,2015-10-02,Regional Express Co.,transport_cost,Isolation Forest,64.0,235.97,0.6646589406429637,High
transport_cost|Isolation Forest|Regional Express Co.|2016-10-18 00:00:00|74224,2016-10-18,Regional Express Co.,transport_cost,Isolation Forest,64.0,236.04,0.6646589406429637,High
transport_cost|Isolation Forest|Regional Express Co.|2017-09-01 00:00:00|16025,2017-09-01,Regional Express Co.,transport_cost,Isolation Forest,64.0,236.05,0.6646589406429637,High
transport_cost|Isolation Forest|Regional Express Co.|2016-01-16 00:00:00|96819,2016-01-16,Regional Express Co.,transport_cost,Isolation Forest,64.0,236.11,0.6646589406429637,High
transport_cost|Isolation Forest|Regional Express Co.|2017-09-20 00:00:00|176085,2017-09-20,Regional Express Co.,transport_cost,Isolation Forest,64.0,235.81,0.6642093935953738,High
transport_cost|Isolation Forest|Regional Express Co.|2016-07-16 00:00:00|44749,2016-07-16,Regional Express Co.,transport_cost,Isolation Forest,64.0,235.75,0.6642093935953738,High
transport_cost|Isolation Forest|Regional Express Co.|2016-03-02 00:00:00|43632,2016-03-02,Regional Express Co.,transport_cost,Isolation Forest,64.0,235.71,0.6642093935953738,High
transport_cost|Isolation Forest|Regional Express Co.|2016-07-24 00:00:00|157113,2016-07-24,Regional Express Co.,transport_cost,Isolation Forest,64.0,235.76,0.6642093935953738,High
transport_cost|Isolation Forest|Regional Express Co.|2016-08-09 00:00:00|43663,2016-08-09,Regional Express Co.,transport_cost,Isolation Forest,64.0,235.73,0.6642093935953738,High
transport_cost|Isolation Forest|Regional Express Co.|2016-03-18 00:00:00|153585,2016-03-18,Regional Express Co.,transport_cost,Isolation Forest,64.0,235.81,0.6642093935953738,High
transport_cost|Isolation Forest|Regional Express Co.|2016-12-22 00:00:00|145914,2016-12-22,Regional Express Co.,transport_cost,Isolation Forest,64.0,235.78,0.6642093935953738,High
transport_cost|Isolation Forest|Regional Express Co.|2017-05-04 00:00:00|17907,2017-05-04,Regional Express Co.,transport_cost,Isolation Forest,64.0,235.71,0.6642093935953738,High
transport_cost|Isolation Forest|Regional Express Co.|2015-04-14 00:00:00|19813,2015-04-14,Regional Express Co.,transport_cost,Isolation Forest,64.0,235.77,0.6642093935953738,High
transport_cost|Isolation Forest|Regional Express Co.|2017-10-13 00:00:00|27382,2017-10-13,Regional Express Co.,transport_cost,Isolation Forest,64.0,235.71,0.6642093935953738,High
transport_cost|Isolation Forest|Regional Express Co.|2016-02-29 00:00:00|20085,2016-02-29,Regional Express Co.,transport_cost,Isolation Forest,64.0,235.79,0.6642093935953738,High
transport_cost|Isolation Forest|Regional Express Co.|2017-06-26 00:00:00|136974,2017-06-26,Regional Express Co.,transport_cost,Isolation Forest,64.0,235.8,0.6642093935953738,High
transport_cost|Isolation Forest|Regional Express Co.|2015-11-18 00:00:00|26801,2015-11-18,Regional Express Co.,transport_cost,Isolation Forest,64.0,235.8,0.6642093935953738,High
transport_cost|Isolation Forest|Regional Express Co.|2016-02-05 00:00:00|62773,2016-02-05,Regional Express Co.,transport_cost,Isolation Forest,64.0,235.75,0.6642093935953738,High
transport_cost|Isolation Forest|Regional Express Co.|2017-04-21 00:00:00|106315,2017-04-21,Regional Express Co.,transport_cost,Isolation Forest,64.0,235.66,0.6628625759572001,High
transport_cost|Isolation Forest|Regional Express Co.|2017-09-20 00:00:00|28865,2017-09-20,Regional Express Co.,transport_cost,Isolation Forest,64.0,235.67,0.6628625759572001,High
transport_cost|Isolation Forest|Regional Express Co.|2015-04-12 00:00:00|25940,2015-04-12,Regional Express Co.,transport_cost,Isolation Forest,64.0,235.67,0.6628625759572001,High
transport_cost|Isolation Forest|Regional Express Co.|2016-07-17 00:00:00|99976,2016-07-17,Regional Express Co.,transport_cost,Isolation Forest,64.0,235.64,0.6628625759572001,High
transport_cost|Isolation Forest|Regional Express Co.|2015-12-26 00:00:00|101850,2015-12-26,Regional Express Co.,transport_cost,Isolation Forest,64.0,235.69,0.6628625759572001,High
transport_cost|Isolation Forest|Regional Express Co.|2017-02-09 00:00:00|50940,2017-02-09,Regional Express Co.,transport_cost,Isolation Forest,64.0,235.69,0.6628625759572001,High
transport_cost|Isolation Forest|Regional Express Co.|2016-06-28 00:00:00|176429,2016-06-28,Regional Express Co.,transport_cost,Isolation Forest,64.0,235.61,0.6628625759572001,High
transport_cost|Isolation Forest|Regional Express Co.|2015-03-22 00:00:00|43038,2015-03-22,Regional Express Co.,transport_cost,Isolation Forest,64.0,235.69,0.6628625759572001,High
transport_cost|Isolation Forest|National Freight Partners|2015-10-27 00:00:00|20089,2015-10-27,National Freight Partners,transport_cost,Isolation Forest,64.0,235.62,0.6628625759572001,High
transport_cost|Isolation Forest|Regional Express Co.|2016-01-08 00:00:00|17696,2016-01-08,Regional Express Co.,transport_cost,Isolation Forest,64.0,235.66,0.6628625759572001,High
transport_cost|Isolation Forest|Regional Express Co.|2017-09-24 00:00:00|77287,2017-09-24,Regional Express Co.,transport_cost,Isolation Forest,64.0,235.61,0.6628625759572001,High
transport_cost|Isolation Forest|Regional Express Co.|2017-10-03 00:00:00|168431,2017-10-03,Regional Express Co.,transport_cost,Isolation Forest,64.0,235.63,0.6628625759572001,High
transport_cost|Isolation Forest|Regional Express Co.|2015-05-18 00:00:00|168678,2015-05-18,Regional Express Co.,transport_cost,Isolation Forest,64.0,235.67,0.6628625759572001,High
transport_cost|Isolation Forest|National Freight Partners|2016-09-16 00:00:00|44874,2016-09-16,National Freight Partners,transport_cost,Isolation Forest,64.0,235.63,0.6628625759572001,High
